StartDateTime,AverageLoad
01/01/2025 00:00,12049.3
01/01/2025 01:00,11957.4
01/01/2025 02:00,11636.1
01/01/2025 03:00,11310.4
01/01/2025 04:00,11135.2
01/01/2025 05:00,11185.8
01/01/2025 06:00,11385.3
01/01/2025 07:00,11695.4
01/01/2025 08:00,12041.5
01/01/2025 09:00,12485.6
01/01/2025 10:00,13081.6
01/01/2025 11:00,13583.9
01/01/2025 12:00,13908.0
01/01/2025 13:00,14140.5
01/01/2025 14:00,14334.3
01/01/2025 15:00,14329.6
01/01/2025 16:00,14769.1
01/01/2025 17:00,15194.1
01/01/2025 18:00,14983.9
01/01/2025 19:00,14567.4
01/01/2025 20:00,14376.2
01/01/2025 21:00,13956.6
01/01/2025 22:00,13306.9
01/01/2025 23:00,12732.3
02/01/2025 00:00,12019.5
02/01/2025 01:00,11409.0
02/01/2025 02:00,11059.6
02/01/2025 03:00,10923.7
02/01/2025 04:00,11052.0
02/01/2025 05:00,11420.4
02/01/2025 06:00,12423.4
02/01/2025 07:00,13803.2
02/01/2025 08:00,15206.2
02/01/2025 09:00,15655.6
02/01/2025 10:00,15170.0
02/01/2025 11:00,14881.4
02/01/2025 12:00,14722.4
02/01/2025 13:00,14917.2
02/01/2025 14:00,15175.8
02/01/2025 15:00,15787.3
02/01/2025 16:00,16721.7
02/01/2025 17:00,17781.8
02/01/2025 18:00,17321.8
02/01/2025 19:00,16638.5
02/01/2025 20:00,15891.6
02/01/2025 21:00,15125.4
02/01/2025 22:00,14269.7
02/01/2025 23:00,13282.0
03/01/2025 00:00,12681.4
03/01/2025 01:00,12356.8
03/01/2025 02:00,12000.8
03/01/2025 03:00,11849.9
03/01/2025 04:00,12077.0
03/01/2025 05:00,12349.1
03/01/2025 06:00,13426.4
03/01/2025 07:00,14752.7
03/01/2025 08:00,16046.6
03/01/2025 09:00,16379.7
03/01/2025 10:00,16239.5
03/01/2025 11:00,16146.2
03/01/2025 12:00,16288.3
03/01/2025 13:00,16370.4
03/01/2025 14:00,16377.5
03/01/2025 15:00,16594.3
03/01/2025 16:00,17342.9
03/01/2025 17:00,18047.5
03/01/2025 18:00,17406.7
03/01/2025 19:00,16667.9
03/01/2025 20:00,16019.8
03/01/2025 21:00,15090.2
03/01/2025 22:00,14320.9
03/01/2025 23:00,13539.7
04/01/2025 00:00,12856.4
04/01/2025 01:00,12276.3
04/01/2025 02:00,11944.0
04/01/2025 03:00,11785.3
04/01/2025 04:00,11736.6
04/01/2025 05:00,11768.9
04/01/2025 06:00,12196.9
04/01/2025 07:00,12954.0
04/01/2025 08:00,13858.4
04/01/2025 09:00,14667.9
04/01/2025 10:00,14961.1
04/01/2025 11:00,15068.8
04/01/2025 12:00,15006.9
04/01/2025 13:00,14850.4
04/01/2025 14:00,14670.9
04/01/2025 15:00,14885.3
04/01/2025 16:00,15740.4
04/01/2025 17:00,16682.4
04/01/2025 18:00,16371.0
04/01/2025 19:00,15715.8
04/01/2025 20:00,15054.5
04/01/2025 21:00,14429.6
04/01/2025 22:00,13798.6
04/01/2025 23:00,13114.5
05/01/2025 00:00,12669.4
05/01/2025 01:00,12068.3
05/01/2025 02:00,11676.7
05/01/2025 03:00,11572.2
05/01/2025 04:00,11564.8
05/01/2025 05:00,11647.0
05/01/2025 06:00,12061.3
05/01/2025 07:00,12731.7
05/01/2025 08:00,13546.5
05/01/2025 09:00,14414.0
05/01/2025 10:00,15070.0
05/01/2025 11:00,15698.3
05/01/2025 12:00,16123.2
05/01/2025 13:00,16227.6
05/01/2025 14:00,16090.2
05/01/2025 15:00,15964.6
05/01/2025 16:00,15999.0
05/01/2025 17:00,16682.4
05/01/2025 18:00,16286.4
05/01/2025 19:00,15658.2
05/01/2025 20:00,15053.1
05/01/2025 21:00,14438.6
05/01/2025 22:00,13706.0
05/01/2025 23:00,12884.7
06/01/2025 00:00,12518.4
06/01/2025 01:00,12050.7
06/01/2025 02:00,11788.6
06/01/2025 03:00,11679.2
06/01/2025 04:00,11728.4
06/01/2025 05:00,12188.3
06/01/2025 06:00,13484.9
06/01/2025 07:00,15383.8
06/01/2025 08:00,16848.9
06/01/2025 09:00,17385.3
06/01/2025 10:00,17390.7
06/01/2025 11:00,17085.9
06/01/2025 12:00,17041.0
06/01/2025 13:00,17332.8
06/01/2025 14:00,17255.2
06/01/2025 15:00,17418.5
06/01/2025 16:00,17897.4
06/01/2025 17:00,18624.1
06/01/2025 18:00,17970.4
06/01/2025 19:00,17274.1
06/01/2025 20:00,16479.8
06/01/2025 21:00,15629.1
06/01/2025 22:00,14775.2
06/01/2025 23:00,13869.9
07/01/2025 00:00,13372.5
07/01/2025 01:00,12844.0
07/01/2025 02:00,12561.5
07/01/2025 03:00,12441.4
07/01/2025 04:00,12610.6
07/01/2025 05:00,12966.3
07/01/2025 06:00,14127.1
07/01/2025 07:00,16003.8
07/01/2025 08:00,17412.0
07/01/2025 09:00,17750.5
07/01/2025 10:00,17641.2
07/01/2025 11:00,17091.6
07/01/2025 12:00,16598.7
07/01/2025 13:00,16562.5
07/01/2025 14:00,16750.4
07/01/2025 15:00,17316.1
07/01/2025 16:00,18239.6
07/01/2025 17:00,19026.2
07/01/2025 18:00,18340.6
07/01/2025 19:00,17575.1
07/01/2025 20:00,16821.8
07/01/2025 21:00,15981.9
07/01/2025 22:00,15033.9
07/01/2025 23:00,14033.6
08/01/2025 00:00,13403.8
08/01/2025 01:00,13079.7
08/01/2025 02:00,12768.8
08/01/2025 03:00,12661.7
08/01/2025 04:00,12569.5
08/01/2025 05:00,12878.2
08/01/2025 06:00,14239.5
08/01/2025 07:00,16192.8
08/01/2025 08:00,17586.8
08/01/2025 09:00,17874.6
08/01/2025 10:00,17195.3
08/01/2025 11:00,16700.6
08/01/2025 12:00,16462.4
08/01/2025 13:00,16566.5
08/01/2025 14:00,16736.0
08/01/2025 15:00,17251.8
08/01/2025 16:00,18199.2
08/01/2025 17:00,18438.6
08/01/2025 18:00,18254.1
08/01/2025 19:00,17487.5
08/01/2025 20:00,16748.9
08/01/2025 21:00,15894.5
08/01/2025 22:00,14876.0
08/01/2025 23:00,13907.8
09/01/2025 00:00,13025.8
09/01/2025 01:00,12547.9
09/01/2025 02:00,12345.5
09/01/2025 03:00,12321.7
09/01/2025 04:00,12365.2
09/01/2025 05:00,12635.3
09/01/2025 06:00,13931.6
09/01/2025 07:00,16026.6
09/01/2025 08:00,17377.0
09/01/2025 09:00,18117.7
09/01/2025 10:00,18213.3
09/01/2025 11:00,17728.5
09/01/2025 12:00,17014.3
09/01/2025 13:00,16676.8
09/01/2025 14:00,16487.1
09/01/2025 15:00,16967.0
09/01/2025 16:00,17918.9
09/01/2025 17:00,18945.9
09/01/2025 18:00,18408.7
09/01/2025 19:00,17832.5
09/01/2025 20:00,17080.0
09/01/2025 21:00,16252.7
09/01/2025 22:00,15261.3
09/01/2025 23:00,14376.7
10/01/2025 00:00,13577.2
10/01/2025 01:00,13070.1
10/01/2025 02:00,12832.3
10/01/2025 03:00,12713.7
10/01/2025 04:00,12763.3
10/01/2025 05:00,13050.5
10/01/2025 06:00,14373.5
10/01/2025 07:00,16264.9
10/01/2025 08:00,17782.0
10/01/2025 09:00,18049.8
10/01/2025 10:00,17384.6
10/01/2025 11:00,16761.4
10/01/2025 12:00,16430.7
10/01/2025 13:00,16355.7
10/01/2025 14:00,16405.8
10/01/2025 15:00,16863.5
10/01/2025 16:00,17659.8
10/01/2025 17:00,18606.7
10/01/2025 18:00,18026.4
10/01/2025 19:00,17140.8
10/01/2025 20:00,16334.0
10/01/2025 21:00,15600.4
10/01/2025 22:00,14770.5
10/01/2025 23:00,13965.0
11/01/2025 00:00,13298.3
11/01/2025 01:00,12908.0
11/01/2025 02:00,12658.8
11/01/2025 03:00,12391.0
11/01/2025 04:00,12333.1
11/01/2025 05:00,12385.2
11/01/2025 06:00,12855.0
11/01/2025 07:00,13800.0
11/01/2025 08:00,14753.3
11/01/2025 09:00,15242.2
11/01/2025 10:00,15179.2
11/01/2025 11:00,14920.6
11/01/2025 12:00,14700.0
11/01/2025 13:00,14573.3
11/01/2025 14:00,14700.9
11/01/2025 15:00,15036.8
11/01/2025 16:00,15939.5
11/01/2025 17:00,17137.5
11/01/2025 18:00,16784.6
11/01/2025 19:00,16035.6
11/01/2025 20:00,15398.7
11/01/2025 21:00,14699.5
11/01/2025 22:00,14035.8
11/01/2025 23:00,13351.6
12/01/2025 00:00,12667.0
12/01/2025 01:00,12228.6
12/01/2025 02:00,12001.7
12/01/2025 03:00,11866.2
12/01/2025 04:00,11819.2
12/01/2025 05:00,11848.1
12/01/2025 06:00,12062.8
12/01/2025 07:00,12538.1
12/01/2025 08:00,13401.4
12/01/2025 09:00,13973.5
12/01/2025 10:00,14145.4
12/01/2025 11:00,14088.3
12/01/2025 12:00,14071.2
12/01/2025 13:00,13981.2
12/01/2025 14:00,13863.9
12/01/2025 15:00,14188.8
12/01/2025 16:00,15000.6
12/01/2025 17:00,16271.1
12/01/2025 18:00,16200.0
12/01/2025 19:00,15879.4
12/01/2025 20:00,15172.6
12/01/2025 21:00,14519.8
12/01/2025 22:00,13804.2
12/01/2025 23:00,13023.4
13/01/2025 00:00,12501.1
13/01/2025 01:00,12093.4
13/01/2025 02:00,11930.8
13/01/2025 03:00,11959.1
13/01/2025 04:00,12093.5
13/01/2025 05:00,12533.2
13/01/2025 06:00,14035.0
13/01/2025 07:00,16179.9
13/01/2025 08:00,17767.1
13/01/2025 09:00,17977.4
13/01/2025 10:00,17156.9
13/01/2025 11:00,16481.8
13/01/2025 12:00,15937.1
13/01/2025 13:00,15816.3
13/01/2025 14:00,15790.3
13/01/2025 15:00,16322.5
13/01/2025 16:00,17560.2
13/01/2025 17:00,18996.6
13/01/2025 18:00,18648.5
13/01/2025 19:00,17906.0
13/01/2025 20:00,17174.0
13/01/2025 21:00,16270.0
13/01/2025 22:00,15282.9
13/01/2025 23:00,14410.7
14/01/2025 00:00,13627.6
14/01/2025 01:00,13122.6
14/01/2025 02:00,12900.3
14/01/2025 03:00,12742.4
14/01/2025 04:00,12673.8
14/01/2025 05:00,13107.6
14/01/2025 06:00,14548.5
14/01/2025 07:00,16593.0
14/01/2025 08:00,18099.9
14/01/2025 09:00,18389.6
14/01/2025 10:00,18131.7
14/01/2025 11:00,17680.4
14/01/2025 12:00,17272.4
14/01/2025 13:00,17022.1
14/01/2025 14:00,17074.3
14/01/2025 15:00,17554.2
14/01/2025 16:00,18101.4
14/01/2025 17:00,18944.7
14/01/2025 18:00,18291.0
14/01/2025 19:00,17584.1
14/01/2025 20:00,16713.5
14/01/2025 21:00,15778.2
14/01/2025 22:00,14754.4
14/01/2025 23:00,13693.4
15/01/2025 00:00,12954.9
15/01/2025 01:00,12433.8
15/01/2025 02:00,12117.6
15/01/2025 03:00,11833.2
15/01/2025 04:00,11887.0
15/01/2025 05:00,12310.9
15/01/2025 06:00,13656.3
15/01/2025 07:00,15659.5
15/01/2025 08:00,17126.5
15/01/2025 09:00,17472.7
15/01/2025 10:00,17305.7
15/01/2025 11:00,17022.7
15/01/2025 12:00,16855.5
15/01/2025 13:00,16916.6
15/01/2025 14:00,16929.7
15/01/2025 15:00,17198.6
15/01/2025 16:00,17608.8
15/01/2025 17:00,18376.8
15/01/2025 18:00,17820.2
15/01/2025 19:00,17026.1
15/01/2025 20:00,16263.9
15/01/2025 21:00,15452.9
15/01/2025 22:00,14475.5
15/01/2025 23:00,13533.4
16/01/2025 00:00,12704.3
16/01/2025 01:00,12287.4
16/01/2025 02:00,12125.2
16/01/2025 03:00,11952.7
16/01/2025 04:00,11954.2
16/01/2025 05:00,12363.7
16/01/2025 06:00,13643.0
16/01/2025 07:00,15645.8
16/01/2025 08:00,17146.6
16/01/2025 09:00,17679.2
16/01/2025 10:00,17702.2
16/01/2025 11:00,17555.8
16/01/2025 12:00,17348.4
16/01/2025 13:00,17469.9
16/01/2025 14:00,17496.0
16/01/2025 15:00,17747.7
16/01/2025 16:00,18197.9
16/01/2025 17:00,18902.3
16/01/2025 18:00,18340.0
16/01/2025 19:00,17643.9
16/01/2025 20:00,16830.3
16/01/2025 21:00,16027.0
16/01/2025 22:00,14985.8
16/01/2025 23:00,14046.1
17/01/2025 00:00,13408.6
17/01/2025 01:00,12874.3
17/01/2025 02:00,12624.8
17/01/2025 03:00,12512.7
17/01/2025 04:00,12516.4
17/01/2025 05:00,12881.8
17/01/2025 06:00,14144.9
17/01/2025 07:00,16080.7
17/01/2025 08:00,17677.5
17/01/2025 09:00,18427.2
17/01/2025 10:00,18521.0
17/01/2025 11:00,18337.8
17/01/2025 12:00,18071.2
17/01/2025 13:00,17976.9
17/01/2025 14:00,17979.0
17/01/2025 15:00,18110.3
17/01/2025 16:00,18344.6
17/01/2025 17:00,18924.4
17/01/2025 18:00,18288.0
17/01/2025 19:00,17452.9
17/01/2025 20:00,16684.2
17/01/2025 21:00,15892.2
17/01/2025 22:00,14963.6
17/01/2025 23:00,14135.1
18/01/2025 00:00,13390.7
18/01/2025 01:00,12915.0
18/01/2025 02:00,12622.8
18/01/2025 03:00,12419.9
18/01/2025 04:00,12332.4
18/01/2025 05:00,12468.3
18/01/2025 06:00,12987.5
18/01/2025 07:00,13868.0
18/01/2025 08:00,14906.3
18/01/2025 09:00,15821.7
18/01/2025 10:00,16085.1
18/01/2025 11:00,16023.8
18/01/2025 12:00,15807.4
18/01/2025 13:00,15672.3
18/01/2025 14:00,15755.2
18/01/2025 15:00,16043.9
18/01/2025 16:00,16552.1
18/01/2025 17:00,17292.0
18/01/2025 18:00,16995.9
18/01/2025 19:00,16348.9
18/01/2025 20:00,15736.4
18/01/2025 21:00,15082.3
18/01/2025 22:00,14359.6
18/01/2025 23:00,13670.5
19/01/2025 00:00,13003.3
19/01/2025 01:00,12629.7
19/01/2025 02:00,12288.6
19/01/2025 03:00,12086.6
19/01/2025 04:00,12057.9
19/01/2025 05:00,12093.9
19/01/2025 06:00,12363.8
19/01/2025 07:00,12895.4
19/01/2025 08:00,13760.7
19/01/2025 09:00,14684.5
19/01/2025 10:00,15122.7
19/01/2025 11:00,15295.6
19/01/2025 12:00,15575.9
19/01/2025 13:00,15644.2
19/01/2025 14:00,15690.0
19/01/2025 15:00,15896.5
19/01/2025 16:00,16253.3
19/01/2025 17:00,17247.6
19/01/2025 18:00,16997.2
19/01/2025 19:00,16441.2
19/01/2025 20:00,15861.5
19/01/2025 21:00,15234.3
19/01/2025 22:00,14429.3
19/01/2025 23:00,13537.3
20/01/2025 00:00,12963.5
20/01/2025 01:00,12537.6
20/01/2025 02:00,12336.9
20/01/2025 03:00,12304.9
20/01/2025 04:00,12355.7
20/01/2025 05:00,12842.8
20/01/2025 06:00,14228.5
20/01/2025 07:00,16374.1
20/01/2025 08:00,17885.6
20/01/2025 09:00,18578.3
20/01/2025 10:00,18749.8
20/01/2025 11:00,18627.9
20/01/2025 12:00,18396.2
20/01/2025 13:00,18354.4
20/01/2025 14:00,18361.6
20/01/2025 15:00,18531.4
20/01/2025 16:00,18850.4
20/01/2025 17:00,19483.4
20/01/2025 18:00,18813.5
20/01/2025 19:00,18101.4
20/01/2025 20:00,17358.5
20/01/2025 21:00,16461.3
20/01/2025 22:00,15348.0
20/01/2025 23:00,14307.5
21/01/2025 00:00,13584.1
21/01/2025 01:00,13156.9
21/01/2025 02:00,12925.8
21/01/2025 03:00,12739.6
21/01/2025 04:00,12738.2
21/01/2025 05:00,13157.6
21/01/2025 06:00,14533.9
21/01/2025 07:00,16651.5
21/01/2025 08:00,18106.7
21/01/2025 09:00,18595.3
21/01/2025 10:00,18441.3
21/01/2025 11:00,18142.0
21/01/2025 12:00,17856.2
21/01/2025 13:00,17645.5
21/01/2025 14:00,17638.1
21/01/2025 15:00,17923.4
21/01/2025 16:00,18483.6
21/01/2025 17:00,19411.5
21/01/2025 18:00,18897.0
21/01/2025 19:00,18115.3
21/01/2025 20:00,17333.0
21/01/2025 21:00,16481.6
21/01/2025 22:00,15411.4
21/01/2025 23:00,14423.7
22/01/2025 00:00,13687.3
22/01/2025 01:00,13172.1
22/01/2025 02:00,12890.3
22/01/2025 03:00,12787.3
22/01/2025 04:00,12710.3
22/01/2025 05:00,13070.8
22/01/2025 06:00,14395.3
22/01/2025 07:00,16397.1
22/01/2025 08:00,17907.9
22/01/2025 09:00,18346.7
22/01/2025 10:00,17921.6
22/01/2025 11:00,17708.5
22/01/2025 12:00,17515.0
22/01/2025 13:00,17581.6
22/01/2025 14:00,17754.7
22/01/2025 15:00,17924.2
22/01/2025 16:00,18316.5
22/01/2025 17:00,18976.7
22/01/2025 18:00,18347.1
22/01/2025 19:00,17567.3
22/01/2025 20:00,16838.6
22/01/2025 21:00,16077.0
22/01/2025 22:00,15064.6
22/01/2025 23:00,14059.4
23/01/2025 00:00,13239.0
23/01/2025 01:00,12861.9
23/01/2025 02:00,12597.3
23/01/2025 03:00,12213.0
23/01/2025 04:00,12324.4
23/01/2025 05:00,12866.0
23/01/2025 06:00,14142.6
23/01/2025 07:00,16161.0
23/01/2025 08:00,17551.7
23/01/2025 09:00,17656.6
23/01/2025 10:00,17394.6
23/01/2025 11:00,17030.1
23/01/2025 12:00,16582.8
23/01/2025 13:00,16909.0
23/01/2025 14:00,17175.3
23/01/2025 15:00,17578.3
23/01/2025 16:00,18111.9
23/01/2025 17:00,18904.7
23/01/2025 18:00,18526.9
23/01/2025 19:00,17803.5
23/01/2025 20:00,16997.3
23/01/2025 21:00,16170.9
23/01/2025 22:00,15136.0
23/01/2025 23:00,14191.4
24/01/2025 00:00,13421.0
24/01/2025 01:00,13032.4
24/01/2025 02:00,12768.0
24/01/2025 03:00,12715.2
24/01/2025 04:00,12744.7
24/01/2025 05:00,12964.8
24/01/2025 06:00,14092.1
24/01/2025 07:00,15987.1
24/01/2025 08:00,17485.3
24/01/2025 09:00,18189.1
24/01/2025 10:00,18320.4
24/01/2025 11:00,18401.9
24/01/2025 12:00,18342.0
24/01/2025 13:00,18267.1
24/01/2025 14:00,18144.3
24/01/2025 15:00,17960.8
24/01/2025 16:00,18086.7
24/01/2025 17:00,18549.8
24/01/2025 18:00,17944.6
24/01/2025 19:00,17049.6
24/01/2025 20:00,16086.2
24/01/2025 21:00,15230.2
24/01/2025 22:00,14159.0
24/01/2025 23:00,13415.5
25/01/2025 00:00,12972.0
25/01/2025 01:00,12415.3
25/01/2025 02:00,12082.3
25/01/2025 03:00,11710.7
25/01/2025 04:00,11964.9
25/01/2025 05:00,11983.6
25/01/2025 06:00,12365.4
25/01/2025 07:00,13202.6
25/01/2025 08:00,14286.6
25/01/2025 09:00,15008.8
25/01/2025 10:00,15235.8
25/01/2025 11:00,14969.5
25/01/2025 12:00,14855.0
25/01/2025 13:00,14645.4
25/01/2025 14:00,14300.1
25/01/2025 15:00,14335.7
25/01/2025 16:00,15179.1
25/01/2025 17:00,16113.3
25/01/2025 18:00,16058.3
25/01/2025 19:00,15446.0
25/01/2025 20:00,14886.6
25/01/2025 21:00,14283.8
25/01/2025 22:00,13661.1
25/01/2025 23:00,12977.6
26/01/2025 00:00,12468.4
26/01/2025 01:00,12038.9
26/01/2025 02:00,11759.0
26/01/2025 03:00,11499.3
26/01/2025 04:00,11481.7
26/01/2025 05:00,11564.1
26/01/2025 06:00,11869.3
26/01/2025 07:00,12470.0
26/01/2025 08:00,13216.5
26/01/2025 09:00,13557.5
26/01/2025 10:00,13429.7
26/01/2025 11:00,13122.1
26/01/2025 12:00,13068.6
26/01/2025 13:00,13248.8
26/01/2025 14:00,13695.6
26/01/2025 15:00,14258.6
26/01/2025 16:00,15145.9
26/01/2025 17:00,16426.2
26/01/2025 18:00,16555.2
26/01/2025 19:00,16070.0
26/01/2025 20:00,15485.3
26/01/2025 21:00,14981.1
26/01/2025 22:00,14232.0
26/01/2025 23:00,13340.2
27/01/2025 00:00,12733.9
27/01/2025 01:00,12443.2
27/01/2025 02:00,12232.3
27/01/2025 03:00,12131.5
27/01/2025 04:00,12245.0
27/01/2025 05:00,12681.0
27/01/2025 06:00,14038.3
27/01/2025 07:00,15975.3
27/01/2025 08:00,17301.0
27/01/2025 09:00,17167.9
27/01/2025 10:00,16283.1
27/01/2025 11:00,15965.0
27/01/2025 12:00,15580.5
27/01/2025 13:00,15299.9
27/01/2025 14:00,15291.7
27/01/2025 15:00,15502.0
27/01/2025 16:00,16348.3
27/01/2025 17:00,17832.1
27/01/2025 18:00,17638.9
27/01/2025 19:00,16990.6
27/01/2025 20:00,16144.3
27/01/2025 21:00,15344.9
27/01/2025 22:00,14325.4
27/01/2025 23:00,13476.2
28/01/2025 00:00,12987.8
28/01/2025 01:00,12578.8
28/01/2025 02:00,12285.1
28/01/2025 03:00,12095.2
28/01/2025 04:00,12254.4
28/01/2025 05:00,12663.4
28/01/2025 06:00,14082.3
28/01/2025 07:00,15882.8
28/01/2025 08:00,17095.7
28/01/2025 09:00,17196.4
28/01/2025 10:00,16795.1
28/01/2025 11:00,16467.7
28/01/2025 12:00,16342.2
28/01/2025 13:00,16507.4
28/01/2025 14:00,16669.7
28/01/2025 15:00,16877.2
28/01/2025 16:00,17471.8
28/01/2025 17:00,18202.4
28/01/2025 18:00,17762.7
28/01/2025 19:00,17085.6
28/01/2025 20:00,16367.7
28/01/2025 21:00,15566.1
28/01/2025 22:00,14642.2
28/01/2025 23:00,13792.6
29/01/2025 00:00,12993.4
29/01/2025 01:00,12486.6
29/01/2025 02:00,12257.4
29/01/2025 03:00,12188.3
29/01/2025 04:00,12129.6
29/01/2025 05:00,12531.7
29/01/2025 06:00,13836.8
29/01/2025 07:00,15741.3
29/01/2025 08:00,17162.5
29/01/2025 09:00,17404.5
29/01/2025 10:00,16879.4
29/01/2025 11:00,16497.5
29/01/2025 12:00,16471.1
29/01/2025 13:00,16395.9
29/01/2025 14:00,16338.5
29/01/2025 15:00,16488.4
29/01/2025 16:00,17051.6
29/01/2025 17:00,18161.5
29/01/2025 18:00,17856.6
29/01/2025 19:00,17097.2
29/01/2025 20:00,16278.6
29/01/2025 21:00,15464.8
29/01/2025 22:00,14483.2
29/01/2025 23:00,13659.1
30/01/2025 00:00,12857.3
30/01/2025 01:00,12372.1
30/01/2025 02:00,12097.0
30/01/2025 03:00,11979.6
30/01/2025 04:00,11968.9
30/01/2025 05:00,12309.0
30/01/2025 06:00,13682.5
30/01/2025 07:00,15773.8
30/01/2025 08:00,17030.0
30/01/2025 09:00,17432.5
30/01/2025 10:00,17096.4
30/01/2025 11:00,16811.8
30/01/2025 12:00,16741.6
30/01/2025 13:00,16813.6
30/01/2025 14:00,16461.0
30/01/2025 15:00,16418.4
30/01/2025 16:00,16757.9
30/01/2025 17:00,17880.2
30/01/2025 18:00,17935.4
30/01/2025 19:00,17352.5
30/01/2025 20:00,16583.6
30/01/2025 21:00,15761.6
30/01/2025 22:00,14746.2
30/01/2025 23:00,13879.2
31/01/2025 00:00,13271.8
31/01/2025 01:00,12883.0
31/01/2025 02:00,12668.6
31/01/2025 03:00,12500.0
31/01/2025 04:00,12368.8
31/01/2025 05:00,12866.9
31/01/2025 06:00,14197.6
31/01/2025 07:00,16139.8
31/01/2025 08:00,17494.6
31/01/2025 09:00,17325.7
31/01/2025 10:00,16710.5
31/01/2025 11:00,16107.3
31/01/2025 12:00,15658.5
31/01/2025 13:00,15374.3
31/01/2025 14:00,15329.4
31/01/2025 15:00,15580.8
31/01/2025 16:00,16358.3
31/01/2025 17:00,17652.4
31/01/2025 18:00,17553.4
31/01/2025 19:00,16812.1
31/01/2025 20:00,16091.5
31/01/2025 21:00,15346.3
31/01/2025 22:00,14494.6
31/01/2025 23:00,13762.1
01/02/2025 00:00,13181.4
01/02/2025 01:00,12730.5
01/02/2025 02:00,12371.1
01/02/2025 03:00,12193.0
01/02/2025 04:00,12229.7
01/02/2025 05:00,12321.4
01/02/2025 06:00,12849.1
01/02/2025 07:00,13724.8
01/02/2025 08:00,14552.9
01/02/2025 09:00,14712.9
01/02/2025 10:00,14263.8
01/02/2025 11:00,13532.3
01/02/2025 12:00,13134.3
01/02/2025 13:00,12944.3
01/02/2025 14:00,12857.7
01/02/2025 15:00,13184.9
01/02/2025 16:00,14084.5
01/02/2025 17:00,15759.8
01/02/2025 18:00,16202.1
01/02/2025 19:00,15715.6
01/02/2025 20:00,15060.5
01/02/2025 21:00,14524.5
01/02/2025 22:00,13975.1
01/02/2025 23:00,13298.6
02/02/2025 00:00,12805.8
02/02/2025 01:00,12455.5
02/02/2025 02:00,12184.4
02/02/2025 03:00,11933.3
02/02/2025 04:00,11884.9
02/02/2025 05:00,11942.4
02/02/2025 06:00,12346.7
02/02/2025 07:00,12906.4
02/02/2025 08:00,13489.2
02/02/2025 09:00,13597.5
02/02/2025 10:00,13118.0
02/02/2025 11:00,12798.6
02/02/2025 12:00,12611.4
02/02/2025 13:00,12492.9
02/02/2025 14:00,12457.9
02/02/2025 15:00,12855.3
02/02/2025 16:00,13733.9
02/02/2025 17:00,15699.2
02/02/2025 18:00,16324.2
02/02/2025 19:00,15884.4
02/02/2025 20:00,15333.2
02/02/2025 21:00,14767.4
02/02/2025 22:00,13999.1
02/02/2025 23:00,13214.8
03/02/2025 00:00,12678.3
03/02/2025 01:00,12424.4
03/02/2025 02:00,12329.6
03/02/2025 03:00,12272.2
03/02/2025 04:00,12361.3
03/02/2025 05:00,12847.3
03/02/2025 06:00,14284.3
03/02/2025 07:00,16464.9
03/02/2025 08:00,17700.8
03/02/2025 09:00,17521.2
03/02/2025 10:00,16531.7
03/02/2025 11:00,15711.9
03/02/2025 12:00,15191.9
03/02/2025 13:00,15009.5
03/02/2025 14:00,15008.0
03/02/2025 15:00,15481.8
03/02/2025 16:00,16488.5
03/02/2025 17:00,18179.8
03/02/2025 18:00,18250.2
03/02/2025 19:00,17611.4
03/02/2025 20:00,16854.4
03/02/2025 21:00,16030.3
03/02/2025 22:00,14966.5
03/02/2025 23:00,13933.5
04/02/2025 00:00,13269.4
04/02/2025 01:00,12805.2
04/02/2025 02:00,12644.2
04/02/2025 03:00,12525.9
04/02/2025 04:00,12529.0
04/02/2025 05:00,12942.5
04/02/2025 06:00,14381.5
04/02/2025 07:00,16554.8
04/02/2025 08:00,17803.7
04/02/2025 09:00,18225.4
04/02/2025 10:00,17921.8
04/02/2025 11:00,17564.4
04/02/2025 12:00,17345.1
04/02/2025 13:00,16995.6
04/02/2025 14:00,16786.7
04/02/2025 15:00,17055.6
04/02/2025 16:00,17686.9
04/02/2025 17:00,18858.6
04/02/2025 18:00,18684.5
04/02/2025 19:00,18020.9
04/02/2025 20:00,17348.1
04/02/2025 21:00,16389.7
04/02/2025 22:00,15365.2
04/02/2025 23:00,14305.3
05/02/2025 00:00,13523.3
05/02/2025 01:00,13114.2
05/02/2025 02:00,12822.5
05/02/2025 03:00,12648.5
05/02/2025 04:00,12589.4
05/02/2025 05:00,12900.0
05/02/2025 06:00,14194.1
05/02/2025 07:00,16202.2
05/02/2025 08:00,17357.1
05/02/2025 09:00,17442.9
05/02/2025 10:00,16865.6
05/02/2025 11:00,16488.9
05/02/2025 12:00,16172.7
05/02/2025 13:00,15976.2
05/02/2025 14:00,16003.3
05/02/2025 15:00,16123.0
05/02/2025 16:00,16709.2
05/02/2025 17:00,18081.5
05/02/2025 18:00,18140.2
05/02/2025 19:00,17419.6
05/02/2025 20:00,16617.1
05/02/2025 21:00,15712.3
05/02/2025 22:00,14825.8
05/02/2025 23:00,13865.8
06/02/2025 00:00,13178.1
06/02/2025 01:00,12711.7
06/02/2025 02:00,12464.8
06/02/2025 03:00,12215.5
06/02/2025 04:00,12262.3
06/02/2025 05:00,12820.0
06/02/2025 06:00,14192.7
06/02/2025 07:00,16179.2
06/02/2025 08:00,17439.4
06/02/2025 09:00,17618.3
06/02/2025 10:00,17164.2
06/02/2025 11:00,16502.3
06/02/2025 12:00,15964.6
06/02/2025 13:00,15528.0
06/02/2025 14:00,15456.5
06/02/2025 15:00,15983.8
06/02/2025 16:00,16860.6
06/02/2025 17:00,18191.6
06/02/2025 18:00,18280.5
06/02/2025 19:00,17746.4
06/02/2025 20:00,16995.4
06/02/2025 21:00,16061.0
06/02/2025 22:00,15013.6
06/02/2025 23:00,14088.0
07/02/2025 00:00,13377.0
07/02/2025 01:00,13022.3
07/02/2025 02:00,12852.2
07/02/2025 03:00,12782.9
07/02/2025 04:00,12800.3
07/02/2025 05:00,13150.7
07/02/2025 06:00,14570.2
07/02/2025 07:00,16618.2
07/02/2025 08:00,17938.6
07/02/2025 09:00,18190.5
07/02/2025 10:00,17965.5
07/02/2025 11:00,17603.3
07/02/2025 12:00,17408.3
07/02/2025 13:00,17362.4
07/02/2025 14:00,17449.3
07/02/2025 15:00,17619.8
07/02/2025 16:00,17986.1
07/02/2025 17:00,18654.2
07/02/2025 18:00,18394.0
07/02/2025 19:00,17606.4
07/02/2025 20:00,16861.5
07/02/2025 21:00,16097.1
07/02/2025 22:00,15166.8
07/02/2025 23:00,14311.6
08/02/2025 00:00,13723.4
08/02/2025 01:00,13294.3
08/02/2025 02:00,12766.0
08/02/2025 03:00,12418.6
08/02/2025 04:00,12462.5
08/02/2025 05:00,12484.2
08/02/2025 06:00,12991.5
08/02/2025 07:00,13771.2
08/02/2025 08:00,14626.5
08/02/2025 09:00,15330.1
08/02/2025 10:00,15428.6
08/02/2025 11:00,15313.0
08/02/2025 12:00,14648.1
08/02/2025 13:00,14236.4
08/02/2025 14:00,14221.9
08/02/2025 15:00,14144.3
08/02/2025 16:00,14475.1
08/02/2025 17:00,15880.7
08/02/2025 18:00,16295.4
08/02/2025 19:00,15639.5
08/02/2025 20:00,14963.2
08/02/2025 21:00,14382.7
08/02/2025 22:00,13812.0
08/02/2025 23:00,13083.1
09/02/2025 00:00,12527.4
09/02/2025 01:00,12064.6
09/02/2025 02:00,11849.6
09/02/2025 03:00,11767.1
09/02/2025 04:00,11730.7
09/02/2025 05:00,11749.9
09/02/2025 06:00,11967.9
09/02/2025 07:00,12538.7
09/02/2025 08:00,13224.0
09/02/2025 09:00,13490.3
09/02/2025 10:00,13545.5
09/02/2025 11:00,13561.0
09/02/2025 12:00,13612.4
09/02/2025 13:00,13532.8
09/02/2025 14:00,13513.2
09/02/2025 15:00,13822.2
09/02/2025 16:00,14516.8
09/02/2025 17:00,16096.7
09/02/2025 18:00,16541.5
09/02/2025 19:00,16035.2
09/02/2025 20:00,15461.2
09/02/2025 21:00,14763.3
09/02/2025 22:00,14061.7
09/02/2025 23:00,13340.1
10/02/2025 00:00,12829.8
10/02/2025 01:00,12603.6
10/02/2025 02:00,12443.6
10/02/2025 03:00,12337.5
10/02/2025 04:00,12458.9
10/02/2025 05:00,12939.4
10/02/2025 06:00,14379.5
10/02/2025 07:00,16551.7
10/02/2025 08:00,17908.6
10/02/2025 09:00,18117.8
10/02/2025 10:00,17961.2
10/02/2025 11:00,17768.5
10/02/2025 12:00,17460.7
10/02/2025 13:00,17356.8
10/02/2025 14:00,17426.3
10/02/2025 15:00,17874.9
10/02/2025 16:00,18406.6
10/02/2025 17:00,19290.1
10/02/2025 18:00,18943.5
10/02/2025 19:00,18282.5
10/02/2025 20:00,17526.1
10/02/2025 21:00,16521.7
10/02/2025 22:00,15506.8
10/02/2025 23:00,14435.7
11/02/2025 00:00,13872.1
11/02/2025 01:00,13356.6
11/02/2025 02:00,13103.5
11/02/2025 03:00,12926.0
11/02/2025 04:00,12932.8
11/02/2025 05:00,13160.2
11/02/2025 06:00,14494.7
11/02/2025 07:00,16667.7
11/02/2025 08:00,18023.8
11/02/2025 09:00,18642.7
11/02/2025 10:00,18594.2
11/02/2025 11:00,18439.5
11/02/2025 12:00,18211.9
11/02/2025 13:00,18164.9
11/02/2025 14:00,18070.0
11/02/2025 15:00,18059.9
11/02/2025 16:00,18376.1
11/02/2025 17:00,18938.1
11/02/2025 18:00,18612.0
11/02/2025 19:00,17856.2
11/02/2025 20:00,17046.3
11/02/2025 21:00,16140.3
11/02/2025 22:00,15084.7
11/02/2025 23:00,14042.8
12/02/2025 00:00,13242.3
12/02/2025 01:00,12724.2
12/02/2025 02:00,12466.5
12/02/2025 03:00,12321.1
12/02/2025 04:00,12339.3
12/02/2025 05:00,12768.8
12/02/2025 06:00,14073.3
12/02/2025 07:00,16039.4
12/02/2025 08:00,17464.9
12/02/2025 09:00,18093.9
12/02/2025 10:00,17772.0
12/02/2025 11:00,17540.4
12/02/2025 12:00,17210.7
12/02/2025 13:00,17001.1
12/02/2025 14:00,17018.4
12/02/2025 15:00,17111.0
12/02/2025 16:00,17570.9
12/02/2025 17:00,18624.1
12/02/2025 18:00,18339.9
12/02/2025 19:00,17563.9
12/02/2025 20:00,16780.7
12/02/2025 21:00,15934.7
12/02/2025 22:00,15048.9
12/02/2025 23:00,14017.2
13/02/2025 00:00,13224.8
13/02/2025 01:00,12774.9
13/02/2025 02:00,12496.4
13/02/2025 03:00,12450.8
13/02/2025 04:00,12473.6
13/02/2025 05:00,12951.3
13/02/2025 06:00,14492.1
13/02/2025 07:00,16600.5
13/02/2025 08:00,18021.7
13/02/2025 09:00,18478.0
13/02/2025 10:00,18148.2
13/02/2025 11:00,17991.2
13/02/2025 12:00,17438.9
13/02/2025 13:00,17218.0
13/02/2025 14:00,17018.6
13/02/2025 15:00,17251.2
13/02/2025 16:00,17865.2
13/02/2025 17:00,18996.2
13/02/2025 18:00,18901.3
13/02/2025 19:00,18201.8
13/02/2025 20:00,17387.8
13/02/2025 21:00,16511.0
13/02/2025 22:00,15470.5
13/02/2025 23:00,14484.8
14/02/2025 00:00,13715.9
14/02/2025 01:00,13184.0
14/02/2025 02:00,12951.7
14/02/2025 03:00,12902.9
14/02/2025 04:00,12886.1
14/02/2025 05:00,13258.4
14/02/2025 06:00,14523.7
14/02/2025 07:00,16471.1
14/02/2025 08:00,17603.3
14/02/2025 09:00,17621.9
14/02/2025 10:00,16939.6
14/02/2025 11:00,16357.7
14/02/2025 12:00,16001.9
14/02/2025 13:00,16162.9
14/02/2025 14:00,16260.8
14/02/2025 15:00,16492.6
14/02/2025 16:00,17147.8
14/02/2025 17:00,18122.8
14/02/2025 18:00,18168.2
14/02/2025 19:00,17404.8
14/02/2025 20:00,16573.2
14/02/2025 21:00,15698.1
14/02/2025 22:00,14811.3
14/02/2025 23:00,14051.0
15/02/2025 00:00,13276.2
15/02/2025 01:00,12765.4
15/02/2025 02:00,12508.5
15/02/2025 03:00,12348.2
15/02/2025 04:00,12253.1
15/02/2025 05:00,12300.5
15/02/2025 06:00,12818.2
15/02/2025 07:00,13609.2
15/02/2025 08:00,14416.8
15/02/2025 09:00,14792.5
15/02/2025 10:00,14753.0
15/02/2025 11:00,14607.3
15/02/2025 12:00,14449.0
15/02/2025 13:00,14414.9
15/02/2025 14:00,14423.3
15/02/2025 15:00,14633.9
15/02/2025 16:00,15313.3
15/02/2025 17:00,16525.5
15/02/2025 18:00,16767.6
15/02/2025 19:00,15986.8
15/02/2025 20:00,15326.8
15/02/2025 21:00,14723.5
15/02/2025 22:00,14134.5
15/02/2025 23:00,13478.5
16/02/2025 00:00,12898.4
16/02/2025 01:00,12466.8
16/02/2025 02:00,12245.3
16/02/2025 03:00,12070.4
16/02/2025 04:00,12072.6
16/02/2025 05:00,12178.2
16/02/2025 06:00,12539.4
16/02/2025 07:00,13083.6
16/02/2025 08:00,13553.1
16/02/2025 09:00,13642.8
16/02/2025 10:00,13281.4
16/02/2025 11:00,12968.4
16/02/2025 12:00,12851.8
16/02/2025 13:00,12740.2
16/02/2025 14:00,12651.3
16/02/2025 15:00,12895.6
16/02/2025 16:00,13625.6
16/02/2025 17:00,15475.5
16/02/2025 18:00,16495.8
16/02/2025 19:00,16204.6
16/02/2025 20:00,15743.4
16/02/2025 21:00,15043.2
16/02/2025 22:00,14286.2
16/02/2025 23:00,13501.4
17/02/2025 00:00,13050.5
17/02/2025 01:00,12672.2
17/02/2025 02:00,12540.3
17/02/2025 03:00,12460.2
17/02/2025 04:00,12470.2
17/02/2025 05:00,13038.8
17/02/2025 06:00,14489.3
17/02/2025 07:00,16432.2
17/02/2025 08:00,17425.9
17/02/2025 09:00,16951.8
17/02/2025 10:00,15864.9
17/02/2025 11:00,15281.8
17/02/2025 12:00,14955.9
17/02/2025 13:00,14720.1
17/02/2025 14:00,14619.6
17/02/2025 15:00,14981.5
17/02/2025 16:00,15885.7
17/02/2025 17:00,17855.9
17/02/2025 18:00,18379.2
17/02/2025 19:00,17915.0
17/02/2025 20:00,17215.4
17/02/2025 21:00,16458.5
17/02/2025 22:00,15450.8
17/02/2025 23:00,14484.1
18/02/2025 00:00,13694.3
18/02/2025 01:00,13169.4
18/02/2025 02:00,12941.8
18/02/2025 03:00,12866.2
18/02/2025 04:00,12950.3
18/02/2025 05:00,13466.6
18/02/2025 06:00,14951.0
18/02/2025 07:00,16936.1
18/02/2025 08:00,17446.9
18/02/2025 09:00,16761.4
18/02/2025 10:00,15802.0
18/02/2025 11:00,15201.2
18/02/2025 12:00,14840.8
18/02/2025 13:00,14744.6
18/02/2025 14:00,14872.7
18/02/2025 15:00,15181.6
18/02/2025 16:00,16095.2
18/02/2025 17:00,18006.5
18/02/2025 18:00,18662.2
18/02/2025 19:00,18166.2
18/02/2025 20:00,17379.6
18/02/2025 21:00,16520.2
18/02/2025 22:00,15512.5
18/02/2025 23:00,14516.1
19/02/2025 00:00,13747.7
19/02/2025 01:00,13298.7
19/02/2025 02:00,13019.4
19/02/2025 03:00,12883.7
19/02/2025 04:00,12916.5
19/02/2025 05:00,13430.9
19/02/2025 06:00,14834.7
19/02/2025 07:00,16791.2
19/02/2025 08:00,17413.4
19/02/2025 09:00,17155.2
19/02/2025 10:00,16361.7
19/02/2025 11:00,15725.9
19/02/2025 12:00,15535.3
19/02/2025 13:00,15352.0
19/02/2025 14:00,15083.0
19/02/2025 15:00,15437.5
19/02/2025 16:00,16347.9
19/02/2025 17:00,18071.4
19/02/2025 18:00,18573.4
19/02/2025 19:00,17888.5
19/02/2025 20:00,17076.0
19/02/2025 21:00,16222.9
19/02/2025 22:00,15237.7
19/02/2025 23:00,14230.7
20/02/2025 00:00,13350.6
20/02/2025 01:00,12829.0
20/02/2025 02:00,12696.2
20/02/2025 03:00,12660.9
20/02/2025 04:00,12575.8
20/02/2025 05:00,13015.7
20/02/2025 06:00,14355.6
20/02/2025 07:00,16112.6
20/02/2025 08:00,17063.0
20/02/2025 09:00,17072.5
20/02/2025 10:00,16713.0
20/02/2025 11:00,16239.0
20/02/2025 12:00,15825.4
20/02/2025 13:00,15869.4
20/02/2025 14:00,16034.6
20/02/2025 15:00,16403.3
20/02/2025 16:00,16832.3
20/02/2025 17:00,17617.2
20/02/2025 18:00,17616.3
20/02/2025 19:00,17004.4
20/02/2025 20:00,16240.9
20/02/2025 21:00,15361.3
20/02/2025 22:00,14401.3
20/02/2025 23:00,13527.0
21/02/2025 00:00,12867.7
21/02/2025 01:00,12322.5
21/02/2025 02:00,11942.6
21/02/2025 03:00,11728.3
21/02/2025 04:00,11859.0
21/02/2025 05:00,12214.3
21/02/2025 06:00,13348.1
21/02/2025 07:00,15068.5
21/02/2025 08:00,15926.8
21/02/2025 09:00,15640.2
21/02/2025 10:00,14859.1
21/02/2025 11:00,14484.4
21/02/2025 12:00,14099.9
21/02/2025 13:00,13956.9
21/02/2025 14:00,14028.0
21/02/2025 15:00,14298.0
21/02/2025 16:00,14906.7
21/02/2025 17:00,16248.6
21/02/2025 18:00,16466.5
21/02/2025 19:00,15920.7
21/02/2025 20:00,15064.0
21/02/2025 21:00,14309.1
21/02/2025 22:00,13459.2
21/02/2025 23:00,12724.5
22/02/2025 00:00,12208.2
22/02/2025 01:00,11796.8
22/02/2025 02:00,11602.9
22/02/2025 03:00,11513.9
22/02/2025 04:00,11325.8
22/02/2025 05:00,11285.6
22/02/2025 06:00,11804.5
22/02/2025 07:00,12709.5
22/02/2025 08:00,13461.5
22/02/2025 09:00,14098.4
22/02/2025 10:00,14233.2
22/02/2025 11:00,14207.4
22/02/2025 12:00,14170.5
22/02/2025 13:00,14012.8
22/02/2025 14:00,13946.4
22/02/2025 15:00,13952.6
22/02/2025 16:00,14408.9
22/02/2025 17:00,15036.0
22/02/2025 18:00,15295.2
22/02/2025 19:00,14733.3
22/02/2025 20:00,14149.6
22/02/2025 21:00,13500.8
22/02/2025 22:00,12926.4
22/02/2025 23:00,12301.7
23/02/2025 00:00,11909.0
23/02/2025 01:00,11435.8
23/02/2025 02:00,11215.8
23/02/2025 03:00,11133.2
23/02/2025 04:00,10905.1
23/02/2025 05:00,10852.5
23/02/2025 06:00,11220.2
23/02/2025 07:00,11644.7
23/02/2025 08:00,12234.9
23/02/2025 09:00,12719.1
23/02/2025 10:00,12726.2
23/02/2025 11:00,12375.4
23/02/2025 12:00,12159.1
23/02/2025 13:00,11989.9
23/02/2025 14:00,11935.2
23/02/2025 15:00,12058.3
23/02/2025 16:00,12680.6
23/02/2025 17:00,14086.1
23/02/2025 18:00,15091.0
23/02/2025 19:00,14844.8
23/02/2025 20:00,14411.2
23/02/2025 21:00,13802.1
23/02/2025 22:00,13098.5
23/02/2025 23:00,12376.2
24/02/2025 00:00,11969.0
24/02/2025 01:00,11685.0
24/02/2025 02:00,11489.1
24/02/2025 03:00,11407.2
24/02/2025 04:00,11541.3
24/02/2025 05:00,12041.9
24/02/2025 06:00,13265.7
24/02/2025 07:00,15011.3
24/02/2025 08:00,16246.6
24/02/2025 09:00,16592.2
24/02/2025 10:00,16486.7
24/02/2025 11:00,16299.6
24/02/2025 12:00,16202.2
24/02/2025 13:00,16497.1
24/02/2025 14:00,16467.2
24/02/2025 15:00,16380.8
24/02/2025 16:00,16626.9
24/02/2025 17:00,17090.4
24/02/2025 18:00,17219.2
24/02/2025 19:00,16613.6
24/02/2025 20:00,15793.6
24/02/2025 21:00,14956.0
24/02/2025 22:00,13991.3
24/02/2025 23:00,13060.8
25/02/2025 00:00,12395.8
25/02/2025 01:00,11894.9
25/02/2025 02:00,11262.8
25/02/2025 03:00,11457.8
25/02/2025 04:00,11436.6
25/02/2025 05:00,11883.3
25/02/2025 06:00,13244.6
25/02/2025 07:00,14833.0
25/02/2025 08:00,15902.5
25/02/2025 09:00,15847.7
25/02/2025 10:00,15288.8
25/02/2025 11:00,14942.2
25/02/2025 12:00,14756.1
25/02/2025 13:00,14689.0
25/02/2025 14:00,14508.4
25/02/2025 15:00,14721.2
25/02/2025 16:00,15547.6
25/02/2025 17:00,16673.3
25/02/2025 18:00,16832.4
25/02/2025 19:00,16408.7
25/02/2025 20:00,15655.5
25/02/2025 21:00,14869.5
25/02/2025 22:00,13881.1
25/02/2025 23:00,12988.6
26/02/2025 00:00,12304.5
26/02/2025 01:00,11836.5
26/02/2025 02:00,11687.0
26/02/2025 03:00,11581.1
26/02/2025 04:00,11653.0
26/02/2025 05:00,12056.3
26/02/2025 06:00,13427.7
26/02/2025 07:00,15212.2
26/02/2025 08:00,15764.9
26/02/2025 09:00,15237.3
26/02/2025 10:00,14334.5
26/02/2025 11:00,13982.6
26/02/2025 12:00,13796.0
26/02/2025 13:00,13951.5
26/02/2025 14:00,14045.0
26/02/2025 15:00,14397.8
26/02/2025 16:00,15281.3
26/02/2025 17:00,16772.9
26/02/2025 18:00,16997.0
26/02/2025 19:00,16575.2
26/02/2025 20:00,15993.4
26/02/2025 21:00,15071.9
26/02/2025 22:00,14131.5
26/02/2025 23:00,13233.7
27/02/2025 00:00,12657.1
27/02/2025 01:00,12119.2
27/02/2025 02:00,11883.3
27/02/2025 03:00,11774.4
27/02/2025 04:00,11744.5
27/02/2025 05:00,12179.2
27/02/2025 06:00,13542.2
27/02/2025 07:00,15221.8
27/02/2025 08:00,15962.5
27/02/2025 09:00,15842.4
27/02/2025 10:00,15511.0
27/02/2025 11:00,15155.7
27/02/2025 12:00,15028.3
27/02/2025 13:00,15063.4
27/02/2025 14:00,15012.9
27/02/2025 15:00,15399.6
27/02/2025 16:00,16156.9
27/02/2025 17:00,17215.0
27/02/2025 18:00,17470.4
27/02/2025 19:00,16938.9
27/02/2025 20:00,16269.4
27/02/2025 21:00,15554.2
27/02/2025 22:00,14516.5
27/02/2025 23:00,13564.4
28/02/2025 00:00,12828.5
28/02/2025 01:00,12238.7
28/02/2025 02:00,12044.9
28/02/2025 03:00,11844.0
28/02/2025 04:00,11847.7
28/02/2025 05:00,12248.7
28/02/2025 06:00,13714.1
28/02/2025 07:00,15322.8
28/02/2025 08:00,16040.9
28/02/2025 09:00,15876.4
28/02/2025 10:00,15542.6
28/02/2025 11:00,14972.8
28/02/2025 12:00,14616.9
28/02/2025 13:00,14425.2
28/02/2025 14:00,14341.6
28/02/2025 15:00,14418.5
28/02/2025 16:00,14936.6
28/02/2025 17:00,16129.2
28/02/2025 18:00,16674.9
28/02/2025 19:00,16346.3
28/02/2025 20:00,15644.2
28/02/2025 21:00,14851.5
28/02/2025 22:00,14009.0
28/02/2025 23:00,13242.2
01/03/2025 00:00,12532.6
01/03/2025 01:00,12105.6
01/03/2025 02:00,11793.8
01/03/2025 03:00,11622.0
01/03/2025 04:00,11529.0
01/03/2025 05:00,11645.1
01/03/2025 06:00,12119.0
01/03/2025 07:00,12772.6
01/03/2025 08:00,13192.8
01/03/2025 09:00,13460.0
01/03/2025 10:00,13462.1
01/03/2025 11:00,13263.1
01/03/2025 12:00,13020.9
01/03/2025 13:00,12885.3
01/03/2025 14:00,12702.1
01/03/2025 15:00,12704.9
01/03/2025 16:00,13159.0
01/03/2025 17:00,14489.4
01/03/2025 18:00,15339.9
01/03/2025 19:00,15088.2
01/03/2025 20:00,14691.3
01/03/2025 21:00,14141.4
01/03/2025 22:00,13487.3
01/03/2025 23:00,12805.0
02/03/2025 00:00,12314.8
02/03/2025 01:00,11891.9
02/03/2025 02:00,11742.9
02/03/2025 03:00,11639.5
02/03/2025 04:00,11574.6
02/03/2025 05:00,11692.2
02/03/2025 06:00,12022.4
02/03/2025 07:00,12378.9
02/03/2025 08:00,12402.8
02/03/2025 09:00,12433.5
02/03/2025 10:00,11978.4
02/03/2025 11:00,11894.8
02/03/2025 12:00,11911.5
02/03/2025 13:00,11936.4
02/03/2025 14:00,11733.0
02/03/2025 15:00,11511.2
02/03/2025 16:00,12078.1
02/03/2025 17:00,13613.0
02/03/2025 18:00,15013.6
02/03/2025 19:00,14968.7
02/03/2025 20:00,14474.5
02/03/2025 21:00,13900.7
02/03/2025 22:00,13242.9
02/03/2025 23:00,12568.9
03/03/2025 00:00,12192.0
03/03/2025 01:00,11831.8
03/03/2025 02:00,11707.0
03/03/2025 03:00,11732.0
03/03/2025 04:00,11860.5
03/03/2025 05:00,12431.1
03/03/2025 06:00,13841.8
03/03/2025 07:00,15412.3
03/03/2025 08:00,15832.9
03/03/2025 09:00,15285.1
03/03/2025 10:00,14367.7
03/03/2025 11:00,14096.9
03/03/2025 12:00,13858.6
03/03/2025 13:00,13598.7
03/03/2025 14:00,13275.2
03/03/2025 15:00,13385.5
03/03/2025 16:00,13953.9
03/03/2025 17:00,15570.5
03/03/2025 18:00,16636.4
03/03/2025 19:00,16422.6
03/03/2025 20:00,15762.3
03/03/2025 21:00,14976.8
03/03/2025 22:00,14020.6
03/03/2025 23:00,13125.2
04/03/2025 00:00,12458.6
04/03/2025 01:00,12086.4
04/03/2025 02:00,11916.7
04/03/2025 03:00,11818.9
04/03/2025 04:00,11930.5
04/03/2025 05:00,12560.6
04/03/2025 06:00,14062.9
04/03/2025 07:00,15649.4
04/03/2025 08:00,15862.0
04/03/2025 09:00,15132.4
04/03/2025 10:00,14568.8
04/03/2025 11:00,14110.3
04/03/2025 12:00,13856.8
04/03/2025 13:00,13671.7
04/03/2025 14:00,13472.4
04/03/2025 15:00,13378.6
04/03/2025 16:00,13898.0
04/03/2025 17:00,15520.1
04/03/2025 18:00,16617.8
04/03/2025 19:00,16419.3
04/03/2025 20:00,15762.3
04/03/2025 21:00,14909.2
04/03/2025 22:00,14048.0
04/03/2025 23:00,13207.7
05/03/2025 00:00,12622.3
05/03/2025 01:00,12145.0
05/03/2025 02:00,11861.7
05/03/2025 03:00,11799.4
05/03/2025 04:00,12048.3
05/03/2025 05:00,12493.3
05/03/2025 06:00,13770.5
05/03/2025 07:00,15337.7
05/03/2025 08:00,15419.9
05/03/2025 09:00,14901.3
05/03/2025 10:00,14213.4
05/03/2025 11:00,13903.6
05/03/2025 12:00,13593.9
05/03/2025 13:00,13441.9
05/03/2025 14:00,13335.9
05/03/2025 15:00,13287.3
05/03/2025 16:00,13820.5
05/03/2025 17:00,15351.4
05/03/2025 18:00,16309.7
05/03/2025 19:00,16072.2
05/03/2025 20:00,15390.1
05/03/2025 21:00,14719.9
05/03/2025 22:00,13684.5
05/03/2025 23:00,12802.1
06/03/2025 00:00,12152.3
06/03/2025 01:00,11728.0
06/03/2025 02:00,11479.3
06/03/2025 03:00,11451.5
06/03/2025 04:00,11457.3
06/03/2025 05:00,11899.6
06/03/2025 06:00,13286.4
06/03/2025 07:00,14800.3
06/03/2025 08:00,14962.4
06/03/2025 09:00,14308.2
06/03/2025 10:00,13724.9
06/03/2025 11:00,13633.6
06/03/2025 12:00,13571.1
06/03/2025 13:00,13476.2
06/03/2025 14:00,13115.6
06/03/2025 15:00,13053.6
06/03/2025 16:00,13507.6
06/03/2025 17:00,14896.8
06/03/2025 18:00,15871.6
06/03/2025 19:00,15790.5
06/03/2025 20:00,15186.6
06/03/2025 21:00,14350.6
06/03/2025 22:00,13501.2
06/03/2025 23:00,12761.9
07/03/2025 00:00,11951.3
07/03/2025 01:00,11408.5
07/03/2025 02:00,11053.5
07/03/2025 03:00,10999.8
07/03/2025 04:00,11067.5
07/03/2025 05:00,11511.0
07/03/2025 06:00,12826.4
07/03/2025 07:00,14086.5
07/03/2025 08:00,14446.8
07/03/2025 09:00,13891.0
07/03/2025 10:00,13390.8
07/03/2025 11:00,13119.3
07/03/2025 12:00,13057.4
07/03/2025 13:00,13054.5
07/03/2025 14:00,12790.3
07/03/2025 15:00,12726.1
07/03/2025 16:00,13115.4
07/03/2025 17:00,14314.0
07/03/2025 18:00,15156.7
07/03/2025 19:00,15100.0
07/03/2025 20:00,14459.1
07/03/2025 21:00,13544.8
07/03/2025 22:00,12835.7
07/03/2025 23:00,12175.8
08/03/2025 00:00,11584.2
08/03/2025 01:00,11126.3
08/03/2025 02:00,10807.4
08/03/2025 03:00,10671.9
08/03/2025 04:00,10643.6
08/03/2025 05:00,10828.2
08/03/2025 06:00,11372.7
08/03/2025 07:00,11798.5
08/03/2025 08:00,11891.5
08/03/2025 09:00,11613.9
08/03/2025 10:00,11402.7
08/03/2025 11:00,11387.6
08/03/2025 12:00,11415.5
08/03/2025 13:00,11188.1
08/03/2025 14:00,10997.3
08/03/2025 15:00,11026.4
08/03/2025 16:00,11455.1
08/03/2025 17:00,12678.6
08/03/2025 18:00,13949.2
08/03/2025 19:00,13923.9
08/03/2025 20:00,13541.0
08/03/2025 21:00,12994.9
08/03/2025 22:00,12414.2
08/03/2025 23:00,11752.8
09/03/2025 00:00,11142.4
09/03/2025 01:00,10691.6
09/03/2025 02:00,10448.9
09/03/2025 03:00,10287.8
09/03/2025 04:00,10286.3
09/03/2025 05:00,10392.4
09/03/2025 06:00,10699.3
09/03/2025 07:00,10866.8
09/03/2025 08:00,11021.2
09/03/2025 09:00,10904.5
09/03/2025 10:00,10759.4
09/03/2025 11:00,10845.4
09/03/2025 12:00,10884.5
09/03/2025 13:00,10904.9
09/03/2025 14:00,10682.0
09/03/2025 15:00,10771.3
09/03/2025 16:00,11141.3
09/03/2025 17:00,12469.6
09/03/2025 18:00,13895.0
09/03/2025 19:00,13979.7
09/03/2025 20:00,13512.2
09/03/2025 21:00,12836.4
09/03/2025 22:00,12251.6
09/03/2025 23:00,11483.2
10/03/2025 00:00,10936.8
10/03/2025 01:00,10592.5
10/03/2025 02:00,10443.0
10/03/2025 03:00,10461.6
10/03/2025 04:00,10625.6
10/03/2025 05:00,11234.4
10/03/2025 06:00,12797.1
10/03/2025 07:00,14184.8
10/03/2025 08:00,14360.5
10/03/2025 09:00,13904.9
10/03/2025 10:00,13360.0
10/03/2025 11:00,13002.8
10/03/2025 12:00,12829.4
10/03/2025 13:00,12684.1
10/03/2025 14:00,12640.7
10/03/2025 15:00,12809.7
10/03/2025 16:00,13474.4
10/03/2025 17:00,14921.1
10/03/2025 18:00,15817.0
10/03/2025 19:00,15731.1
10/03/2025 20:00,15033.9
10/03/2025 21:00,14225.8
10/03/2025 22:00,13314.2
10/03/2025 23:00,12382.9
11/03/2025 00:00,11693.4
11/03/2025 01:00,11285.5
11/03/2025 02:00,11053.5
11/03/2025 03:00,10991.1
11/03/2025 04:00,11141.4
11/03/2025 05:00,11550.2
11/03/2025 06:00,13028.4
11/03/2025 07:00,14792.6
11/03/2025 08:00,15605.1
11/03/2025 09:00,15556.9
11/03/2025 10:00,15231.9
11/03/2025 11:00,14919.0
11/03/2025 12:00,14568.0
11/03/2025 13:00,14370.3
11/03/2025 14:00,14213.7
11/03/2025 15:00,14288.3
11/03/2025 16:00,14817.9
11/03/2025 17:00,16061.1
11/03/2025 18:00,16799.5
11/03/2025 19:00,16550.5
11/03/2025 20:00,15824.1
11/03/2025 21:00,14925.0
11/03/2025 22:00,13967.1
11/03/2025 23:00,13059.1
12/03/2025 00:00,12319.0
12/03/2025 01:00,11815.2
12/03/2025 02:00,11600.0
12/03/2025 03:00,11539.1
12/03/2025 04:00,11528.6
12/03/2025 05:00,11946.6
12/03/2025 06:00,13314.9
12/03/2025 07:00,14754.1
12/03/2025 08:00,15030.4
12/03/2025 09:00,14778.3
12/03/2025 10:00,14395.1
12/03/2025 11:00,14134.2
12/03/2025 12:00,14110.1
12/03/2025 13:00,14023.4
12/03/2025 14:00,13913.2
12/03/2025 15:00,14116.4
12/03/2025 16:00,14659.9
12/03/2025 17:00,15795.4
12/03/2025 18:00,16513.8
12/03/2025 19:00,16456.2
12/03/2025 20:00,15760.6
12/03/2025 21:00,14990.7
12/03/2025 22:00,14092.9
12/03/2025 23:00,13186.2
13/03/2025 00:00,12366.7
13/03/2025 01:00,11964.1
13/03/2025 02:00,11675.7
13/03/2025 03:00,11625.2
13/03/2025 04:00,11601.2
13/03/2025 05:00,12096.0
13/03/2025 06:00,13438.3
13/03/2025 07:00,14817.4
13/03/2025 08:00,15052.5
13/03/2025 09:00,14758.9
13/03/2025 10:00,14443.1
13/03/2025 11:00,14414.9
13/03/2025 12:00,14379.7
13/03/2025 13:00,14405.7
13/03/2025 14:00,14371.3
13/03/2025 15:00,14498.4
13/03/2025 16:00,15200.3
13/03/2025 17:00,16265.2
13/03/2025 18:00,16799.9
13/03/2025 19:00,16662.0
13/03/2025 20:00,16013.6
13/03/2025 21:00,15150.8
13/03/2025 22:00,14144.2
13/03/2025 23:00,13320.6
14/03/2025 00:00,12569.8
14/03/2025 01:00,12169.9
14/03/2025 02:00,11922.9
14/03/2025 03:00,11886.5
14/03/2025 04:00,11923.4
14/03/2025 05:00,12328.3
14/03/2025 06:00,13610.0
14/03/2025 07:00,14858.1
14/03/2025 08:00,15091.9
14/03/2025 09:00,14758.8
14/03/2025 10:00,14327.6
14/03/2025 11:00,14283.8
14/03/2025 12:00,14223.2
14/03/2025 13:00,14233.5
14/03/2025 14:00,14320.2
14/03/2025 15:00,14417.8
14/03/2025 16:00,14931.9
14/03/2025 17:00,15810.5
14/03/2025 18:00,16528.4
14/03/2025 19:00,16515.5
14/03/2025 20:00,15700.3
14/03/2025 21:00,14870.7
14/03/2025 22:00,14056.1
14/03/2025 23:00,13248.3
15/03/2025 00:00,12560.9
15/03/2025 01:00,11930.6
15/03/2025 02:00,11672.7
15/03/2025 03:00,11643.2
15/03/2025 04:00,11622.8
15/03/2025 05:00,11659.0
15/03/2025 06:00,12183.2
15/03/2025 07:00,12456.0
15/03/2025 08:00,12523.7
15/03/2025 09:00,12488.3
15/03/2025 10:00,12218.3
15/03/2025 11:00,12126.2
15/03/2025 12:00,12105.6
15/03/2025 13:00,12115.1
15/03/2025 14:00,11916.6
15/03/2025 15:00,12073.9
15/03/2025 16:00,12546.8
15/03/2025 17:00,13840.3
15/03/2025 18:00,14890.0
15/03/2025 19:00,15053.3
15/03/2025 20:00,14555.8
15/03/2025 21:00,13883.4
15/03/2025 22:00,13259.7
15/03/2025 23:00,12570.5
16/03/2025 00:00,11927.9
16/03/2025 01:00,11545.0
16/03/2025 02:00,11317.5
16/03/2025 03:00,11234.5
16/03/2025 04:00,11207.2
16/03/2025 05:00,11333.5
16/03/2025 06:00,11629.7
16/03/2025 07:00,11615.2
16/03/2025 08:00,11307.5
16/03/2025 09:00,11227.8
16/03/2025 10:00,11132.9
16/03/2025 11:00,11182.0
16/03/2025 12:00,11520.9
16/03/2025 13:00,11342.7
16/03/2025 14:00,11319.6
16/03/2025 15:00,11342.8
16/03/2025 16:00,11825.0
16/03/2025 17:00,13243.1
16/03/2025 18:00,14523.8
16/03/2025 19:00,14583.7
16/03/2025 20:00,14192.8
16/03/2025 21:00,13609.4
16/03/2025 22:00,12744.8
16/03/2025 23:00,12116.8
17/03/2025 00:00,11595.9
17/03/2025 01:00,11155.8
17/03/2025 02:00,10939.9
17/03/2025 03:00,11007.3
17/03/2025 04:00,11144.0
17/03/2025 05:00,11679.6
17/03/2025 06:00,13061.9
17/03/2025 07:00,14358.9
17/03/2025 08:00,14822.5
17/03/2025 09:00,14421.2
17/03/2025 10:00,13913.1
17/03/2025 11:00,13482.1
17/03/2025 12:00,13366.8
17/03/2025 13:00,13489.0
17/03/2025 14:00,13199.2
17/03/2025 15:00,13055.3
17/03/2025 16:00,13505.0
17/03/2025 17:00,14951.2
17/03/2025 18:00,16065.6
17/03/2025 19:00,16301.8
17/03/2025 20:00,15763.0
17/03/2025 21:00,14998.1
17/03/2025 22:00,13906.4
17/03/2025 23:00,13025.8
18/03/2025 00:00,12287.6
18/03/2025 01:00,11805.2
18/03/2025 02:00,11495.1
18/03/2025 03:00,11498.0
18/03/2025 04:00,11573.5
18/03/2025 05:00,12189.4
18/03/2025 06:00,13643.7
18/03/2025 07:00,14759.4
18/03/2025 08:00,14689.5
18/03/2025 09:00,14142.0
18/03/2025 10:00,13640.5
18/03/2025 11:00,13561.1
18/03/2025 12:00,13427.3
18/03/2025 13:00,13227.9
18/03/2025 14:00,13051.2
18/03/2025 15:00,13028.6
18/03/2025 16:00,13413.8
18/03/2025 17:00,14830.1
18/03/2025 18:00,16044.9
18/03/2025 19:00,16283.6
18/03/2025 20:00,15747.0
18/03/2025 21:00,14892.6
18/03/2025 22:00,13850.0
18/03/2025 23:00,12861.6
19/03/2025 00:00,12063.5
19/03/2025 01:00,11594.3
19/03/2025 02:00,11333.6
19/03/2025 03:00,11310.3
19/03/2025 04:00,11472.0
19/03/2025 05:00,11934.0
19/03/2025 06:00,13290.8
19/03/2025 07:00,14343.7
19/03/2025 08:00,14309.7
19/03/2025 09:00,13730.9
19/03/2025 10:00,13367.1
19/03/2025 11:00,13082.8
19/03/2025 12:00,12970.0
19/03/2025 13:00,12897.9
19/03/2025 14:00,12692.7
19/03/2025 15:00,12632.5
19/03/2025 16:00,13086.7
19/03/2025 17:00,14372.0
19/03/2025 18:00,15315.3
19/03/2025 19:00,15534.4
19/03/2025 20:00,15022.4
19/03/2025 21:00,14072.7
19/03/2025 22:00,13232.8
19/03/2025 23:00,12437.1
20/03/2025 00:00,11566.0
20/03/2025 01:00,11113.2
20/03/2025 02:00,10896.7
20/03/2025 03:00,10781.5
20/03/2025 04:00,10924.4
20/03/2025 05:00,11341.8
20/03/2025 06:00,12666.4
20/03/2025 07:00,13703.7
20/03/2025 08:00,13747.9
20/03/2025 09:00,13475.9
20/03/2025 10:00,12997.9
20/03/2025 11:00,12876.4
20/03/2025 12:00,12763.0
20/03/2025 13:00,12734.3
20/03/2025 14:00,12574.7
20/03/2025 15:00,12598.9
20/03/2025 16:00,13009.3
20/03/2025 17:00,14191.9
20/03/2025 18:00,15118.3
20/03/2025 19:00,15459.9
20/03/2025 20:00,14847.3
20/03/2025 21:00,14028.4
20/03/2025 22:00,13146.3
20/03/2025 23:00,12382.9
21/03/2025 00:00,11612.8
21/03/2025 01:00,11042.0
21/03/2025 02:00,10798.7
21/03/2025 03:00,10693.0
21/03/2025 04:00,10910.1
21/03/2025 05:00,11302.9
21/03/2025 06:00,12488.8
21/03/2025 07:00,13500.4
21/03/2025 08:00,13604.9
21/03/2025 09:00,13240.4
21/03/2025 10:00,12918.3
21/03/2025 11:00,12933.6
21/03/2025 12:00,12879.4
21/03/2025 13:00,12841.6
21/03/2025 14:00,12751.5
21/03/2025 15:00,12838.0
21/03/2025 16:00,13216.9
21/03/2025 17:00,14222.7
21/03/2025 18:00,14943.3
21/03/2025 19:00,15040.2
21/03/2025 20:00,14327.3
21/03/2025 21:00,13520.9
21/03/2025 22:00,12733.0
21/03/2025 23:00,12166.8
22/03/2025 00:00,11390.0
22/03/2025 01:00,10815.2
22/03/2025 02:00,10553.9
22/03/2025 03:00,10578.6
22/03/2025 04:00,10480.4
22/03/2025 05:00,10552.1
22/03/2025 06:00,10991.0
22/03/2025 07:00,11049.6
22/03/2025 08:00,11488.7
22/03/2025 09:00,11729.8
22/03/2025 10:00,11560.6
22/03/2025 11:00,11632.1
22/03/2025 12:00,11610.5
22/03/2025 13:00,11449.0
22/03/2025 14:00,11437.6
22/03/2025 15:00,11696.7
22/03/2025 16:00,12076.1
22/03/2025 17:00,13002.9
22/03/2025 18:00,13712.4
22/03/2025 19:00,13583.3
22/03/2025 20:00,13091.5
22/03/2025 21:00,12462.8
22/03/2025 22:00,11927.1
22/03/2025 23:00,11421.1
23/03/2025 00:00,11005.2
23/03/2025 01:00,10590.6
23/03/2025 02:00,10209.7
23/03/2025 03:00,10060.6
23/03/2025 04:00,9962.4
23/03/2025 05:00,9942.7
23/03/2025 06:00,10087.4
23/03/2025 07:00,10371.3
23/03/2025 08:00,10625.8
23/03/2025 09:00,10861.7
23/03/2025 10:00,10974.7
23/03/2025 11:00,11022.0
23/03/2025 12:00,10943.1
23/03/2025 13:00,10872.7
23/03/2025 14:00,10813.5
23/03/2025 15:00,10853.0
23/03/2025 16:00,11355.0
23/03/2025 17:00,12658.5
23/03/2025 18:00,13494.2
23/03/2025 19:00,13505.1
23/03/2025 20:00,13199.7
23/03/2025 21:00,12574.5
23/03/2025 22:00,11867.1
23/03/2025 23:00,11243.7
24/03/2025 00:00,10719.4
24/03/2025 01:00,10387.2
24/03/2025 02:00,10173.4
24/03/2025 03:00,10129.6
24/03/2025 04:00,10280.5
24/03/2025 05:00,10832.9
24/03/2025 06:00,11945.8
24/03/2025 07:00,13212.2
24/03/2025 08:00,13779.4
24/03/2025 09:00,13700.9
24/03/2025 10:00,13325.2
24/03/2025 11:00,13033.6
24/03/2025 12:00,12841.3
24/03/2025 13:00,12734.3
24/03/2025 14:00,12675.9
24/03/2025 15:00,12859.6
24/03/2025 16:00,13468.1
24/03/2025 17:00,14579.2
24/03/2025 18:00,15263.2
24/03/2025 19:00,15409.5
24/03/2025 20:00,14813.1
24/03/2025 21:00,14006.7
24/03/2025 22:00,13075.1
24/03/2025 23:00,12209.6
25/03/2025 00:00,11540.7
25/03/2025 01:00,11025.6
25/03/2025 02:00,10776.9
25/03/2025 03:00,10746.0
25/03/2025 04:00,10764.5
25/03/2025 05:00,11213.8
25/03/2025 06:00,12435.7
25/03/2025 07:00,13740.8
25/03/2025 08:00,14260.9
25/03/2025 09:00,14136.6
25/03/2025 10:00,13740.5
25/03/2025 11:00,13353.6
25/03/2025 12:00,13091.4
25/03/2025 13:00,12941.2
25/03/2025 14:00,13058.6
25/03/2025 15:00,13517.1
25/03/2025 16:00,14255.3
25/03/2025 17:00,15464.2
25/03/2025 18:00,15840.5
25/03/2025 19:00,15713.2
25/03/2025 20:00,15048.2
25/03/2025 21:00,14188.0
25/03/2025 22:00,13248.2
25/03/2025 23:00,12394.1
26/03/2025 00:00,11589.2
26/03/2025 01:00,11068.1
26/03/2025 02:00,10879.1
26/03/2025 03:00,10728.7
26/03/2025 04:00,10797.2
26/03/2025 05:00,11256.2
26/03/2025 06:00,12449.5
26/03/2025 07:00,13716.6
26/03/2025 08:00,14312.6
26/03/2025 09:00,14385.5
26/03/2025 10:00,14011.3
26/03/2025 11:00,13842.1
26/03/2025 12:00,13774.4
26/03/2025 13:00,13686.2
26/03/2025 14:00,13537.2
26/03/2025 15:00,13530.6
26/03/2025 16:00,13984.0
26/03/2025 17:00,14847.6
26/03/2025 18:00,15363.7
26/03/2025 19:00,15691.0
26/03/2025 20:00,15146.7
26/03/2025 21:00,14384.1
26/03/2025 22:00,13500.5
26/03/2025 23:00,12567.1
27/03/2025 00:00,11889.4
27/03/2025 01:00,11409.0
27/03/2025 02:00,11199.0
27/03/2025 03:00,11160.7
27/03/2025 04:00,11275.6
27/03/2025 05:00,11734.4
27/03/2025 06:00,12916.9
27/03/2025 07:00,13787.1
27/03/2025 08:00,13862.3
27/03/2025 09:00,13385.0
27/03/2025 10:00,12983.6
27/03/2025 11:00,12804.5
27/03/2025 12:00,12685.0
27/03/2025 13:00,12694.5
27/03/2025 14:00,12556.4
27/03/2025 15:00,12651.2
27/03/2025 16:00,13006.5
27/03/2025 17:00,13950.2
27/03/2025 18:00,14832.6
27/03/2025 19:00,15412.0
27/03/2025 20:00,15030.2
27/03/2025 21:00,14235.3
27/03/2025 22:00,13326.7
27/03/2025 23:00,12462.4
28/03/2025 00:00,11777.6
28/03/2025 01:00,11372.7
28/03/2025 02:00,11183.6
28/03/2025 03:00,11082.2
28/03/2025 04:00,11051.3
28/03/2025 05:00,11530.9
28/03/2025 06:00,12649.8
28/03/2025 07:00,13536.2
28/03/2025 08:00,14099.1
28/03/2025 09:00,14053.0
28/03/2025 10:00,13827.6
28/03/2025 11:00,14142.5
28/03/2025 12:00,13967.6
28/03/2025 13:00,13851.5
28/03/2025 14:00,13779.1
28/03/2025 15:00,13882.7
28/03/2025 16:00,14236.9
28/03/2025 17:00,15126.2
28/03/2025 18:00,15530.8
28/03/2025 19:00,15335.0
28/03/2025 20:00,14606.1
28/03/2025 21:00,13852.9
28/03/2025 22:00,12994.1
28/03/2025 23:00,12204.4
29/03/2025 00:00,11520.9
29/03/2025 01:00,11027.7
29/03/2025 02:00,10718.5
29/03/2025 03:00,10604.6
29/03/2025 04:00,10597.1
29/03/2025 05:00,10753.4
29/03/2025 06:00,10956.5
29/03/2025 07:00,10982.3
29/03/2025 08:00,11102.5
29/03/2025 09:00,11212.5
29/03/2025 10:00,11239.8
29/03/2025 11:00,11502.7
29/03/2025 12:00,11556.9
29/03/2025 13:00,11360.1
29/03/2025 14:00,11219.9
29/03/2025 15:00,11067.8
29/03/2025 16:00,11378.5
29/03/2025 17:00,12239.4
29/03/2025 18:00,13359.2
29/03/2025 19:00,13930.2
29/03/2025 20:00,13607.4
29/03/2025 21:00,13106.0
29/03/2025 22:00,12577.8
29/03/2025 23:00,12056.4
30/03/2025 00:00,11476.9
30/03/2025 01:00,10975.2
30/03/2025 03:00,10741.1
30/03/2025 04:00,10723.7
30/03/2025 05:00,10737.5
30/03/2025 06:00,10840.6
30/03/2025 07:00,10975.4
30/03/2025 08:00,11220.8
30/03/2025 09:00,11452.7
30/03/2025 10:00,11266.6
30/03/2025 11:00,11289.0
30/03/2025 12:00,11393.9
30/03/2025 13:00,11290.1
30/03/2025 14:00,11085.6
30/03/2025 15:00,10936.0
30/03/2025 16:00,11189.3
30/03/2025 17:00,12056.2
30/03/2025 18:00,12880.6
30/03/2025 19:00,13436.4
30/03/2025 20:00,13682.3
30/03/2025 21:00,13344.9
30/03/2025 22:00,12805.4
30/03/2025 23:00,11979.6
31/03/2025 00:00,11376.0
31/03/2025 01:00,10905.3
31/03/2025 02:00,10610.7
31/03/2025 03:00,10590.7
31/03/2025 04:00,10735.7
31/03/2025 05:00,11052.0
31/03/2025 06:00,12264.9
31/03/2025 07:00,13943.9
31/03/2025 08:00,14519.7
31/03/2025 09:00,14326.3
31/03/2025 10:00,13614.5
31/03/2025 11:00,13253.8
31/03/2025 12:00,13202.7
31/03/2025 13:00,13030.4
31/03/2025 14:00,12807.9
31/03/2025 15:00,12660.6
31/03/2025 16:00,12717.7
31/03/2025 17:00,13211.3
31/03/2025 18:00,13517.5
31/03/2025 19:00,14051.4
31/03/2025 20:00,14614.6
31/03/2025 21:00,14256.3
31/03/2025 22:00,13325.1
31/03/2025 23:00,12366.8
01/04/2025 00:00,11737.3
01/04/2025 01:00,11215.5
01/04/2025 02:00,10913.7
01/04/2025 03:00,10854.6
01/04/2025 04:00,10912.6
01/04/2025 05:00,11360.3
01/04/2025 06:00,12777.4
01/04/2025 07:00,14374.4
01/04/2025 08:00,14704.6
01/04/2025 09:00,14206.6
01/04/2025 10:00,13488.7
01/04/2025 11:00,13182.7
01/04/2025 12:00,13006.5
01/04/2025 13:00,12970.9
01/04/2025 14:00,12810.7
01/04/2025 15:00,12704.3
01/04/2025 16:00,12855.2
01/04/2025 17:00,13355.4
01/04/2025 18:00,13638.1
01/04/2025 19:00,14159.6
01/04/2025 20:00,14730.1
01/04/2025 21:00,14373.1
01/04/2025 22:00,13503.6
01/04/2025 23:00,12656.9
02/04/2025 00:00,11898.7
02/04/2025 01:00,11403.0
02/04/2025 02:00,11082.8
02/04/2025 03:00,10965.9
02/04/2025 04:00,11000.6
02/04/2025 05:00,11415.3
02/04/2025 06:00,12709.9
02/04/2025 07:00,14070.9
02/04/2025 08:00,14300.0
02/04/2025 09:00,14013.3
02/04/2025 10:00,13500.7
02/04/2025 11:00,13301.2
02/04/2025 12:00,13188.9
02/04/2025 13:00,13176.0
02/04/2025 14:00,13048.2
02/04/2025 15:00,12997.6
02/04/2025 16:00,13044.4
02/04/2025 17:00,13620.6
02/04/2025 18:00,13766.2
02/04/2025 19:00,14202.5
02/04/2025 20:00,14716.8
02/04/2025 21:00,14299.7
02/04/2025 22:00,13436.8
02/04/2025 23:00,12472.6
03/04/2025 00:00,11710.5
03/04/2025 01:00,11235.9
03/04/2025 02:00,10906.7
03/04/2025 03:00,10654.4
03/04/2025 04:00,10669.3
03/04/2025 05:00,11106.7
03/04/2025 06:00,12396.5
03/04/2025 07:00,13767.4
03/04/2025 08:00,14096.8
03/04/2025 09:00,13620.9
03/04/2025 10:00,13195.0
03/04/2025 11:00,13024.3
03/04/2025 12:00,12864.6
03/04/2025 13:00,12991.7
03/04/2025 14:00,12769.9
03/04/2025 15:00,12752.0
03/04/2025 16:00,12837.3
03/04/2025 17:00,13194.6
03/04/2025 18:00,13451.8
03/04/2025 19:00,13908.0
03/04/2025 20:00,14443.7
03/04/2025 21:00,14027.8
03/04/2025 22:00,13141.9
03/04/2025 23:00,12234.2
04/04/2025 00:00,11488.3
04/04/2025 01:00,10939.6
04/04/2025 02:00,10604.7
04/04/2025 03:00,10359.4
04/04/2025 04:00,10362.1
04/04/2025 05:00,10841.7
04/04/2025 06:00,12029.4
04/04/2025 07:00,13301.8
04/04/2025 08:00,13618.7
04/04/2025 09:00,13284.2
04/04/2025 10:00,12987.9
04/04/2025 11:00,12904.6
04/04/2025 12:00,12927.4
04/04/2025 13:00,12789.5
04/04/2025 14:00,12609.4
04/04/2025 15:00,12600.6
04/04/2025 16:00,12581.2
04/04/2025 17:00,12899.0
04/04/2025 18:00,13212.6
04/04/2025 19:00,13575.5
04/04/2025 20:00,13997.3
04/04/2025 21:00,13545.5
04/04/2025 22:00,12702.7
04/04/2025 23:00,12118.8
05/04/2025 00:00,11360.6
05/04/2025 01:00,10893.5
05/04/2025 02:00,10462.0
05/04/2025 03:00,10265.3
05/04/2025 04:00,10367.4
05/04/2025 05:00,10412.7
05/04/2025 06:00,10857.2
05/04/2025 07:00,11266.1
05/04/2025 08:00,11383.0
05/04/2025 09:00,11377.3
05/04/2025 10:00,11317.1
05/04/2025 11:00,11203.7
05/04/2025 12:00,11186.3
05/04/2025 13:00,11214.4
05/04/2025 14:00,10984.2
05/04/2025 15:00,10910.8
05/04/2025 16:00,11018.6
05/04/2025 17:00,11739.3
05/04/2025 18:00,12142.8
05/04/2025 19:00,12515.9
05/04/2025 20:00,13152.9
05/04/2025 21:00,12915.9
05/04/2025 22:00,12329.3
05/04/2025 23:00,11761.3
06/04/2025 00:00,11257.3
06/04/2025 01:00,10848.9
06/04/2025 02:00,10569.5
06/04/2025 03:00,10309.1
06/04/2025 04:00,10258.8
06/04/2025 05:00,10394.1
06/04/2025 06:00,10739.5
06/04/2025 07:00,10836.4
06/04/2025 08:00,10849.9
06/04/2025 09:00,10852.3
06/04/2025 10:00,10692.9
06/04/2025 11:00,10744.0
06/04/2025 12:00,10909.4
06/04/2025 13:00,11146.0
06/04/2025 14:00,11068.5
06/04/2025 15:00,10875.8
06/04/2025 16:00,10856.4
06/04/2025 17:00,11553.7
06/04/2025 18:00,11936.6
06/04/2025 19:00,12457.8
06/04/2025 20:00,13187.5
06/04/2025 21:00,12963.1
06/04/2025 22:00,12299.1
06/04/2025 23:00,11676.5
07/04/2025 00:00,10999.4
07/04/2025 01:00,10602.1
07/04/2025 02:00,10438.9
07/04/2025 03:00,10410.1
07/04/2025 04:00,10544.9
07/04/2025 05:00,11096.1
07/04/2025 06:00,12529.8
07/04/2025 07:00,13917.9
07/04/2025 08:00,14061.9
07/04/2025 09:00,13653.0
07/04/2025 10:00,13080.3
07/04/2025 11:00,12832.4
07/04/2025 12:00,12759.8
07/04/2025 13:00,12693.8
07/04/2025 14:00,12452.2
07/04/2025 15:00,12455.3
07/04/2025 16:00,12551.9
07/04/2025 17:00,13098.7
07/04/2025 18:00,13432.5
07/04/2025 19:00,13955.2
07/04/2025 20:00,14544.0
07/04/2025 21:00,14170.4
07/04/2025 22:00,13265.9
07/04/2025 23:00,12311.3
08/04/2025 00:00,11640.1
08/04/2025 01:00,11049.1
08/04/2025 02:00,10750.8
08/04/2025 03:00,10672.2
08/04/2025 04:00,10693.5
08/04/2025 05:00,11259.5
08/04/2025 06:00,12609.8
08/04/2025 07:00,13940.5
08/04/2025 08:00,14016.4
08/04/2025 09:00,13536.9
08/04/2025 10:00,13089.7
08/04/2025 11:00,12805.9
08/04/2025 12:00,12698.9
08/04/2025 13:00,12545.4
08/04/2025 14:00,12335.0
08/04/2025 15:00,12405.5
08/04/2025 16:00,12415.5
08/04/2025 17:00,13027.9
08/04/2025 18:00,13416.6
08/04/2025 19:00,13920.0
08/04/2025 20:00,14481.7
08/04/2025 21:00,14185.0
08/04/2025 22:00,13201.1
08/04/2025 23:00,12233.5
09/04/2025 00:00,11471.6
09/04/2025 01:00,10987.5
09/04/2025 02:00,10642.8
09/04/2025 03:00,10545.1
09/04/2025 04:00,10644.0
09/04/2025 05:00,11040.8
09/04/2025 06:00,12436.1
09/04/2025 07:00,13879.0
09/04/2025 08:00,14429.3
09/04/2025 09:00,14212.9
09/04/2025 10:00,13727.9
09/04/2025 11:00,13325.7
09/04/2025 12:00,12921.2
09/04/2025 13:00,12910.2
09/04/2025 14:00,12775.1
09/04/2025 15:00,12674.3
09/04/2025 16:00,12721.5
09/04/2025 17:00,13320.5
09/04/2025 18:00,13676.3
09/04/2025 19:00,14225.7
09/04/2025 20:00,14720.4
09/04/2025 21:00,14277.5
09/04/2025 22:00,13321.0
09/04/2025 23:00,12424.9
10/04/2025 00:00,11666.9
10/04/2025 01:00,11095.2
10/04/2025 02:00,10793.6
10/04/2025 03:00,10651.0
10/04/2025 04:00,10657.7
10/04/2025 05:00,11096.4
10/04/2025 06:00,12407.2
10/04/2025 07:00,13862.2
10/04/2025 08:00,14763.6
10/04/2025 09:00,14866.6
10/04/2025 10:00,14385.6
10/04/2025 11:00,13859.9
10/04/2025 12:00,13340.8
10/04/2025 13:00,13040.5
10/04/2025 14:00,12984.9
10/04/2025 15:00,12770.3
10/04/2025 16:00,12711.8
10/04/2025 17:00,13175.2
10/04/2025 18:00,13408.4
10/04/2025 19:00,13911.8
10/04/2025 20:00,14603.8
10/04/2025 21:00,14356.1
10/04/2025 22:00,13435.0
10/04/2025 23:00,12658.8
11/04/2025 00:00,11825.3
11/04/2025 01:00,11277.6
11/04/2025 02:00,11024.3
11/04/2025 03:00,10838.7
11/04/2025 04:00,10853.6
11/04/2025 05:00,11180.3
11/04/2025 06:00,12402.2
11/04/2025 07:00,13746.5
11/04/2025 08:00,14183.0
11/04/2025 09:00,13766.4
11/04/2025 10:00,13315.1
11/04/2025 11:00,13082.4
11/04/2025 12:00,12827.4
11/04/2025 13:00,12755.2
11/04/2025 14:00,12523.3
11/04/2025 15:00,12399.2
11/04/2025 16:00,12434.0
11/04/2025 17:00,12892.6
11/04/2025 18:00,13077.7
11/04/2025 19:00,13281.2
11/04/2025 20:00,13860.9
11/04/2025 21:00,13617.7
11/04/2025 22:00,12843.9
11/04/2025 23:00,12063.2
12/04/2025 00:00,11342.6
12/04/2025 01:00,10807.9
12/04/2025 02:00,10448.1
12/04/2025 03:00,10282.5
12/04/2025 04:00,10223.3
12/04/2025 05:00,10292.6
12/04/2025 06:00,10822.7
12/04/2025 07:00,11011.7
12/04/2025 08:00,11123.2
12/04/2025 09:00,11187.8
12/04/2025 10:00,11243.1
12/04/2025 11:00,11220.8
12/04/2025 12:00,11215.0
12/04/2025 13:00,11221.2
12/04/2025 14:00,11108.3
12/04/2025 15:00,10956.8
12/04/2025 16:00,11063.0
12/04/2025 17:00,11578.0
12/04/2025 18:00,11856.8
12/04/2025 19:00,12194.8
12/04/2025 20:00,12722.4
12/04/2025 21:00,12802.2
12/04/2025 22:00,12244.2
12/04/2025 23:00,11666.5
13/04/2025 00:00,10985.7
13/04/2025 01:00,10546.8
13/04/2025 02:00,10184.9
13/04/2025 03:00,9921.5
13/04/2025 04:00,9979.4
13/04/2025 05:00,10023.7
13/04/2025 06:00,10110.0
13/04/2025 07:00,10445.6
13/04/2025 08:00,10790.7
13/04/2025 09:00,11030.7
13/04/2025 10:00,11196.5
13/04/2025 11:00,11194.4
13/04/2025 12:00,11333.8
13/04/2025 13:00,11192.1
13/04/2025 14:00,11079.5
13/04/2025 15:00,10885.9
13/04/2025 16:00,10985.7
13/04/2025 17:00,11692.7
13/04/2025 18:00,12144.3
13/04/2025 19:00,12543.7
13/04/2025 20:00,12953.8
13/04/2025 21:00,12665.9
13/04/2025 22:00,12023.7
13/04/2025 23:00,11322.9
14/04/2025 00:00,10795.8
14/04/2025 01:00,10389.4
14/04/2025 02:00,10084.2
14/04/2025 03:00,9974.4
14/04/2025 04:00,10087.8
14/04/2025 05:00,10616.1
14/04/2025 06:00,11891.4
14/04/2025 07:00,13162.1
14/04/2025 08:00,13731.2
14/04/2025 09:00,13562.1
14/04/2025 10:00,13161.9
14/04/2025 11:00,12832.6
14/04/2025 12:00,12616.4
14/04/2025 13:00,12544.1
14/04/2025 14:00,12447.7
14/04/2025 15:00,12443.6
14/04/2025 16:00,12653.6
14/04/2025 17:00,13213.3
14/04/2025 18:00,13338.7
14/04/2025 19:00,13542.2
14/04/2025 20:00,14105.6
14/04/2025 21:00,13926.3
14/04/2025 22:00,13122.4
14/04/2025 23:00,12219.3
15/04/2025 00:00,11564.8
15/04/2025 01:00,11024.2
15/04/2025 02:00,10744.7
15/04/2025 03:00,10537.1
15/04/2025 04:00,10527.4
15/04/2025 05:00,10908.9
15/04/2025 06:00,12121.9
15/04/2025 07:00,13208.2
15/04/2025 08:00,13573.3
15/04/2025 09:00,13511.9
15/04/2025 10:00,13357.7
15/04/2025 11:00,13376.2
15/04/2025 12:00,13280.8
15/04/2025 13:00,13520.0
15/04/2025 14:00,13445.1
15/04/2025 15:00,13585.0
15/04/2025 16:00,14114.2
15/04/2025 17:00,14807.5
15/04/2025 18:00,14654.9
15/04/2025 19:00,14336.4
15/04/2025 20:00,14276.1
15/04/2025 21:00,13846.8
15/04/2025 22:00,13052.2
15/04/2025 23:00,12213.2
16/04/2025 00:00,11456.1
16/04/2025 01:00,11019.3
16/04/2025 02:00,10836.0
16/04/2025 03:00,10540.3
16/04/2025 04:00,10560.8
16/04/2025 05:00,10925.1
16/04/2025 06:00,12054.7
16/04/2025 07:00,13343.0
16/04/2025 08:00,14278.8
16/04/2025 09:00,14583.3
16/04/2025 10:00,14652.3
16/04/2025 11:00,14578.1
16/04/2025 12:00,14187.8
16/04/2025 13:00,14030.1
16/04/2025 14:00,13934.1
16/04/2025 15:00,13845.1
16/04/2025 16:00,14006.6
16/04/2025 17:00,14793.5
16/04/2025 18:00,14903.8
16/04/2025 19:00,14865.3
16/04/2025 20:00,14649.4
16/04/2025 21:00,14188.1
16/04/2025 22:00,13265.3
16/04/2025 23:00,12351.5
17/04/2025 00:00,11643.9
17/04/2025 01:00,11122.8
17/04/2025 02:00,10786.0
17/04/2025 03:00,10748.6
17/04/2025 04:00,10662.5
17/04/2025 05:00,11042.9
17/04/2025 06:00,12302.2
17/04/2025 07:00,13888.1
17/04/2025 08:00,14756.4
17/04/2025 09:00,14977.1
17/04/2025 10:00,14651.3
17/04/2025 11:00,14367.1
17/04/2025 12:00,14192.2
17/04/2025 13:00,13946.6
17/04/2025 14:00,13739.7
17/04/2025 15:00,13921.8
17/04/2025 16:00,14209.8
17/04/2025 17:00,14899.9
17/04/2025 18:00,14987.8
17/04/2025 19:00,14958.9
17/04/2025 20:00,14844.5
17/04/2025 21:00,14431.6
17/04/2025 22:00,13507.3
17/04/2025 23:00,12554.8
18/04/2025 00:00,11857.2
18/04/2025 01:00,11372.6
18/04/2025 02:00,10954.3
18/04/2025 03:00,10812.1
18/04/2025 04:00,10761.1
18/04/2025 05:00,11164.3
18/04/2025 06:00,12189.0
18/04/2025 07:00,13358.3
18/04/2025 08:00,14086.2
18/04/2025 09:00,14267.0
18/04/2025 10:00,13839.7
18/04/2025 11:00,13378.6
18/04/2025 12:00,13037.9
18/04/2025 13:00,12829.5
18/04/2025 14:00,12415.3
18/04/2025 15:00,12215.5
18/04/2025 16:00,12322.0
18/04/2025 17:00,12678.4
18/04/2025 18:00,12820.2
18/04/2025 19:00,13116.5
18/04/2025 20:00,13574.4
18/04/2025 21:00,13526.0
18/04/2025 22:00,12897.0
18/04/2025 23:00,12120.4
19/04/2025 00:00,11348.2
19/04/2025 01:00,10906.5
19/04/2025 02:00,10725.6
19/04/2025 03:00,10434.2
19/04/2025 04:00,10341.2
19/04/2025 05:00,10466.8
19/04/2025 06:00,10815.7
19/04/2025 07:00,10984.4
19/04/2025 08:00,11056.4
19/04/2025 09:00,11122.5
19/04/2025 10:00,11182.4
19/04/2025 11:00,11140.8
19/04/2025 12:00,11130.4
19/04/2025 13:00,11091.8
19/04/2025 14:00,11102.7
19/04/2025 15:00,10846.9
19/04/2025 16:00,10951.6
19/04/2025 17:00,11363.3
19/04/2025 18:00,11713.2
19/04/2025 19:00,12102.9
19/04/2025 20:00,12685.4
19/04/2025 21:00,12727.0
19/04/2025 22:00,12114.3
19/04/2025 23:00,11478.6
20/04/2025 00:00,10938.9
20/04/2025 01:00,10515.7
20/04/2025 02:00,10199.8
20/04/2025 03:00,10033.2
20/04/2025 04:00,9981.7
20/04/2025 05:00,10059.3
20/04/2025 06:00,10115.3
20/04/2025 07:00,10038.3
20/04/2025 08:00,10203.0
20/04/2025 09:00,10536.2
20/04/2025 10:00,10577.0
20/04/2025 11:00,10438.3
20/04/2025 12:00,10526.1
20/04/2025 13:00,10535.5
20/04/2025 14:00,10159.8
20/04/2025 15:00,10119.4
20/04/2025 16:00,10370.8
20/04/2025 17:00,11138.4
20/04/2025 18:00,11566.1
20/04/2025 19:00,11811.2
20/04/2025 20:00,12176.5
20/04/2025 21:00,12188.5
20/04/2025 22:00,11764.4
20/04/2025 23:00,11126.1
21/04/2025 00:00,10659.2
21/04/2025 01:00,10217.4
21/04/2025 02:00,9938.1
21/04/2025 03:00,9874.1
21/04/2025 04:00,9879.2
21/04/2025 05:00,10003.6
21/04/2025 06:00,10365.4
21/04/2025 07:00,10697.7
21/04/2025 08:00,11105.8
21/04/2025 09:00,11400.3
21/04/2025 10:00,11624.4
21/04/2025 11:00,11658.9
21/04/2025 12:00,11652.2
21/04/2025 13:00,11450.5
21/04/2025 14:00,11370.5
21/04/2025 15:00,11440.9
21/04/2025 16:00,11731.5
21/04/2025 17:00,12421.1
21/04/2025 18:00,12494.5
21/04/2025 19:00,12574.8
21/04/2025 20:00,12828.9
21/04/2025 21:00,12766.9
21/04/2025 22:00,12137.0
21/04/2025 23:00,11521.9
22/04/2025 00:00,10952.3
22/04/2025 01:00,10420.9
22/04/2025 02:00,10215.2
22/04/2025 03:00,10080.4
22/04/2025 04:00,10185.8
22/04/2025 05:00,10595.9
22/04/2025 06:00,11718.1
22/04/2025 07:00,13003.6
22/04/2025 08:00,13881.7
22/04/2025 09:00,13928.6
22/04/2025 10:00,13738.2
22/04/2025 11:00,13544.8
22/04/2025 12:00,13176.9
22/04/2025 13:00,12929.0
22/04/2025 14:00,12659.5
22/04/2025 15:00,12552.8
22/04/2025 16:00,12597.4
22/04/2025 17:00,13073.8
22/04/2025 18:00,13209.6
22/04/2025 19:00,13436.7
22/04/2025 20:00,13887.0
22/04/2025 21:00,13806.1
22/04/2025 22:00,12978.2
22/04/2025 23:00,12221.7
23/04/2025 00:00,11469.5
23/04/2025 01:00,10921.0
23/04/2025 02:00,10672.1
23/04/2025 03:00,10539.6
23/04/2025 04:00,10542.3
23/04/2025 05:00,10926.8
23/04/2025 06:00,11970.5
23/04/2025 07:00,13076.5
23/04/2025 08:00,13819.9
23/04/2025 09:00,13929.4
23/04/2025 10:00,13874.4
23/04/2025 11:00,13745.2
23/04/2025 12:00,13848.9
23/04/2025 13:00,13737.2
23/04/2025 14:00,13627.5
23/04/2025 15:00,13596.7
23/04/2025 16:00,13764.7
23/04/2025 17:00,14462.5
23/04/2025 18:00,14369.4
23/04/2025 19:00,14232.5
23/04/2025 20:00,14328.7
23/04/2025 21:00,14067.3
23/04/2025 22:00,13234.8
23/04/2025 23:00,12507.0
24/04/2025 00:00,11630.9
24/04/2025 01:00,11072.7
24/04/2025 02:00,10804.6
24/04/2025 03:00,10675.8
24/04/2025 04:00,10650.4
24/04/2025 05:00,11045.5
24/04/2025 06:00,12236.5
24/04/2025 07:00,13663.0
24/04/2025 08:00,14619.3
24/04/2025 09:00,14812.2
24/04/2025 10:00,14759.6
24/04/2025 11:00,14685.9
24/04/2025 12:00,14474.0
24/04/2025 13:00,14433.4
24/04/2025 14:00,14220.9
24/04/2025 15:00,14119.3
24/04/2025 16:00,14307.0
24/04/2025 17:00,14907.5
24/04/2025 18:00,14953.3
24/04/2025 19:00,14742.0
24/04/2025 20:00,14610.4
24/04/2025 21:00,14304.6
24/04/2025 22:00,13410.1
24/04/2025 23:00,12493.0
25/04/2025 00:00,11691.5
25/04/2025 01:00,11183.7
25/04/2025 02:00,10910.8
25/04/2025 03:00,10743.1
25/04/2025 04:00,10735.6
25/04/2025 05:00,11205.3
25/04/2025 06:00,12240.3
25/04/2025 07:00,13246.3
25/04/2025 08:00,14066.0
25/04/2025 09:00,14066.5
25/04/2025 10:00,13762.5
25/04/2025 11:00,13414.7
25/04/2025 12:00,13084.8
25/04/2025 13:00,12948.4
25/04/2025 14:00,12728.3
25/04/2025 15:00,12655.4
25/04/2025 16:00,12753.7
25/04/2025 17:00,13080.2
25/04/2025 18:00,12997.9
25/04/2025 19:00,13152.2
25/04/2025 20:00,13503.5
25/04/2025 21:00,13508.0
25/04/2025 22:00,12757.5
25/04/2025 23:00,12066.1
26/04/2025 00:00,11349.3
26/04/2025 01:00,10858.4
26/04/2025 02:00,10611.4
26/04/2025 03:00,10517.5
26/04/2025 04:00,10328.8
26/04/2025 05:00,10390.6
26/04/2025 06:00,10559.0
26/04/2025 07:00,10494.2
26/04/2025 08:00,10589.8
26/04/2025 09:00,10851.4
26/04/2025 10:00,10915.5
26/04/2025 11:00,10865.0
26/04/2025 12:00,10944.6
26/04/2025 13:00,10761.7
26/04/2025 14:00,10535.5
26/04/2025 15:00,10296.7
26/04/2025 16:00,10384.3
26/04/2025 17:00,10848.1
26/04/2025 18:00,11058.4
26/04/2025 19:00,11306.7
26/04/2025 20:00,11842.1
26/04/2025 21:00,12222.0
26/04/2025 22:00,11783.8
26/04/2025 23:00,11260.1
27/04/2025 00:00,10767.6
27/04/2025 01:00,10324.2
27/04/2025 02:00,9994.7
27/04/2025 03:00,9829.1
27/04/2025 04:00,9918.9
27/04/2025 05:00,9964.0
27/04/2025 06:00,9931.7
27/04/2025 07:00,9833.6
27/04/2025 08:00,9947.9
27/04/2025 09:00,10153.2
27/04/2025 10:00,10316.7
27/04/2025 11:00,10543.8
27/04/2025 12:00,10859.7
27/04/2025 13:00,11059.7
27/04/2025 14:00,10768.1
27/04/2025 15:00,10420.0
27/04/2025 16:00,10577.9
27/04/2025 17:00,11059.2
27/04/2025 18:00,11279.2
27/04/2025 19:00,11552.6
27/04/2025 20:00,12106.7
27/04/2025 21:00,12400.8
27/04/2025 22:00,11935.0
27/04/2025 23:00,11270.4
28/04/2025 00:00,10687.9
28/04/2025 01:00,10278.6
28/04/2025 02:00,10128.2
28/04/2025 03:00,10119.8
28/04/2025 04:00,10227.4
28/04/2025 05:00,10593.7
28/04/2025 06:00,11438.4
28/04/2025 07:00,12300.6
28/04/2025 08:00,12726.2
28/04/2025 09:00,12740.1
28/04/2025 10:00,12750.5
28/04/2025 11:00,12649.6
28/04/2025 12:00,12585.2
28/04/2025 13:00,12743.3
28/04/2025 14:00,12542.7
28/04/2025 15:00,12451.1
28/04/2025 16:00,12440.9
28/04/2025 17:00,12859.3
28/04/2025 18:00,12929.5
28/04/2025 19:00,12988.6
28/04/2025 20:00,13304.7
28/04/2025 21:00,13608.8
28/04/2025 22:00,12928.5
28/04/2025 23:00,12101.6
29/04/2025 00:00,11269.2
29/04/2025 01:00,10770.0
29/04/2025 02:00,10485.6
29/04/2025 03:00,10329.4
29/04/2025 04:00,10369.2
29/04/2025 05:00,10761.9
29/04/2025 06:00,11543.1
29/04/2025 07:00,12271.8
29/04/2025 08:00,12697.2
29/04/2025 09:00,12681.5
29/04/2025 10:00,12770.0
29/04/2025 11:00,12864.9
29/04/2025 12:00,12571.6
29/04/2025 13:00,12590.6
29/04/2025 14:00,12569.2
29/04/2025 15:00,12518.6
29/04/2025 16:00,12560.7
29/04/2025 17:00,12902.6
29/04/2025 18:00,12930.6
29/04/2025 19:00,13092.3
29/04/2025 20:00,13427.8
29/04/2025 21:00,13633.0
29/04/2025 22:00,13129.9
29/04/2025 23:00,12230.0
30/04/2025 00:00,11455.2
30/04/2025 01:00,10901.0
30/04/2025 02:00,10632.7
30/04/2025 03:00,10464.0
30/04/2025 04:00,10441.1
30/04/2025 05:00,10782.5
30/04/2025 06:00,11410.0
30/04/2025 07:00,12175.3
30/04/2025 08:00,12716.3
30/04/2025 09:00,12729.8
30/04/2025 10:00,12883.1
30/04/2025 11:00,12967.9
30/04/2025 12:00,12904.9
30/04/2025 13:00,13030.5
30/04/2025 14:00,12921.8
30/04/2025 15:00,12841.3
30/04/2025 16:00,12921.7
30/04/2025 17:00,13190.4
30/04/2025 18:00,13152.4
30/04/2025 19:00,13316.8
30/04/2025 20:00,13653.5
30/04/2025 21:00,13745.9
30/04/2025 22:00,13171.0
30/04/2025 23:00,12316.7
01/05/2025 00:00,11517.6
01/05/2025 01:00,11021.0
01/05/2025 02:00,10719.5
01/05/2025 03:00,10512.5
01/05/2025 04:00,10525.3
01/05/2025 05:00,10877.9
01/05/2025 06:00,11587.7
01/05/2025 07:00,12268.6
01/05/2025 08:00,12792.0
01/05/2025 09:00,12991.4
01/05/2025 10:00,13057.5
01/05/2025 11:00,13072.1
01/05/2025 12:00,13272.4
01/05/2025 13:00,13391.3
01/05/2025 14:00,13258.0
01/05/2025 15:00,13161.2
01/05/2025 16:00,13184.2
01/05/2025 17:00,13512.2
01/05/2025 18:00,13547.5
01/05/2025 19:00,13693.0
01/05/2025 20:00,13943.2
01/05/2025 21:00,14051.6
01/05/2025 22:00,13421.4
01/05/2025 23:00,12670.6
02/05/2025 00:00,11865.4
02/05/2025 01:00,11403.5
02/05/2025 02:00,11088.8
02/05/2025 03:00,10911.6
02/05/2025 04:00,10793.2
02/05/2025 05:00,11092.9
02/05/2025 06:00,11685.4
02/05/2025 07:00,12299.8
02/05/2025 08:00,12900.5
02/05/2025 09:00,13169.3
02/05/2025 10:00,13406.6
02/05/2025 11:00,13405.9
02/05/2025 12:00,13339.6
02/05/2025 13:00,13445.8
02/05/2025 14:00,13313.6
02/05/2025 15:00,12948.3
02/05/2025 16:00,12842.3
02/05/2025 17:00,12951.5
02/05/2025 18:00,12984.3
02/05/2025 19:00,13109.8
02/05/2025 20:00,13273.9
02/05/2025 21:00,13338.4
02/05/2025 22:00,12893.8
02/05/2025 23:00,12294.4
03/05/2025 00:00,11575.3
03/05/2025 01:00,11048.7
03/05/2025 02:00,10655.9
03/05/2025 03:00,10424.9
03/05/2025 04:00,10326.7
03/05/2025 05:00,10356.9
03/05/2025 06:00,10315.3
03/05/2025 07:00,10334.6
03/05/2025 08:00,10650.6
03/05/2025 09:00,11008.5
03/05/2025 10:00,11259.6
03/05/2025 11:00,11214.0
03/05/2025 12:00,11214.3
03/05/2025 13:00,11221.3
03/05/2025 14:00,11120.2
03/05/2025 15:00,10894.8
03/05/2025 16:00,11387.4
03/05/2025 17:00,11809.7
03/05/2025 18:00,12027.8
03/05/2025 19:00,12233.5
03/05/2025 20:00,12470.4
03/05/2025 21:00,12675.7
03/05/2025 22:00,12255.3
03/05/2025 23:00,11693.0
04/05/2025 00:00,11061.9
04/05/2025 01:00,10644.6
04/05/2025 02:00,10435.5
04/05/2025 03:00,10473.3
04/05/2025 04:00,10267.9
04/05/2025 05:00,10173.9
04/05/2025 06:00,10105.9
04/05/2025 07:00,9906.3
04/05/2025 08:00,10314.9
04/05/2025 09:00,10703.3
04/05/2025 10:00,10799.7
04/05/2025 11:00,10996.7
04/05/2025 12:00,11162.8
04/05/2025 13:00,11028.4
04/05/2025 14:00,10893.0
04/05/2025 15:00,10859.4
04/05/2025 16:00,11028.6
04/05/2025 17:00,11723.4
04/05/2025 18:00,11884.9
04/05/2025 19:00,11881.5
04/05/2025 20:00,12096.2
04/05/2025 21:00,12520.2
04/05/2025 22:00,12206.7
04/05/2025 23:00,11610.0
05/05/2025 00:00,11106.0
05/05/2025 01:00,10657.1
05/05/2025 02:00,10314.4
05/05/2025 03:00,10223.8
05/05/2025 04:00,10249.4
05/05/2025 05:00,10414.1
05/05/2025 06:00,10611.7
05/05/2025 07:00,10851.9
05/05/2025 08:00,11189.3
05/05/2025 09:00,11507.4
05/05/2025 10:00,11708.7
05/05/2025 11:00,11855.2
05/05/2025 12:00,11809.1
05/05/2025 13:00,11772.2
05/05/2025 14:00,11713.7
05/05/2025 15:00,11590.3
05/05/2025 16:00,11708.1
05/05/2025 17:00,12212.4
05/05/2025 18:00,12324.6
05/05/2025 19:00,12424.1
05/05/2025 20:00,12823.7
05/05/2025 21:00,13130.4
05/05/2025 22:00,12669.1
05/05/2025 23:00,11965.6
06/05/2025 00:00,11331.8
06/05/2025 01:00,10807.7
06/05/2025 02:00,10632.8
06/05/2025 03:00,10531.3
06/05/2025 04:00,10544.6
06/05/2025 05:00,10902.4
06/05/2025 06:00,11812.4
06/05/2025 07:00,12614.8
06/05/2025 08:00,13179.1
06/05/2025 09:00,13383.1
06/05/2025 10:00,13268.1
06/05/2025 11:00,13337.9
06/05/2025 12:00,13344.0
06/05/2025 13:00,13388.8
06/05/2025 14:00,13351.3
06/05/2025 15:00,13293.9
06/05/2025 16:00,13407.1
06/05/2025 17:00,14188.7
06/05/2025 18:00,14310.4
06/05/2025 19:00,14244.9
06/05/2025 20:00,14227.6
06/05/2025 21:00,14105.8
06/05/2025 22:00,13365.1
06/05/2025 23:00,12527.6
07/05/2025 00:00,11685.9
07/05/2025 01:00,11175.5
07/05/2025 02:00,10777.4
07/05/2025 03:00,10843.4
07/05/2025 04:00,10824.4
07/05/2025 05:00,11064.8
07/05/2025 06:00,11877.2
07/05/2025 07:00,12830.1
07/05/2025 08:00,13366.0
07/05/2025 09:00,13624.0
07/05/2025 10:00,13620.9
07/05/2025 11:00,13520.1
07/05/2025 12:00,13174.1
07/05/2025 13:00,13228.7
07/05/2025 14:00,12999.6
07/05/2025 15:00,12837.5
07/05/2025 16:00,12941.7
07/05/2025 17:00,13463.6
07/05/2025 18:00,13501.9
07/05/2025 19:00,13523.1
07/05/2025 20:00,13707.1
07/05/2025 21:00,13965.9
07/05/2025 22:00,13384.4
07/05/2025 23:00,12591.4
08/05/2025 00:00,11712.8
08/05/2025 01:00,11204.5
08/05/2025 02:00,10898.6
08/05/2025 03:00,10697.3
08/05/2025 04:00,10684.0
08/05/2025 05:00,11029.5
08/05/2025 06:00,11853.6
08/05/2025 07:00,12826.3
08/05/2025 08:00,13314.9
08/05/2025 09:00,13206.2
08/05/2025 10:00,13054.0
08/05/2025 11:00,12976.4
08/05/2025 12:00,12953.3
08/05/2025 13:00,12921.9
08/05/2025 14:00,12962.4
08/05/2025 15:00,12949.1
08/05/2025 16:00,13088.8
08/05/2025 17:00,13610.9
08/05/2025 18:00,13596.0
08/05/2025 19:00,13621.7
08/05/2025 20:00,13704.4
08/05/2025 21:00,13940.2
08/05/2025 22:00,13252.5
08/05/2025 23:00,12551.5
09/05/2025 00:00,11707.0
09/05/2025 01:00,11105.0
09/05/2025 02:00,10919.3
09/05/2025 03:00,10856.8
09/05/2025 04:00,10771.4
09/05/2025 05:00,10969.5
09/05/2025 06:00,11665.0
09/05/2025 07:00,12504.5
09/05/2025 08:00,12932.1
09/05/2025 09:00,12951.1
09/05/2025 10:00,13020.2
09/05/2025 11:00,13140.1
09/05/2025 12:00,13041.4
09/05/2025 13:00,13046.5
09/05/2025 14:00,12798.1
09/05/2025 15:00,12781.5
09/05/2025 16:00,12719.9
09/05/2025 17:00,12997.1
09/05/2025 18:00,13012.2
09/05/2025 19:00,13100.7
09/05/2025 20:00,13281.2
09/05/2025 21:00,13456.8
09/05/2025 22:00,12929.1
09/05/2025 23:00,12394.6
10/05/2025 00:00,11709.7
10/05/2025 01:00,11064.1
10/05/2025 02:00,10584.2
10/05/2025 03:00,10361.2
10/05/2025 04:00,10261.1
10/05/2025 05:00,10340.9
10/05/2025 06:00,10298.2
10/05/2025 07:00,10338.5
10/05/2025 08:00,10582.7
10/05/2025 09:00,10917.0
10/05/2025 10:00,11112.6
10/05/2025 11:00,11267.8
10/05/2025 12:00,11320.2
10/05/2025 13:00,11466.2
10/05/2025 14:00,11305.5
10/05/2025 15:00,10996.9
10/05/2025 16:00,11076.5
10/05/2025 17:00,11540.2
10/05/2025 18:00,11721.3
10/05/2025 19:00,11947.7
10/05/2025 20:00,12279.5
10/05/2025 21:00,12572.8
10/05/2025 22:00,12210.4
10/05/2025 23:00,11746.7
11/05/2025 00:00,11154.9
11/05/2025 01:00,10703.6
11/05/2025 02:00,10334.3
11/05/2025 03:00,10102.7
11/05/2025 04:00,9980.6
11/05/2025 05:00,9926.2
11/05/2025 06:00,9661.8
11/05/2025 07:00,9604.8
11/05/2025 08:00,9989.4
11/05/2025 09:00,10294.8
11/05/2025 10:00,10571.7
11/05/2025 11:00,10771.5
11/05/2025 12:00,11177.0
11/05/2025 13:00,11357.6
11/05/2025 14:00,11190.6
11/05/2025 15:00,10879.6
11/05/2025 16:00,10839.9
11/05/2025 17:00,11280.7
11/05/2025 18:00,11542.4
11/05/2025 19:00,11808.7
11/05/2025 20:00,12327.6
11/05/2025 21:00,12853.6
11/05/2025 22:00,12598.9
11/05/2025 23:00,11875.4
12/05/2025 00:00,11401.5
12/05/2025 01:00,10822.6
12/05/2025 02:00,10484.0
12/05/2025 03:00,10258.3
12/05/2025 04:00,10231.2
12/05/2025 05:00,10519.0
12/05/2025 06:00,11165.0
12/05/2025 07:00,12047.4
12/05/2025 08:00,12796.8
12/05/2025 09:00,12962.7
12/05/2025 10:00,13017.5
12/05/2025 11:00,13053.9
12/05/2025 12:00,13006.6
12/05/2025 13:00,13085.0
12/05/2025 14:00,12951.8
12/05/2025 15:00,12875.6
12/05/2025 16:00,12944.2
12/05/2025 17:00,13365.1
12/05/2025 18:00,13339.0
12/05/2025 19:00,13445.7
12/05/2025 20:00,13628.7
12/05/2025 21:00,13713.9
12/05/2025 22:00,13260.6
12/05/2025 23:00,12588.5
13/05/2025 00:00,11744.5
13/05/2025 01:00,11061.9
13/05/2025 02:00,10755.8
13/05/2025 03:00,10621.0
13/05/2025 04:00,10677.5
13/05/2025 05:00,10813.8
13/05/2025 06:00,11353.0
13/05/2025 07:00,12275.8
13/05/2025 08:00,12721.3
13/05/2025 09:00,12877.9
13/05/2025 10:00,12945.9
13/05/2025 11:00,12905.0
13/05/2025 12:00,12977.6
13/05/2025 13:00,13059.6
13/05/2025 14:00,12873.9
13/05/2025 15:00,12901.7
13/05/2025 16:00,12907.1
13/05/2025 17:00,13290.7
13/05/2025 18:00,13306.9
13/05/2025 19:00,13487.7
13/05/2025 20:00,13695.1
13/05/2025 21:00,13922.6
13/05/2025 22:00,13356.2
13/05/2025 23:00,12524.4
14/05/2025 00:00,11699.8
14/05/2025 01:00,11106.0
14/05/2025 02:00,10793.9
14/05/2025 03:00,10563.0
14/05/2025 04:00,10540.5
14/05/2025 05:00,10793.0
14/05/2025 06:00,11388.1
14/05/2025 07:00,12224.5
14/05/2025 08:00,12840.0
14/05/2025 09:00,13089.5
14/05/2025 10:00,13098.1
14/05/2025 11:00,13065.3
14/05/2025 12:00,12945.5
14/05/2025 13:00,13078.4
14/05/2025 14:00,12924.9
14/05/2025 15:00,12976.6
14/05/2025 16:00,12988.8
14/05/2025 17:00,13416.2
14/05/2025 18:00,13287.4
14/05/2025 19:00,13322.9
14/05/2025 20:00,13620.4
14/05/2025 21:00,13810.5
14/05/2025 22:00,13308.2
14/05/2025 23:00,12514.0
15/05/2025 00:00,11755.4
15/05/2025 01:00,11214.6
15/05/2025 02:00,10781.1
15/05/2025 03:00,10673.4
15/05/2025 04:00,10632.5
15/05/2025 05:00,10873.7
15/05/2025 06:00,11587.6
15/05/2025 07:00,12694.7
15/05/2025 08:00,13267.9
15/05/2025 09:00,13299.2
15/05/2025 10:00,13298.0
15/05/2025 11:00,13149.8
15/05/2025 12:00,13005.1
15/05/2025 13:00,12896.0
15/05/2025 14:00,12835.2
15/05/2025 15:00,12819.4
15/05/2025 16:00,12808.7
15/05/2025 17:00,13286.8
15/05/2025 18:00,13237.9
15/05/2025 19:00,13322.4
15/05/2025 20:00,13546.1
15/05/2025 21:00,13709.0
15/05/2025 22:00,13360.0
15/05/2025 23:00,12646.7
16/05/2025 00:00,11777.3
16/05/2025 01:00,11149.9
16/05/2025 02:00,10820.6
16/05/2025 03:00,10719.5
16/05/2025 04:00,10702.9
16/05/2025 05:00,10918.2
16/05/2025 06:00,11375.0
16/05/2025 07:00,12260.1
16/05/2025 08:00,12835.8
16/05/2025 09:00,13121.0
16/05/2025 10:00,13205.1
16/05/2025 11:00,13010.0
16/05/2025 12:00,13035.1
16/05/2025 13:00,13004.4
16/05/2025 14:00,12858.4
16/05/2025 15:00,12724.1
16/05/2025 16:00,12894.6
16/05/2025 17:00,13373.8
16/05/2025 18:00,13408.7
16/05/2025 19:00,13381.5
16/05/2025 20:00,13481.3
16/05/2025 21:00,13291.1
16/05/2025 22:00,12906.9
16/05/2025 23:00,12413.3
17/05/2025 00:00,11581.2
17/05/2025 01:00,10956.6
17/05/2025 02:00,10612.3
17/05/2025 03:00,10367.3
17/05/2025 04:00,10303.8
17/05/2025 05:00,10318.2
17/05/2025 06:00,10215.4
17/05/2025 07:00,10259.6
17/05/2025 08:00,10678.8
17/05/2025 09:00,11093.9
17/05/2025 10:00,11218.8
17/05/2025 11:00,11367.7
17/05/2025 12:00,11379.0
17/05/2025 13:00,11244.3
17/05/2025 14:00,11119.5
17/05/2025 15:00,11137.8
17/05/2025 16:00,11136.8
17/05/2025 17:00,11593.2
17/05/2025 18:00,11770.1
17/05/2025 19:00,11865.9
17/05/2025 20:00,12244.8
17/05/2025 21:00,12396.3
17/05/2025 22:00,12112.7
17/05/2025 23:00,11628.5
18/05/2025 00:00,11131.4
18/05/2025 01:00,10621.7
18/05/2025 02:00,10238.1
18/05/2025 03:00,10091.5
18/05/2025 04:00,10048.3
18/05/2025 05:00,9948.2
18/05/2025 06:00,9821.7
18/05/2025 07:00,9884.4
18/05/2025 08:00,10151.4
18/05/2025 09:00,10704.8
18/05/2025 10:00,10981.7
18/05/2025 11:00,11085.8
18/05/2025 12:00,11218.3
18/05/2025 13:00,11260.3
18/05/2025 14:00,11132.1
18/05/2025 15:00,11064.7
18/05/2025 16:00,11095.0
18/05/2025 17:00,11744.2
18/05/2025 18:00,11782.6
18/05/2025 19:00,11907.8
18/05/2025 20:00,12188.2
18/05/2025 21:00,12414.7
18/05/2025 22:00,12145.5
18/05/2025 23:00,11482.9
19/05/2025 00:00,10958.5
19/05/2025 01:00,10550.7
19/05/2025 02:00,10409.5
19/05/2025 03:00,10306.0
19/05/2025 04:00,10228.4
19/05/2025 05:00,10507.2
19/05/2025 06:00,11184.9
19/05/2025 07:00,12137.6
19/05/2025 08:00,12701.5
19/05/2025 09:00,12844.3
19/05/2025 10:00,12814.3
19/05/2025 11:00,12821.9
19/05/2025 12:00,12930.7
19/05/2025 13:00,12943.2
19/05/2025 14:00,12887.3
19/05/2025 15:00,12950.6
19/05/2025 16:00,12888.8
19/05/2025 17:00,13194.5
19/05/2025 18:00,13099.2
19/05/2025 19:00,13245.4
19/05/2025 20:00,13396.6
19/05/2025 21:00,13505.6
19/05/2025 22:00,13106.2
19/05/2025 23:00,12391.3
20/05/2025 00:00,11660.3
20/05/2025 01:00,11087.5
20/05/2025 02:00,10829.1
20/05/2025 03:00,10590.8
20/05/2025 04:00,10574.8
20/05/2025 05:00,10782.4
20/05/2025 06:00,11276.5
20/05/2025 07:00,12169.0
20/05/2025 08:00,12749.4
20/05/2025 09:00,12908.4
20/05/2025 10:00,13005.0
20/05/2025 11:00,13078.1
20/05/2025 12:00,12961.6
20/05/2025 13:00,13065.6
20/05/2025 14:00,12907.7
20/05/2025 15:00,12795.9
20/05/2025 16:00,12849.0
20/05/2025 17:00,13123.6
20/05/2025 18:00,13053.9
20/05/2025 19:00,13110.1
20/05/2025 20:00,13308.9
20/05/2025 21:00,13504.9
20/05/2025 22:00,13222.2
20/05/2025 23:00,12418.9
21/05/2025 00:00,11638.2
21/05/2025 01:00,11099.6
21/05/2025 02:00,10840.0
21/05/2025 03:00,10633.1
21/05/2025 04:00,10642.0
21/05/2025 05:00,10885.4
21/05/2025 06:00,11393.5
21/05/2025 07:00,12239.3
21/05/2025 08:00,13018.0
21/05/2025 09:00,13170.2
21/05/2025 10:00,13194.6
21/05/2025 11:00,13154.1
21/05/2025 12:00,13082.0
21/05/2025 13:00,13227.5
21/05/2025 14:00,13139.8
21/05/2025 15:00,12994.0
21/05/2025 16:00,13134.3
21/05/2025 17:00,13505.5
21/05/2025 18:00,13267.7
21/05/2025 19:00,13194.9
21/05/2025 20:00,13319.9
21/05/2025 21:00,13527.8
21/05/2025 22:00,13041.2
21/05/2025 23:00,12275.0
22/05/2025 00:00,11582.5
22/05/2025 01:00,11205.0
22/05/2025 02:00,10745.1
22/05/2025 03:00,10547.9
22/05/2025 04:00,10532.9
22/05/2025 05:00,10774.5
22/05/2025 06:00,11460.2
22/05/2025 07:00,12471.4
22/05/2025 08:00,13228.1
22/05/2025 09:00,13399.1
22/05/2025 10:00,13247.9
22/05/2025 11:00,13138.0
22/05/2025 12:00,12901.7
22/05/2025 13:00,12914.6
22/05/2025 14:00,12858.0
22/05/2025 15:00,12863.7
22/05/2025 16:00,12885.8
22/05/2025 17:00,13317.3
22/05/2025 18:00,13244.7
22/05/2025 19:00,13189.4
22/05/2025 20:00,13382.0
22/05/2025 21:00,13493.9
22/05/2025 22:00,13252.1
22/05/2025 23:00,12525.1
23/05/2025 00:00,11755.1
23/05/2025 01:00,11238.9
23/05/2025 02:00,10872.6
23/05/2025 03:00,10696.5
23/05/2025 04:00,10744.5
23/05/2025 05:00,11029.0
23/05/2025 06:00,11593.7
23/05/2025 07:00,12451.0
23/05/2025 08:00,13067.2
23/05/2025 09:00,13335.1
23/05/2025 10:00,13296.5
23/05/2025 11:00,13354.3
23/05/2025 12:00,13233.8
23/05/2025 13:00,13265.3
23/05/2025 14:00,13036.4
23/05/2025 15:00,12871.2
23/05/2025 16:00,12838.4
23/05/2025 17:00,13124.9
23/05/2025 18:00,12933.3
23/05/2025 19:00,12730.9
23/05/2025 20:00,12834.8
23/05/2025 21:00,13106.1
23/05/2025 22:00,12844.1
23/05/2025 23:00,12149.2
24/05/2025 00:00,11525.3
24/05/2025 01:00,11054.3
24/05/2025 02:00,10714.5
24/05/2025 03:00,10470.2
24/05/2025 04:00,10362.5
24/05/2025 05:00,10296.6
24/05/2025 06:00,10245.0
24/05/2025 07:00,10459.1
24/05/2025 08:00,11039.2
24/05/2025 09:00,11454.1
24/05/2025 10:00,11830.5
24/05/2025 11:00,11852.7
24/05/2025 12:00,12102.5
24/05/2025 13:00,12199.3
24/05/2025 14:00,12177.7
24/05/2025 15:00,12322.9
24/05/2025 16:00,12591.6
24/05/2025 17:00,13156.9
24/05/2025 18:00,13199.5
24/05/2025 19:00,12943.2
24/05/2025 20:00,12766.5
24/05/2025 21:00,12608.3
24/05/2025 22:00,12248.4
24/05/2025 23:00,11760.1
25/05/2025 00:00,11227.8
25/05/2025 01:00,10744.0
25/05/2025 02:00,10504.7
25/05/2025 03:00,10257.4
25/05/2025 04:00,10156.6
25/05/2025 05:00,10090.6
25/05/2025 06:00,10127.2
25/05/2025 07:00,10355.1
25/05/2025 08:00,10859.8
25/05/2025 09:00,11205.9
25/05/2025 10:00,11371.6
25/05/2025 11:00,11540.8
25/05/2025 12:00,11410.2
25/05/2025 13:00,11276.7
25/05/2025 14:00,11269.5
25/05/2025 15:00,11177.5
25/05/2025 16:00,11287.5
25/05/2025 17:00,11985.3
25/05/2025 18:00,11976.3
25/05/2025 19:00,11822.9
25/05/2025 20:00,12005.4
25/05/2025 21:00,12263.9
25/05/2025 22:00,12220.4
25/05/2025 23:00,11577.9
26/05/2025 00:00,11026.9
26/05/2025 01:00,10632.7
26/05/2025 02:00,10361.7
26/05/2025 03:00,10309.0
26/05/2025 04:00,10277.9
26/05/2025 05:00,10521.7
26/05/2025 06:00,11118.0
26/05/2025 07:00,12094.7
26/05/2025 08:00,12934.0
26/05/2025 09:00,13066.7
26/05/2025 10:00,13097.4
26/05/2025 11:00,13057.8
26/05/2025 12:00,13147.1
26/05/2025 13:00,13004.5
26/05/2025 14:00,12872.5
26/05/2025 15:00,12903.6
26/05/2025 16:00,13002.1
26/05/2025 17:00,13605.1
26/05/2025 18:00,13331.8
26/05/2025 19:00,13301.7
26/05/2025 20:00,13555.9
26/05/2025 21:00,13554.4
26/05/2025 22:00,13125.5
26/05/2025 23:00,12339.9
27/05/2025 00:00,11639.9
27/05/2025 01:00,11213.4
27/05/2025 02:00,10919.9
27/05/2025 03:00,10899.6
27/05/2025 04:00,10904.1
27/05/2025 05:00,11081.9
27/05/2025 06:00,11969.1
27/05/2025 07:00,13175.9
27/05/2025 08:00,14168.8
27/05/2025 09:00,14522.0
27/05/2025 10:00,14414.9
27/05/2025 11:00,14006.5
27/05/2025 12:00,13797.6
27/05/2025 13:00,13739.0
27/05/2025 14:00,13452.1
27/05/2025 15:00,13656.7
27/05/2025 16:00,14112.9
27/05/2025 17:00,14978.4
27/05/2025 18:00,14935.0
27/05/2025 19:00,14869.5
27/05/2025 20:00,14365.8
27/05/2025 21:00,13975.5
27/05/2025 22:00,13640.4
27/05/2025 23:00,12741.9
28/05/2025 00:00,11929.6
28/05/2025 01:00,11394.3
28/05/2025 02:00,11139.9
28/05/2025 03:00,10953.1
28/05/2025 04:00,10892.4
28/05/2025 05:00,11177.4
28/05/2025 06:00,11908.6
28/05/2025 07:00,12944.9
28/05/2025 08:00,13749.1
28/05/2025 09:00,13901.6
28/05/2025 10:00,13934.4
28/05/2025 11:00,13819.6
28/05/2025 12:00,13594.4
28/05/2025 13:00,13443.5
28/05/2025 14:00,13174.9
28/05/2025 15:00,13157.7
28/05/2025 16:00,12953.3
28/05/2025 17:00,13155.7
28/05/2025 18:00,12999.2
28/05/2025 19:00,12841.1
28/05/2025 20:00,12933.5
28/05/2025 21:00,13141.7
28/05/2025 22:00,12845.4
28/05/2025 23:00,12117.5
29/05/2025 00:00,11391.8
29/05/2025 01:00,10862.5
29/05/2025 02:00,10468.9
29/05/2025 03:00,10301.9
29/05/2025 04:00,10241.6
29/05/2025 05:00,10190.8
29/05/2025 06:00,10013.1
29/05/2025 07:00,10218.2
29/05/2025 08:00,10800.4
29/05/2025 09:00,11494.1
29/05/2025 10:00,11964.7
29/05/2025 11:00,12176.1
29/05/2025 12:00,12284.5
29/05/2025 13:00,12180.2
29/05/2025 14:00,11997.4
29/05/2025 15:00,11959.2
29/05/2025 16:00,11973.3
29/05/2025 17:00,12468.8
29/05/2025 18:00,12451.0
29/05/2025 19:00,12296.6
29/05/2025 20:00,12318.3
29/05/2025 21:00,12515.0
29/05/2025 22:00,12387.8
29/05/2025 23:00,11907.4
30/05/2025 00:00,11425.6
30/05/2025 01:00,10894.5
30/05/2025 02:00,10610.0
30/05/2025 03:00,10407.9
30/05/2025 04:00,10357.6
30/05/2025 05:00,10458.4
30/05/2025 06:00,10650.8
30/05/2025 07:00,11165.5
30/05/2025 08:00,11799.3
30/05/2025 09:00,12416.5
30/05/2025 10:00,12526.2
30/05/2025 11:00,12409.1
30/05/2025 12:00,12355.4
30/05/2025 13:00,12236.1
30/05/2025 14:00,12157.8
30/05/2025 15:00,12068.1
30/05/2025 16:00,12151.8
30/05/2025 17:00,12537.4
30/05/2025 18:00,12448.6
30/05/2025 19:00,12358.0
30/05/2025 20:00,12500.7
30/05/2025 21:00,12616.7
30/05/2025 22:00,12474.0
30/05/2025 23:00,11906.0
31/05/2025 00:00,11182.4
31/05/2025 01:00,10695.9
31/05/2025 02:00,10338.0
31/05/2025 03:00,10181.3
31/05/2025 04:00,10054.5
31/05/2025 05:00,9957.4
31/05/2025 06:00,9775.7
31/05/2025 07:00,9994.1
31/05/2025 08:00,10547.9
31/05/2025 09:00,11033.5
31/05/2025 10:00,11214.7
31/05/2025 11:00,11415.9
31/05/2025 12:00,11454.7
31/05/2025 13:00,11382.5
31/05/2025 14:00,11244.1
31/05/2025 15:00,11227.7
31/05/2025 16:00,11361.7
31/05/2025 17:00,11613.9
31/05/2025 18:00,11809.9
31/05/2025 19:00,12099.0
31/05/2025 20:00,12313.2
31/05/2025 21:00,12473.9
31/05/2025 22:00,12393.0
31/05/2025 23:00,11762.0
01/06/2025 00:00,11221.5
01/06/2025 01:00,10942.4
01/06/2025 02:00,10489.7
01/06/2025 03:00,10293.8
01/06/2025 04:00,10194.7
01/06/2025 05:00,10068.8
01/06/2025 06:00,9591.7
01/06/2025 07:00,9611.7
01/06/2025 08:00,9945.8
01/06/2025 09:00,10346.4
01/06/2025 10:00,10700.3
01/06/2025 11:00,10925.0
01/06/2025 12:00,11070.0
01/06/2025 13:00,11097.2
01/06/2025 14:00,11100.5
01/06/2025 15:00,11022.1
01/06/2025 16:00,11113.7
01/06/2025 17:00,11624.7
01/06/2025 18:00,11777.3
01/06/2025 19:00,11722.1
01/06/2025 20:00,11862.9
01/06/2025 21:00,12082.0
01/06/2025 22:00,12190.3
01/06/2025 23:00,11621.3
02/06/2025 00:00,11025.9
02/06/2025 01:00,10749.6
02/06/2025 02:00,10511.7
02/06/2025 03:00,10238.3
02/06/2025 04:00,10203.1
02/06/2025 05:00,10424.1
02/06/2025 06:00,10950.4
02/06/2025 07:00,11967.4
02/06/2025 08:00,12762.9
02/06/2025 09:00,13082.3
02/06/2025 10:00,13124.9
02/06/2025 11:00,12985.8
02/06/2025 12:00,12933.5
02/06/2025 13:00,13114.1
02/06/2025 14:00,12988.8
02/06/2025 15:00,12963.7
02/06/2025 16:00,12919.9
02/06/2025 17:00,12992.3
02/06/2025 18:00,12827.2
02/06/2025 19:00,12862.7
02/06/2025 20:00,12960.3
02/06/2025 21:00,13161.3
02/06/2025 22:00,12990.3
02/06/2025 23:00,12260.6
03/06/2025 00:00,11562.9
03/06/2025 01:00,11012.8
03/06/2025 02:00,10725.9
03/06/2025 03:00,10585.5
03/06/2025 04:00,10597.5
03/06/2025 05:00,10748.0
03/06/2025 06:00,11141.4
03/06/2025 07:00,12063.9
03/06/2025 08:00,12726.7
03/06/2025 09:00,13170.0
03/06/2025 10:00,13211.2
03/06/2025 11:00,13166.3
03/06/2025 12:00,13150.3
03/06/2025 13:00,13223.9
03/06/2025 14:00,13156.7
03/06/2025 15:00,13025.5
03/06/2025 16:00,13209.6
03/06/2025 17:00,13770.3
03/06/2025 18:00,13540.1
03/06/2025 19:00,13389.1
03/06/2025 20:00,13491.7
03/06/2025 21:00,13547.2
03/06/2025 22:00,13185.7
03/06/2025 23:00,12342.5
04/06/2025 00:00,11699.0
04/06/2025 01:00,11070.6
04/06/2025 02:00,10819.5
04/06/2025 03:00,10598.5
04/06/2025 04:00,10583.5
04/06/2025 05:00,10768.4
04/06/2025 06:00,11380.2
04/06/2025 07:00,12447.9
04/06/2025 08:00,13207.7
04/06/2025 09:00,13503.1
04/06/2025 10:00,13584.7
04/06/2025 11:00,13498.8
04/06/2025 12:00,13295.6
04/06/2025 13:00,13246.0
04/06/2025 14:00,13184.8
04/06/2025 15:00,13074.3
04/06/2025 16:00,13067.4
04/06/2025 17:00,13433.3
04/06/2025 18:00,13318.5
04/06/2025 19:00,13199.2
04/06/2025 20:00,13197.6
04/06/2025 21:00,13295.0
04/06/2025 22:00,13026.4
04/06/2025 23:00,12285.9
05/06/2025 00:00,11620.2
05/06/2025 01:00,11073.0
05/06/2025 02:00,10733.4
05/06/2025 03:00,10541.8
05/06/2025 04:00,10574.8
05/06/2025 05:00,10806.1
05/06/2025 06:00,11362.8
05/06/2025 07:00,12325.5
05/06/2025 08:00,13052.4
05/06/2025 09:00,13369.0
05/06/2025 10:00,13513.4
05/06/2025 11:00,13721.1
05/06/2025 12:00,13842.4
05/06/2025 13:00,13951.4
05/06/2025 14:00,13466.5
05/06/2025 15:00,13250.0
05/06/2025 16:00,13337.2
05/06/2025 17:00,13667.8
05/06/2025 18:00,13757.2
05/06/2025 19:00,13786.0
05/06/2025 20:00,13829.3
05/06/2025 21:00,13767.8
05/06/2025 22:00,13284.7
05/06/2025 23:00,12570.7
06/06/2025 00:00,11742.6
06/06/2025 01:00,11397.3
06/06/2025 02:00,11165.7
06/06/2025 03:00,10935.9
06/06/2025 04:00,10940.5
06/06/2025 05:00,11008.9
06/06/2025 06:00,11378.3
06/06/2025 07:00,12194.7
06/06/2025 08:00,12954.5
06/06/2025 09:00,13224.2
06/06/2025 10:00,13061.4
06/06/2025 11:00,13057.8
06/06/2025 12:00,12963.0
06/06/2025 13:00,13063.6
06/06/2025 14:00,12814.1
06/06/2025 15:00,12784.4
06/06/2025 16:00,12960.3
06/06/2025 17:00,13440.7
06/06/2025 18:00,13085.8
06/06/2025 19:00,12741.7
06/06/2025 20:00,12674.3
06/06/2025 21:00,12687.1
06/06/2025 22:00,12541.4
06/06/2025 23:00,12026.3
07/06/2025 00:00,11385.1
07/06/2025 01:00,10839.3
07/06/2025 02:00,10442.3
07/06/2025 03:00,10281.3
07/06/2025 04:00,10211.4
07/06/2025 05:00,10144.3
07/06/2025 06:00,10129.1
07/06/2025 07:00,10511.8
07/06/2025 08:00,11188.5
07/06/2025 09:00,11755.6
07/06/2025 10:00,12046.7
07/06/2025 11:00,12143.9
07/06/2025 12:00,11972.0
07/06/2025 13:00,11869.3
07/06/2025 14:00,11646.4
07/06/2025 15:00,11498.6
07/06/2025 16:00,11517.5
07/06/2025 17:00,11861.3
07/06/2025 18:00,11844.5
07/06/2025 19:00,11845.5
07/06/2025 20:00,12029.0
07/06/2025 21:00,12146.8
07/06/2025 22:00,11998.2
07/06/2025 23:00,11596.7
08/06/2025 00:00,11158.0
08/06/2025 01:00,10769.0
08/06/2025 02:00,10511.8
08/06/2025 03:00,10434.2
08/06/2025 04:00,10246.7
08/06/2025 05:00,10134.4
08/06/2025 06:00,9912.7
08/06/2025 07:00,9863.4
08/06/2025 08:00,10117.7
08/06/2025 09:00,10449.6
08/06/2025 10:00,10770.1
08/06/2025 11:00,11107.8
08/06/2025 12:00,11258.8
08/06/2025 13:00,11160.5
08/06/2025 14:00,11026.6
08/06/2025 15:00,11053.9
08/06/2025 16:00,11090.8
08/06/2025 17:00,11462.6
08/06/2025 18:00,11579.5
08/06/2025 19:00,11546.5
08/06/2025 20:00,11654.6
08/06/2025 21:00,11962.3
08/06/2025 22:00,12019.6
08/06/2025 23:00,11562.7
09/06/2025 00:00,10949.7
09/06/2025 01:00,10402.2
09/06/2025 02:00,9716.7
09/06/2025 03:00,10011.9
09/06/2025 04:00,9997.6
09/06/2025 05:00,9942.1
09/06/2025 06:00,9672.9
09/06/2025 07:00,9668.5
09/06/2025 08:00,10198.8
09/06/2025 09:00,10540.7
09/06/2025 10:00,10776.5
09/06/2025 11:00,10949.8
09/06/2025 12:00,11105.4
09/06/2025 13:00,11170.2
09/06/2025 14:00,11143.2
09/06/2025 15:00,10998.4
09/06/2025 16:00,11108.3
09/06/2025 17:00,11734.5
09/06/2025 18:00,11741.1
09/06/2025 19:00,11672.4
09/06/2025 20:00,11930.4
09/06/2025 21:00,12273.3
09/06/2025 22:00,12267.0
09/06/2025 23:00,11761.7
10/06/2025 00:00,11173.5
10/06/2025 01:00,10714.6
10/06/2025 02:00,10603.9
10/06/2025 03:00,10416.3
10/06/2025 04:00,10423.8
10/06/2025 05:00,10580.3
10/06/2025 06:00,11367.5
10/06/2025 07:00,12401.1
10/06/2025 08:00,13333.6
10/06/2025 09:00,13876.5
10/06/2025 10:00,14130.5
10/06/2025 11:00,14320.5
10/06/2025 12:00,14170.9
10/06/2025 13:00,13893.5
10/06/2025 14:00,13652.2
10/06/2025 15:00,13573.5
10/06/2025 16:00,13395.4
10/06/2025 17:00,13556.7
10/06/2025 18:00,13122.7
10/06/2025 19:00,12890.5
10/06/2025 20:00,12983.3
10/06/2025 21:00,13116.4
10/06/2025 22:00,12962.4
10/06/2025 23:00,12281.9
11/06/2025 00:00,11541.0
11/06/2025 01:00,11019.5
11/06/2025 02:00,10759.4
11/06/2025 03:00,10534.6
11/06/2025 04:00,10526.2
11/06/2025 05:00,10672.1
11/06/2025 06:00,11209.4
11/06/2025 07:00,12139.2
11/06/2025 08:00,12796.1
11/06/2025 09:00,12947.5
11/06/2025 10:00,13060.6
11/06/2025 11:00,13098.9
11/06/2025 12:00,12909.8
11/06/2025 13:00,13055.2
11/06/2025 14:00,12968.0
11/06/2025 15:00,12923.6
11/06/2025 16:00,12909.4
11/06/2025 17:00,13148.8
11/06/2025 18:00,12994.3
11/06/2025 19:00,12984.7
11/06/2025 20:00,13082.9
11/06/2025 21:00,13335.3
11/06/2025 22:00,13369.4
11/06/2025 23:00,12782.2
12/06/2025 00:00,11882.7
12/06/2025 01:00,11275.1
12/06/2025 02:00,10990.9
12/06/2025 03:00,10767.8
12/06/2025 04:00,10670.9
12/06/2025 05:00,10704.8
12/06/2025 06:00,11160.3
12/06/2025 07:00,12173.0
12/06/2025 08:00,12753.8
12/06/2025 09:00,13022.1
12/06/2025 10:00,13110.6
12/06/2025 11:00,13102.7
12/06/2025 12:00,13152.2
12/06/2025 13:00,13326.8
12/06/2025 14:00,13292.8
12/06/2025 15:00,13264.3
12/06/2025 16:00,13256.0
12/06/2025 17:00,13707.7
12/06/2025 18:00,13554.3
12/06/2025 19:00,13549.0
12/06/2025 20:00,13581.4
12/06/2025 21:00,13792.7
12/06/2025 22:00,13749.8
12/06/2025 23:00,13042.4
13/06/2025 00:00,12215.8
13/06/2025 01:00,11633.3
13/06/2025 02:00,11309.7
13/06/2025 03:00,11021.5
13/06/2025 04:00,10940.3
13/06/2025 05:00,11006.2
13/06/2025 06:00,11431.7
13/06/2025 07:00,12323.3
13/06/2025 08:00,12999.7
13/06/2025 09:00,13456.3
13/06/2025 10:00,13654.5
13/06/2025 11:00,13762.3
13/06/2025 12:00,13639.4
13/06/2025 13:00,13747.4
13/06/2025 14:00,13582.6
13/06/2025 15:00,13558.2
13/06/2025 16:00,13604.3
13/06/2025 17:00,13698.3
13/06/2025 18:00,13603.0
13/06/2025 19:00,13638.6
13/06/2025 20:00,13710.7
13/06/2025 21:00,13814.2
13/06/2025 22:00,13858.5
13/06/2025 23:00,13391.1
14/06/2025 00:00,12655.3
14/06/2025 01:00,12063.9
14/06/2025 02:00,11464.0
14/06/2025 03:00,11025.6
14/06/2025 04:00,10756.1
14/06/2025 05:00,10485.4
14/06/2025 06:00,10494.1
14/06/2025 07:00,10731.9
14/06/2025 08:00,11077.5
14/06/2025 09:00,11675.7
14/06/2025 10:00,11810.7
14/06/2025 11:00,12056.2
14/06/2025 12:00,12348.7
14/06/2025 13:00,12346.8
14/06/2025 14:00,12387.7
14/06/2025 15:00,12375.8
14/06/2025 16:00,12307.6
14/06/2025 17:00,12578.6
14/06/2025 18:00,12471.9
14/06/2025 19:00,12433.2
14/06/2025 20:00,12456.9
14/06/2025 21:00,12550.3
14/06/2025 22:00,12423.0
14/06/2025 23:00,12079.4
15/06/2025 00:00,11507.1
15/06/2025 01:00,11051.9
15/06/2025 02:00,10599.3
15/06/2025 03:00,10348.5
15/06/2025 04:00,10345.4
15/06/2025 05:00,10240.0
15/06/2025 06:00,9882.1
15/06/2025 07:00,9807.1
15/06/2025 08:00,10072.5
15/06/2025 09:00,10492.9
15/06/2025 10:00,10659.2
15/06/2025 11:00,10911.9
15/06/2025 12:00,10983.5
15/06/2025 13:00,11060.9
15/06/2025 14:00,11030.2
15/06/2025 15:00,10832.8
15/06/2025 16:00,10940.5
15/06/2025 17:00,11386.8
15/06/2025 18:00,11510.3
15/06/2025 19:00,11588.6
15/06/2025 20:00,11911.6
15/06/2025 21:00,12218.1
15/06/2025 22:00,12287.5
15/06/2025 23:00,11810.6
16/06/2025 00:00,11259.0
16/06/2025 01:00,10748.0
16/06/2025 02:00,10507.2
16/06/2025 03:00,10383.0
16/06/2025 04:00,10384.1
16/06/2025 05:00,10484.2
16/06/2025 06:00,11001.3
16/06/2025 07:00,11952.1
16/06/2025 08:00,12674.4
16/06/2025 09:00,13152.0
16/06/2025 10:00,13132.4
16/06/2025 11:00,13262.0
16/06/2025 12:00,13232.3
16/06/2025 13:00,13314.3
16/06/2025 14:00,13322.8
16/06/2025 15:00,13272.3
16/06/2025 16:00,13285.9
16/06/2025 17:00,13397.0
16/06/2025 18:00,13267.0
16/06/2025 19:00,13236.5
16/06/2025 20:00,13309.7
16/06/2025 21:00,13454.6
16/06/2025 22:00,13381.8
16/06/2025 23:00,12714.5
17/06/2025 00:00,11940.3
17/06/2025 01:00,11367.8
17/06/2025 02:00,11059.9
17/06/2025 03:00,10921.1
17/06/2025 04:00,10791.7
17/06/2025 05:00,10818.7
17/06/2025 06:00,11293.9
17/06/2025 07:00,12110.9
17/06/2025 08:00,12766.2
17/06/2025 09:00,13135.6
17/06/2025 10:00,13338.1
17/06/2025 11:00,13346.0
17/06/2025 12:00,13330.1
17/06/2025 13:00,13403.9
17/06/2025 14:00,13414.7
17/06/2025 15:00,13375.6
17/06/2025 16:00,13438.4
17/06/2025 17:00,13722.7
17/06/2025 18:00,13536.5
17/06/2025 19:00,13400.2
17/06/2025 20:00,13383.5
17/06/2025 21:00,13543.9
17/06/2025 22:00,13524.0
17/06/2025 23:00,12947.9
18/06/2025 00:00,12059.9
18/06/2025 01:00,11537.4
18/06/2025 02:00,11203.5
18/06/2025 03:00,11030.1
18/06/2025 04:00,10977.2
18/06/2025 05:00,10903.2
18/06/2025 06:00,11267.4
18/06/2025 07:00,12271.3
18/06/2025 08:00,13014.4
18/06/2025 09:00,13312.0
18/06/2025 10:00,13494.6
18/06/2025 11:00,13608.9
18/06/2025 12:00,13446.6
18/06/2025 13:00,13567.6
18/06/2025 14:00,13613.3
18/06/2025 15:00,13600.2
18/06/2025 16:00,13598.5
18/06/2025 17:00,13802.5
18/06/2025 18:00,13648.5
18/06/2025 19:00,13550.7
18/06/2025 20:00,13659.2
18/06/2025 21:00,13810.3
18/06/2025 22:00,13721.0
18/06/2025 23:00,13039.1
19/06/2025 00:00,12273.8
19/06/2025 01:00,11688.4
19/06/2025 02:00,11300.9
19/06/2025 03:00,11139.2
19/06/2025 04:00,11087.1
19/06/2025 05:00,11024.6
19/06/2025 06:00,11482.2
19/06/2025 07:00,12366.4
19/06/2025 08:00,13139.9
19/06/2025 09:00,13621.7
19/06/2025 10:00,13521.1
19/06/2025 11:00,13469.7
19/06/2025 12:00,13369.2
19/06/2025 13:00,13425.1
19/06/2025 14:00,13466.0
19/06/2025 15:00,13499.9
19/06/2025 16:00,13577.5
19/06/2025 17:00,13760.6
19/06/2025 18:00,13616.4
19/06/2025 19:00,13620.5
19/06/2025 20:00,13750.3
19/06/2025 21:00,13885.8
19/06/2025 22:00,13686.5
19/06/2025 23:00,13040.3
20/06/2025 00:00,12169.4
20/06/2025 01:00,11609.2
20/06/2025 02:00,11266.5
20/06/2025 03:00,11076.5
20/06/2025 04:00,11025.6
20/06/2025 05:00,10990.6
20/06/2025 06:00,11370.5
20/06/2025 07:00,12140.6
20/06/2025 08:00,12731.0
20/06/2025 09:00,13036.2
20/06/2025 10:00,13255.1
20/06/2025 11:00,13351.3
20/06/2025 12:00,13227.5
20/06/2025 13:00,13227.6
20/06/2025 14:00,13189.6
20/06/2025 15:00,13087.0
20/06/2025 16:00,13003.4
20/06/2025 17:00,13252.5
20/06/2025 18:00,13231.0
20/06/2025 19:00,13184.0
20/06/2025 20:00,13281.2
20/06/2025 21:00,13372.6
20/06/2025 22:00,13295.8
20/06/2025 23:00,12733.4
21/06/2025 00:00,11932.7
21/06/2025 01:00,11380.9
21/06/2025 02:00,11048.3
21/06/2025 03:00,10744.6
21/06/2025 04:00,10586.8
21/06/2025 05:00,10373.9
21/06/2025 06:00,10081.3
21/06/2025 07:00,10284.2
21/06/2025 08:00,10649.4
21/06/2025 09:00,11154.1
21/06/2025 10:00,11454.4
21/06/2025 11:00,11687.7
21/06/2025 12:00,11890.2
21/06/2025 13:00,12004.8
21/06/2025 14:00,11913.8
21/06/2025 15:00,11718.1
21/06/2025 16:00,11725.1
21/06/2025 17:00,11956.8
21/06/2025 18:00,12075.8
21/06/2025 19:00,12352.5
21/06/2025 20:00,12672.0
21/06/2025 21:00,12928.7
21/06/2025 22:00,12851.3
21/06/2025 23:00,12547.6
22/06/2025 00:00,11876.0
22/06/2025 01:00,11389.3
22/06/2025 02:00,10983.5
22/06/2025 03:00,10721.2
22/06/2025 04:00,10737.8
22/06/2025 05:00,10330.7
22/06/2025 06:00,9885.2
22/06/2025 07:00,10054.4
22/06/2025 08:00,10374.2
22/06/2025 09:00,10799.2
22/06/2025 10:00,11383.5
22/06/2025 11:00,11944.0
22/06/2025 12:00,12223.8
22/06/2025 13:00,12181.5
22/06/2025 14:00,12293.1
22/06/2025 15:00,12037.1
22/06/2025 16:00,11970.4
22/06/2025 17:00,12041.4
22/06/2025 18:00,12290.3
22/06/2025 19:00,12396.1
22/06/2025 20:00,12633.1
22/06/2025 21:00,12828.5
22/06/2025 22:00,12856.4
22/06/2025 23:00,12466.2
23/06/2025 00:00,11795.1
23/06/2025 01:00,11319.5
23/06/2025 02:00,11296.3
23/06/2025 03:00,11003.5
23/06/2025 04:00,10988.9
23/06/2025 05:00,11095.0
23/06/2025 06:00,11678.2
23/06/2025 07:00,12944.9
23/06/2025 08:00,13766.5
23/06/2025 09:00,14082.9
23/06/2025 10:00,13965.0
23/06/2025 11:00,13716.8
23/06/2025 12:00,13353.5
23/06/2025 13:00,13191.7
23/06/2025 14:00,13051.2
23/06/2025 15:00,13087.1
23/06/2025 16:00,13088.7
23/06/2025 17:00,13420.4
23/06/2025 18:00,13342.9
23/06/2025 19:00,13228.7
23/06/2025 20:00,13231.2
23/06/2025 21:00,13424.8
23/06/2025 22:00,13202.8
23/06/2025 23:00,12570.4
24/06/2025 00:00,11942.2
24/06/2025 01:00,11433.5
24/06/2025 02:00,11209.1
24/06/2025 03:00,11131.2
24/06/2025 04:00,10955.9
24/06/2025 05:00,11019.2
24/06/2025 06:00,11444.9
24/06/2025 07:00,12379.4
24/06/2025 08:00,13203.5
24/06/2025 09:00,13707.3
24/06/2025 10:00,13775.2
24/06/2025 11:00,13677.3
24/06/2025 12:00,13755.6
24/06/2025 13:00,14106.0
24/06/2025 14:00,14108.8
24/06/2025 15:00,14100.4
24/06/2025 16:00,14220.0
24/06/2025 17:00,14467.6
24/06/2025 18:00,13792.1
24/06/2025 19:00,13434.6
24/06/2025 20:00,13527.1
24/06/2025 21:00,13721.2
24/06/2025 22:00,13590.3
24/06/2025 23:00,12908.8
25/06/2025 00:00,12216.6
25/06/2025 01:00,11655.2
25/06/2025 02:00,11322.0
25/06/2025 03:00,11186.6
25/06/2025 04:00,11222.0
25/06/2025 05:00,11251.4
25/06/2025 06:00,11578.1
25/06/2025 07:00,12419.5
25/06/2025 08:00,13185.8
25/06/2025 09:00,13633.5
25/06/2025 10:00,13835.0
25/06/2025 11:00,13841.9
25/06/2025 12:00,13857.7
25/06/2025 13:00,13879.8
25/06/2025 14:00,13683.7
25/06/2025 15:00,13655.8
25/06/2025 16:00,13686.0
25/06/2025 17:00,14005.9
25/06/2025 18:00,13887.1
25/06/2025 19:00,13878.1
25/06/2025 20:00,13843.4
25/06/2025 21:00,14048.1
25/06/2025 22:00,13922.0
25/06/2025 23:00,13221.1
26/06/2025 00:00,12402.1
26/06/2025 01:00,11811.7
26/06/2025 02:00,11427.4
26/06/2025 03:00,11203.2
26/06/2025 04:00,11271.6
26/06/2025 05:00,11443.2
26/06/2025 06:00,12289.8
26/06/2025 07:00,13530.0
26/06/2025 08:00,14649.1
26/06/2025 09:00,15044.2
26/06/2025 10:00,14639.2
26/06/2025 11:00,14584.8
26/06/2025 12:00,14341.1
26/06/2025 13:00,14167.7
26/06/2025 14:00,13953.0
26/06/2025 15:00,13997.9
26/06/2025 16:00,14085.1
26/06/2025 17:00,14444.2
26/06/2025 18:00,14396.2
26/06/2025 19:00,14251.5
26/06/2025 20:00,14111.0
26/06/2025 21:00,14073.3
26/06/2025 22:00,13619.6
26/06/2025 23:00,13022.6
27/06/2025 00:00,12470.4
27/06/2025 01:00,11836.5
27/06/2025 02:00,11484.3
27/06/2025 03:00,11331.8
27/06/2025 04:00,11239.8
27/06/2025 05:00,11368.4
27/06/2025 06:00,12056.0
27/06/2025 07:00,13047.3
27/06/2025 08:00,13516.9
27/06/2025 09:00,13698.6
27/06/2025 10:00,13648.5
27/06/2025 11:00,13422.5
27/06/2025 12:00,13331.0
27/06/2025 13:00,13379.4
27/06/2025 14:00,13405.4
27/06/2025 15:00,13251.6
27/06/2025 16:00,13097.6
27/06/2025 17:00,13230.0
27/06/2025 18:00,13176.4
27/06/2025 19:00,13160.1
27/06/2025 20:00,13245.3
27/06/2025 21:00,13370.5
27/06/2025 22:00,13303.4
27/06/2025 23:00,12881.7
28/06/2025 00:00,12198.0
28/06/2025 01:00,11580.1
28/06/2025 02:00,11249.8
28/06/2025 03:00,11044.0
28/06/2025 04:00,10924.7
28/06/2025 05:00,10574.1
28/06/2025 06:00,10448.4
28/06/2025 07:00,10688.2
28/06/2025 08:00,11329.3
28/06/2025 09:00,11778.4
28/06/2025 10:00,11988.0
28/06/2025 11:00,12144.5
28/06/2025 12:00,12265.1
28/06/2025 13:00,12136.2
28/06/2025 14:00,11983.1
28/06/2025 15:00,11927.5
28/06/2025 16:00,12047.5
28/06/2025 17:00,12436.8
28/06/2025 18:00,12493.9
28/06/2025 19:00,12420.4
28/06/2025 20:00,12668.3
28/06/2025 21:00,12930.9
28/06/2025 22:00,12947.5
28/06/2025 23:00,12615.0
29/06/2025 00:00,12033.3
29/06/2025 01:00,11452.9
29/06/2025 02:00,11081.4
29/06/2025 03:00,10820.6
29/06/2025 04:00,10626.3
29/06/2025 05:00,10415.6
29/06/2025 06:00,10005.7
29/06/2025 07:00,9905.3
29/06/2025 08:00,10364.2
29/06/2025 09:00,10788.9
29/06/2025 10:00,11131.6
29/06/2025 11:00,11288.4
29/06/2025 12:00,11586.8
29/06/2025 13:00,11688.5
29/06/2025 14:00,11635.6
29/06/2025 15:00,11526.9
29/06/2025 16:00,11595.4
29/06/2025 17:00,12089.6
29/06/2025 18:00,12234.8
29/06/2025 19:00,12410.9
29/06/2025 20:00,12838.3
29/06/2025 21:00,13195.6
29/06/2025 22:00,13203.7
29/06/2025 23:00,12618.0
30/06/2025 00:00,11887.1
30/06/2025 01:00,11429.0
30/06/2025 02:00,11097.8
30/06/2025 03:00,10893.2
30/06/2025 04:00,10916.5
30/06/2025 05:00,10973.6
30/06/2025 06:00,11482.9
30/06/2025 07:00,12422.0
30/06/2025 08:00,13082.9
30/06/2025 09:00,13398.0
30/06/2025 10:00,13509.1
30/06/2025 11:00,13731.8
30/06/2025 12:00,13742.3
30/06/2025 13:00,13932.2
30/06/2025 14:00,13832.5
30/06/2025 15:00,13738.7
30/06/2025 16:00,13816.0
30/06/2025 17:00,14164.7
30/06/2025 18:00,14182.3
30/06/2025 19:00,14335.1
30/06/2025 20:00,14559.5
30/06/2025 21:00,14797.7
30/06/2025 22:00,14740.3
30/06/2025 23:00,13819.8
01/07/2025 00:00,12965.2
01/07/2025 01:00,12463.9
01/07/2025 02:00,11972.4
01/07/2025 03:00,11624.5
01/07/2025 04:00,11520.9
01/07/2025 05:00,11554.4
01/07/2025 06:00,12128.9
01/07/2025 07:00,13020.6
01/07/2025 08:00,13634.6
01/07/2025 09:00,14009.9
01/07/2025 10:00,14295.8
01/07/2025 11:00,14391.7
01/07/2025 12:00,14545.1
01/07/2025 13:00,14590.5
01/07/2025 14:00,14460.4
01/07/2025 15:00,14353.0
01/07/2025 16:00,14438.3
01/07/2025 17:00,14854.3
01/07/2025 18:00,14865.1
01/07/2025 19:00,15062.1
01/07/2025 20:00,15341.6
01/07/2025 21:00,15703.8
01/07/2025 22:00,15311.8
01/07/2025 23:00,14498.8
02/07/2025 00:00,13419.3
02/07/2025 01:00,12789.8
02/07/2025 02:00,12396.3
02/07/2025 03:00,12119.7
02/07/2025 04:00,12006.1
02/07/2025 05:00,12141.1
02/07/2025 06:00,12617.8
02/07/2025 07:00,13572.7
02/07/2025 08:00,14236.1
02/07/2025 09:00,14550.9
02/07/2025 10:00,14549.2
02/07/2025 11:00,14587.4
02/07/2025 12:00,14605.9
02/07/2025 13:00,14843.4
02/07/2025 14:00,14898.1
02/07/2025 15:00,14721.4
02/07/2025 16:00,15019.6
02/07/2025 17:00,15701.3
02/07/2025 18:00,15813.1
02/07/2025 19:00,15188.4
02/07/2025 20:00,14791.9
02/07/2025 21:00,14342.2
02/07/2025 22:00,14087.7
02/07/2025 23:00,13372.2
03/07/2025 00:00,12690.9
03/07/2025 01:00,12107.8
03/07/2025 02:00,11641.3
03/07/2025 03:00,11358.5
03/07/2025 04:00,11228.1
03/07/2025 05:00,11293.0
03/07/2025 06:00,11685.0
03/07/2025 07:00,12531.0
03/07/2025 08:00,13158.4
03/07/2025 09:00,13375.4
03/07/2025 10:00,13398.2
03/07/2025 11:00,13382.8
03/07/2025 12:00,13360.5
03/07/2025 13:00,13380.6
03/07/2025 14:00,13393.3
03/07/2025 15:00,13301.0
03/07/2025 16:00,13254.1
03/07/2025 17:00,13458.3
03/07/2025 18:00,13409.9
03/07/2025 19:00,13432.4
03/07/2025 20:00,13617.2
03/07/2025 21:00,13788.4
03/07/2025 22:00,13622.9
03/07/2025 23:00,12986.6
04/07/2025 00:00,12198.0
04/07/2025 01:00,11585.0
04/07/2025 02:00,11173.9
04/07/2025 03:00,10996.7
04/07/2025 04:00,10918.3
04/07/2025 05:00,10982.8
04/07/2025 06:00,11368.5
04/07/2025 07:00,12231.5
04/07/2025 08:00,12881.0
04/07/2025 09:00,13145.1
04/07/2025 10:00,13252.9
04/07/2025 11:00,13363.9
04/07/2025 12:00,13325.7
04/07/2025 13:00,13376.5
04/07/2025 14:00,13201.3
04/07/2025 15:00,13175.9
04/07/2025 16:00,13142.5
04/07/2025 17:00,13260.2
04/07/2025 18:00,13164.0
04/07/2025 19:00,13143.9
04/07/2025 20:00,13289.5
04/07/2025 21:00,13513.6
04/07/2025 22:00,13362.9
04/07/2025 23:00,12830.7
05/07/2025 00:00,12120.3
05/07/2025 01:00,11597.4
05/07/2025 02:00,11154.7
05/07/2025 03:00,10906.5
05/07/2025 04:00,10802.0
05/07/2025 05:00,10757.9
05/07/2025 06:00,10587.6
05/07/2025 07:00,10717.6
05/07/2025 08:00,11181.8
05/07/2025 09:00,11692.7
05/07/2025 10:00,11936.4
05/07/2025 11:00,11934.9
05/07/2025 12:00,12038.2
05/07/2025 13:00,12029.7
05/07/2025 14:00,11905.8
05/07/2025 15:00,11824.0
05/07/2025 16:00,12027.3
05/07/2025 17:00,12512.5
05/07/2025 18:00,12823.6
05/07/2025 19:00,12783.5
05/07/2025 20:00,12718.9
05/07/2025 21:00,12654.5
05/07/2025 22:00,12485.5
05/07/2025 23:00,12019.1
06/07/2025 00:00,11468.0
06/07/2025 01:00,11143.4
06/07/2025 02:00,10754.4
06/07/2025 03:00,10499.8
06/07/2025 04:00,10377.3
06/07/2025 05:00,10221.4
06/07/2025 06:00,10072.9
06/07/2025 07:00,10108.9
06/07/2025 08:00,10621.5
06/07/2025 09:00,11220.9
06/07/2025 10:00,11655.2
06/07/2025 11:00,12054.8
06/07/2025 12:00,12431.3
06/07/2025 13:00,12401.3
06/07/2025 14:00,12360.1
06/07/2025 15:00,12085.2
06/07/2025 16:00,12014.2
06/07/2025 17:00,12332.1
06/07/2025 18:00,12463.1
06/07/2025 19:00,12346.7
06/07/2025 20:00,12309.4
06/07/2025 21:00,12352.5
06/07/2025 22:00,12379.8
06/07/2025 23:00,11851.2
07/07/2025 00:00,11599.7
07/07/2025 01:00,11051.1
07/07/2025 02:00,10672.0
07/07/2025 03:00,10619.0
07/07/2025 04:00,10725.4
07/07/2025 05:00,10870.7
07/07/2025 06:00,11432.3
07/07/2025 07:00,12550.3
07/07/2025 08:00,13399.9
07/07/2025 09:00,13584.0
07/07/2025 10:00,13677.7
07/07/2025 11:00,13642.3
07/07/2025 12:00,13549.1
07/07/2025 13:00,13419.4
07/07/2025 14:00,13311.6
07/07/2025 15:00,13262.4
07/07/2025 16:00,13288.4
07/07/2025 17:00,13611.4
07/07/2025 18:00,13420.1
07/07/2025 19:00,13343.9
07/07/2025 20:00,13342.9
07/07/2025 21:00,13340.8
07/07/2025 22:00,13079.3
07/07/2025 23:00,12473.2
08/07/2025 00:00,11738.0
08/07/2025 01:00,11298.0
08/07/2025 02:00,11252.1
08/07/2025 03:00,10794.3
08/07/2025 04:00,10742.9
08/07/2025 05:00,11059.6
08/07/2025 06:00,11674.9
08/07/2025 07:00,12473.4
08/07/2025 08:00,12995.3
08/07/2025 09:00,13288.7
08/07/2025 10:00,13257.4
08/07/2025 11:00,13283.7
08/07/2025 12:00,13237.8
08/07/2025 13:00,13236.9
08/07/2025 14:00,13142.4
08/07/2025 15:00,13227.6
08/07/2025 16:00,13370.7
08/07/2025 17:00,13811.8
08/07/2025 18:00,13591.4
08/07/2025 19:00,13443.8
08/07/2025 20:00,13384.6
08/07/2025 21:00,13361.9
08/07/2025 22:00,13169.4
08/07/2025 23:00,12516.9
09/07/2025 00:00,11827.0
09/07/2025 01:00,11291.6
09/07/2025 02:00,10907.5
09/07/2025 03:00,10717.7
09/07/2025 04:00,10690.9
09/07/2025 05:00,10845.4
09/07/2025 06:00,11401.1
09/07/2025 07:00,12341.6
09/07/2025 08:00,13053.5
09/07/2025 09:00,13084.1
09/07/2025 10:00,13097.3
09/07/2025 11:00,13107.7
09/07/2025 12:00,12921.9
09/07/2025 13:00,13043.1
09/07/2025 14:00,12977.1
09/07/2025 15:00,12896.3
09/07/2025 16:00,12917.3
09/07/2025 17:00,13281.5
09/07/2025 18:00,13125.0
09/07/2025 19:00,13139.5
09/07/2025 20:00,13288.4
09/07/2025 21:00,13467.4
09/07/2025 22:00,13392.3
09/07/2025 23:00,12784.6
10/07/2025 00:00,12042.0
10/07/2025 01:00,11476.2
10/07/2025 02:00,11220.8
10/07/2025 03:00,10968.5
10/07/2025 04:00,10888.2
10/07/2025 05:00,11064.4
10/07/2025 06:00,11527.9
10/07/2025 07:00,12422.7
10/07/2025 08:00,13091.3
10/07/2025 09:00,13376.1
10/07/2025 10:00,13409.2
10/07/2025 11:00,13484.3
10/07/2025 12:00,13521.3
10/07/2025 13:00,13477.6
10/07/2025 14:00,13480.1
10/07/2025 15:00,13525.4
10/07/2025 16:00,13393.4
10/07/2025 17:00,13659.4
10/07/2025 18:00,13470.9
10/07/2025 19:00,13509.0
10/07/2025 20:00,13672.3
10/07/2025 21:00,13804.0
10/07/2025 22:00,13700.4
10/07/2025 23:00,13008.6
11/07/2025 00:00,12190.6
11/07/2025 01:00,11687.1
11/07/2025 02:00,11399.1
11/07/2025 03:00,11207.0
11/07/2025 04:00,11089.9
11/07/2025 05:00,11200.8
11/07/2025 06:00,11547.9
11/07/2025 07:00,12405.4
11/07/2025 08:00,13162.1
11/07/2025 09:00,13459.3
11/07/2025 10:00,13721.6
11/07/2025 11:00,13596.6
11/07/2025 12:00,13477.0
11/07/2025 13:00,13548.4
11/07/2025 14:00,13517.8
11/07/2025 15:00,13310.8
11/07/2025 16:00,13185.0
11/07/2025 17:00,13404.1
11/07/2025 18:00,13247.2
11/07/2025 19:00,13148.8
11/07/2025 20:00,13201.0
11/07/2025 21:00,13292.7
11/07/2025 22:00,13168.9
11/07/2025 23:00,12716.0
12/07/2025 00:00,12061.6
12/07/2025 01:00,11493.0
12/07/2025 02:00,11055.0
12/07/2025 03:00,10813.5
12/07/2025 04:00,10703.1
12/07/2025 05:00,10577.1
12/07/2025 06:00,10484.6
12/07/2025 07:00,10559.3
12/07/2025 08:00,10924.3
12/07/2025 09:00,11279.6
12/07/2025 10:00,11616.7
12/07/2025 11:00,11640.1
12/07/2025 12:00,11572.3
12/07/2025 13:00,11570.1
12/07/2025 14:00,11506.3
12/07/2025 15:00,11398.7
12/07/2025 16:00,11389.6
12/07/2025 17:00,11779.9
12/07/2025 18:00,11923.1
12/07/2025 19:00,12049.1
12/07/2025 20:00,12211.4
12/07/2025 21:00,12484.3
12/07/2025 22:00,12539.9
12/07/2025 23:00,12144.2
13/07/2025 00:00,11574.1
13/07/2025 01:00,11087.8
13/07/2025 02:00,10735.3
13/07/2025 03:00,10545.3
13/07/2025 04:00,10425.9
13/07/2025 05:00,10298.4
13/07/2025 06:00,10020.6
13/07/2025 07:00,9974.5
13/07/2025 08:00,10306.7
13/07/2025 09:00,10814.2
13/07/2025 10:00,11184.3
13/07/2025 11:00,11448.6
13/07/2025 12:00,11761.4
13/07/2025 13:00,11631.8
13/07/2025 14:00,11486.6
13/07/2025 15:00,11526.1
13/07/2025 16:00,11547.8
13/07/2025 17:00,12003.2
13/07/2025 18:00,12092.0
13/07/2025 19:00,12189.6
13/07/2025 20:00,12424.5
13/07/2025 21:00,12690.7
13/07/2025 22:00,12702.4
13/07/2025 23:00,12164.5
14/07/2025 00:00,11610.3
14/07/2025 01:00,11200.0
14/07/2025 02:00,10929.9
14/07/2025 03:00,10830.8
14/07/2025 04:00,10850.5
14/07/2025 05:00,11026.0
14/07/2025 06:00,11385.1
14/07/2025 07:00,12338.6
14/07/2025 08:00,13164.4
14/07/2025 09:00,13451.7
14/07/2025 10:00,13601.9
14/07/2025 11:00,13620.1
14/07/2025 12:00,13647.3
14/07/2025 13:00,13885.0
14/07/2025 14:00,13997.4
14/07/2025 15:00,13916.0
14/07/2025 16:00,13811.9
14/07/2025 17:00,14073.5
14/07/2025 18:00,13753.8
14/07/2025 19:00,13692.3
14/07/2025 20:00,13874.4
14/07/2025 21:00,13958.1
14/07/2025 22:00,13730.0
14/07/2025 23:00,12992.6
15/07/2025 00:00,12234.7
15/07/2025 01:00,11682.8
15/07/2025 02:00,11393.1
15/07/2025 03:00,11225.2
15/07/2025 04:00,11109.2
15/07/2025 05:00,11236.3
15/07/2025 06:00,11771.5
15/07/2025 07:00,12504.5
15/07/2025 08:00,13078.2
15/07/2025 09:00,13311.6
15/07/2025 10:00,13364.0
15/07/2025 11:00,13491.1
15/07/2025 12:00,13434.0
15/07/2025 13:00,13472.1
15/07/2025 14:00,13546.4
15/07/2025 15:00,13559.5
15/07/2025 16:00,13509.9
15/07/2025 17:00,14054.6
15/07/2025 18:00,13689.4
15/07/2025 19:00,13471.7
15/07/2025 20:00,13536.8
15/07/2025 21:00,13664.4
15/07/2025 22:00,13454.0
15/07/2025 23:00,12793.1
16/07/2025 00:00,12121.2
16/07/2025 01:00,11627.3
16/07/2025 02:00,11247.9
16/07/2025 03:00,11027.8
16/07/2025 04:00,11074.3
16/07/2025 05:00,11311.9
16/07/2025 06:00,11891.2
16/07/2025 07:00,12573.6
16/07/2025 08:00,13259.6
16/07/2025 09:00,13543.8
16/07/2025 10:00,13770.4
16/07/2025 11:00,13806.7
16/07/2025 12:00,13599.5
16/07/2025 13:00,13643.1
16/07/2025 14:00,13562.1
16/07/2025 15:00,13527.6
16/07/2025 16:00,13410.2
16/07/2025 17:00,13618.8
16/07/2025 18:00,13328.0
16/07/2025 19:00,13138.5
16/07/2025 20:00,13198.0
16/07/2025 21:00,13379.4
16/07/2025 22:00,13264.2
16/07/2025 23:00,12646.7
17/07/2025 00:00,11931.7
17/07/2025 01:00,11360.3
17/07/2025 02:00,11097.7
17/07/2025 03:00,10877.2
17/07/2025 04:00,10870.4
17/07/2025 05:00,11022.4
17/07/2025 06:00,11456.4
17/07/2025 07:00,12243.9
17/07/2025 08:00,12927.2
17/07/2025 09:00,13146.8
17/07/2025 10:00,13296.9
17/07/2025 11:00,13385.9
17/07/2025 12:00,13200.3
17/07/2025 13:00,13216.9
17/07/2025 14:00,13149.6
17/07/2025 15:00,13122.3
17/07/2025 16:00,13132.5
17/07/2025 17:00,13381.0
17/07/2025 18:00,13254.1
17/07/2025 19:00,13338.1
17/07/2025 20:00,13572.8
17/07/2025 21:00,13708.8
17/07/2025 22:00,13431.5
17/07/2025 23:00,12743.4
18/07/2025 00:00,12016.2
18/07/2025 01:00,11550.9
18/07/2025 02:00,11256.4
18/07/2025 03:00,11024.6
18/07/2025 04:00,10962.9
18/07/2025 05:00,11081.8
18/07/2025 06:00,11490.9
18/07/2025 07:00,12257.2
18/07/2025 08:00,12894.8
18/07/2025 09:00,13191.4
18/07/2025 10:00,13233.0
18/07/2025 11:00,13312.0
18/07/2025 12:00,13211.7
18/07/2025 13:00,13169.3
18/07/2025 14:00,13189.3
18/07/2025 15:00,13100.4
18/07/2025 16:00,13203.4
18/07/2025 17:00,13394.0
18/07/2025 18:00,13204.2
18/07/2025 19:00,13185.1
18/07/2025 20:00,13370.3
18/07/2025 21:00,13522.4
18/07/2025 22:00,13336.7
18/07/2025 23:00,12732.9
19/07/2025 00:00,12088.8
19/07/2025 01:00,11562.0
19/07/2025 02:00,11165.9
19/07/2025 03:00,10900.8
19/07/2025 04:00,10823.3
19/07/2025 05:00,10690.7
19/07/2025 06:00,10433.3
19/07/2025 07:00,10448.2
19/07/2025 08:00,10813.6
19/07/2025 09:00,11292.4
19/07/2025 10:00,11621.6
19/07/2025 11:00,11807.6
19/07/2025 12:00,11938.3
19/07/2025 13:00,12140.3
19/07/2025 14:00,12055.2
19/07/2025 15:00,12022.6
19/07/2025 16:00,12358.8
19/07/2025 17:00,12768.7
19/07/2025 18:00,13053.1
19/07/2025 19:00,13217.4
19/07/2025 20:00,13210.2
19/07/2025 21:00,13032.7
19/07/2025 22:00,12863.3
19/07/2025 23:00,12615.1
20/07/2025 00:00,11927.9
20/07/2025 01:00,11322.0
20/07/2025 02:00,10959.3
20/07/2025 03:00,10745.7
20/07/2025 04:00,10599.7
20/07/2025 05:00,10551.3
20/07/2025 06:00,10364.8
20/07/2025 07:00,10272.8
20/07/2025 08:00,10671.2
20/07/2025 09:00,11060.8
20/07/2025 10:00,11387.0
20/07/2025 11:00,11514.4
20/07/2025 12:00,11755.8
20/07/2025 13:00,11879.3
20/07/2025 14:00,12070.9
20/07/2025 15:00,12102.7
20/07/2025 16:00,12341.7
20/07/2025 17:00,12578.9
20/07/2025 18:00,12392.1
20/07/2025 19:00,12423.7
20/07/2025 20:00,12428.1
20/07/2025 21:00,12645.3
20/07/2025 22:00,12548.1
20/07/2025 23:00,12063.2
21/07/2025 00:00,11519.2
21/07/2025 01:00,11085.1
21/07/2025 02:00,10841.3
21/07/2025 03:00,10743.3
21/07/2025 04:00,10841.5
21/07/2025 05:00,10951.5
21/07/2025 06:00,11499.6
21/07/2025 07:00,12147.9
21/07/2025 08:00,12758.8
21/07/2025 09:00,12923.9
21/07/2025 10:00,13193.4
21/07/2025 11:00,13503.2
21/07/2025 12:00,13479.4
21/07/2025 13:00,13590.5
21/07/2025 14:00,13551.5
21/07/2025 15:00,13576.0
21/07/2025 16:00,13632.2
21/07/2025 17:00,13859.9
21/07/2025 18:00,13543.2
21/07/2025 19:00,13357.3
21/07/2025 20:00,13475.4
21/07/2025 21:00,13416.5
21/07/2025 22:00,13141.7
21/07/2025 23:00,12488.7
22/07/2025 00:00,11817.7
22/07/2025 01:00,11319.6
22/07/2025 02:00,11129.6
22/07/2025 03:00,10912.9
22/07/2025 04:00,10842.6
22/07/2025 05:00,11003.3
22/07/2025 06:00,11641.7
22/07/2025 07:00,12496.0
22/07/2025 08:00,13153.0
22/07/2025 09:00,13340.5
22/07/2025 10:00,13292.6
22/07/2025 11:00,13319.9
22/07/2025 12:00,13252.2
22/07/2025 13:00,13432.7
22/07/2025 14:00,13380.0
22/07/2025 15:00,13286.9
22/07/2025 16:00,13295.4
22/07/2025 17:00,13494.3
22/07/2025 18:00,13265.8
22/07/2025 19:00,13151.7
22/07/2025 20:00,13284.4
22/07/2025 21:00,13497.3
22/07/2025 22:00,13325.3
22/07/2025 23:00,12642.8
23/07/2025 00:00,11958.7
23/07/2025 01:00,11508.1
23/07/2025 02:00,11216.6
23/07/2025 03:00,11007.6
23/07/2025 04:00,10955.3
23/07/2025 05:00,11129.0
23/07/2025 06:00,11640.5
23/07/2025 07:00,12480.2
23/07/2025 08:00,13158.3
23/07/2025 09:00,13422.3
23/07/2025 10:00,13563.0
23/07/2025 11:00,13475.9
23/07/2025 12:00,13303.7
23/07/2025 13:00,13372.7
23/07/2025 14:00,13254.5
23/07/2025 15:00,13405.7
23/07/2025 16:00,13314.8
23/07/2025 17:00,13568.6
23/07/2025 18:00,13403.2
23/07/2025 19:00,13251.6
23/07/2025 20:00,13241.6
23/07/2025 21:00,13361.6
23/07/2025 22:00,13202.8
23/07/2025 23:00,12582.4
24/07/2025 00:00,11851.2
24/07/2025 01:00,11321.8
24/07/2025 02:00,10970.9
24/07/2025 03:00,10813.5
24/07/2025 04:00,10826.7
24/07/2025 05:00,10907.6
24/07/2025 06:00,11414.3
24/07/2025 07:00,12116.1
24/07/2025 08:00,12729.5
24/07/2025 09:00,13010.2
24/07/2025 10:00,13121.4
24/07/2025 11:00,13196.3
24/07/2025 12:00,13146.8
24/07/2025 13:00,13099.4
24/07/2025 14:00,13045.5
24/07/2025 15:00,13069.2
24/07/2025 16:00,13080.9
24/07/2025 17:00,13246.2
24/07/2025 18:00,13216.4
24/07/2025 19:00,13194.6
24/07/2025 20:00,13340.0
24/07/2025 21:00,13416.4
24/07/2025 22:00,13250.1
24/07/2025 23:00,12582.5
25/07/2025 00:00,11886.5
25/07/2025 01:00,11378.9
25/07/2025 02:00,11085.8
25/07/2025 03:00,10963.1
25/07/2025 04:00,10934.3
25/07/2025 05:00,11049.1
25/07/2025 06:00,11617.2
25/07/2025 07:00,12423.5
25/07/2025 08:00,13219.9
25/07/2025 09:00,13476.4
25/07/2025 10:00,13473.2
25/07/2025 11:00,13436.2
25/07/2025 12:00,13283.7
25/07/2025 13:00,13270.8
25/07/2025 14:00,12975.5
25/07/2025 15:00,12662.7
25/07/2025 16:00,12613.1
25/07/2025 17:00,12843.8
25/07/2025 18:00,12697.0
25/07/2025 19:00,12668.7
25/07/2025 20:00,12705.8
25/07/2025 21:00,12856.2
25/07/2025 22:00,12716.9
25/07/2025 23:00,12229.2
26/07/2025 00:00,11572.0
26/07/2025 01:00,11039.4
26/07/2025 02:00,10664.0
26/07/2025 03:00,10428.6
26/07/2025 04:00,10307.0
26/07/2025 05:00,10322.0
26/07/2025 06:00,10148.9
26/07/2025 07:00,10131.2
26/07/2025 08:00,10467.9
26/07/2025 09:00,10956.4
26/07/2025 10:00,11311.9
26/07/2025 11:00,11276.5
26/07/2025 12:00,11392.3
26/07/2025 13:00,11383.0
26/07/2025 14:00,11467.7
26/07/2025 15:00,11389.5
26/07/2025 16:00,11577.2
26/07/2025 17:00,11994.7
26/07/2025 18:00,12112.7
26/07/2025 19:00,12150.4
26/07/2025 20:00,12155.0
26/07/2025 21:00,12298.6
26/07/2025 22:00,12195.0
26/07/2025 23:00,11721.9
27/07/2025 00:00,11209.6
27/07/2025 01:00,10827.4
27/07/2025 02:00,10507.6
27/07/2025 03:00,10324.6
27/07/2025 04:00,10230.5
27/07/2025 05:00,10169.6
27/07/2025 06:00,9933.7
27/07/2025 07:00,9731.8
27/07/2025 08:00,10061.3
27/07/2025 09:00,10284.0
27/07/2025 10:00,10620.1
27/07/2025 11:00,10809.1
27/07/2025 12:00,10980.7
27/07/2025 13:00,11054.7
27/07/2025 14:00,11049.9
27/07/2025 15:00,10954.7
27/07/2025 16:00,11079.5
27/07/2025 17:00,11593.6
27/07/2025 18:00,11739.6
27/07/2025 19:00,11656.7
27/07/2025 20:00,11845.9
27/07/2025 21:00,12144.6
27/07/2025 22:00,12079.2
27/07/2025 23:00,11470.4
28/07/2025 00:00,10992.3
28/07/2025 01:00,10590.2
28/07/2025 02:00,10502.3
28/07/2025 03:00,10315.8
28/07/2025 04:00,10309.6
28/07/2025 05:00,10597.4
28/07/2025 06:00,11056.3
28/07/2025 07:00,11616.6
28/07/2025 08:00,12207.1
28/07/2025 09:00,12519.5
28/07/2025 10:00,12618.3
28/07/2025 11:00,12743.9
28/07/2025 12:00,12545.7
28/07/2025 13:00,12565.7
28/07/2025 14:00,12535.0
28/07/2025 15:00,12489.9
28/07/2025 16:00,12569.6
28/07/2025 17:00,12842.0
28/07/2025 18:00,12717.6
28/07/2025 19:00,12587.4
28/07/2025 20:00,12750.2
28/07/2025 21:00,12957.1
28/07/2025 22:00,12711.6
28/07/2025 23:00,12090.7
29/07/2025 00:00,11550.2
29/07/2025 01:00,11025.4
29/07/2025 02:00,10703.2
29/07/2025 03:00,10593.7
29/07/2025 04:00,10505.5
29/07/2025 05:00,10750.0
29/07/2025 06:00,11255.9
29/07/2025 07:00,11779.4
29/07/2025 08:00,12330.9
29/07/2025 09:00,12592.0
29/07/2025 10:00,12625.4
29/07/2025 11:00,12630.8
29/07/2025 12:00,12657.4
29/07/2025 13:00,12597.9
29/07/2025 14:00,12561.4
29/07/2025 15:00,12487.3
29/07/2025 16:00,12502.3
29/07/2025 17:00,12848.9
29/07/2025 18:00,12794.3
29/07/2025 19:00,12684.7
29/07/2025 20:00,12812.3
29/07/2025 21:00,13000.1
29/07/2025 22:00,12657.8
29/07/2025 23:00,12039.1
30/07/2025 00:00,11467.6
30/07/2025 01:00,11027.4
30/07/2025 02:00,10831.4
30/07/2025 03:00,10727.9
30/07/2025 04:00,10622.2
30/07/2025 05:00,10791.5
30/07/2025 06:00,11181.1
30/07/2025 07:00,11735.3
30/07/2025 08:00,12261.7
30/07/2025 09:00,12623.0
30/07/2025 10:00,12627.9
30/07/2025 11:00,12756.4
30/07/2025 12:00,12666.9
30/07/2025 13:00,12572.2
30/07/2025 14:00,12493.3
30/07/2025 15:00,12466.8
30/07/2025 16:00,12482.3
30/07/2025 17:00,12739.1
30/07/2025 18:00,12586.1
30/07/2025 19:00,12664.6
30/07/2025 20:00,12958.9
30/07/2025 21:00,13145.4
30/07/2025 22:00,12843.0
30/07/2025 23:00,12230.6
31/07/2025 00:00,11639.3
31/07/2025 01:00,11128.8
31/07/2025 02:00,10895.7
31/07/2025 03:00,10708.5
31/07/2025 04:00,10594.0
31/07/2025 05:00,10876.8
31/07/2025 06:00,11439.5
31/07/2025 07:00,12029.4
31/07/2025 08:00,12549.8
31/07/2025 09:00,12904.7
31/07/2025 10:00,12887.0
31/07/2025 11:00,12928.1
31/07/2025 12:00,12908.3
31/07/2025 13:00,13101.6
31/07/2025 14:00,13089.3
31/07/2025 15:00,13045.3
31/07/2025 16:00,13235.1
31/07/2025 17:00,13480.1
31/07/2025 18:00,13246.8
31/07/2025 19:00,13114.5
31/07/2025 20:00,13031.7
31/07/2025 21:00,13060.9
31/07/2025 22:00,12701.8
31/07/2025 23:00,12073.0
01/08/2025 00:00,11429.9
01/08/2025 01:00,11000.1
01/08/2025 02:00,10747.9
01/08/2025 03:00,10661.0
01/08/2025 04:00,10546.4
01/08/2025 05:00,10767.8
01/08/2025 06:00,11249.2
01/08/2025 07:00,11901.4
01/08/2025 08:00,12378.5
01/08/2025 09:00,12773.5
01/08/2025 10:00,12752.9
01/08/2025 11:00,12792.8
01/08/2025 12:00,12773.5
01/08/2025 13:00,12678.7
01/08/2025 14:00,12542.4
01/08/2025 15:00,12470.7
01/08/2025 16:00,12442.0
01/08/2025 17:00,12645.9
01/08/2025 18:00,12474.4
01/08/2025 19:00,12411.9
01/08/2025 20:00,12531.8
01/08/2025 21:00,12618.1
01/08/2025 22:00,12339.3
01/08/2025 23:00,11788.9
02/08/2025 00:00,11198.7
02/08/2025 01:00,10806.3
02/08/2025 02:00,10565.1
02/08/2025 03:00,10432.5
02/08/2025 04:00,10367.4
02/08/2025 05:00,10356.6
02/08/2025 06:00,10396.6
02/08/2025 07:00,10537.5
02/08/2025 08:00,10951.1
02/08/2025 09:00,11421.2
02/08/2025 10:00,11563.4
02/08/2025 11:00,11547.4
02/08/2025 12:00,11504.4
02/08/2025 13:00,11459.8
02/08/2025 14:00,11244.7
02/08/2025 15:00,11095.4
02/08/2025 16:00,11195.9
02/08/2025 17:00,11624.6
02/08/2025 18:00,11679.8
02/08/2025 19:00,11699.8
02/08/2025 20:00,11881.8
02/08/2025 21:00,11901.2
02/08/2025 22:00,11679.5
02/08/2025 23:00,11222.5
03/08/2025 00:00,10891.2
03/08/2025 01:00,10512.2
03/08/2025 02:00,10236.6
03/08/2025 03:00,10068.7
03/08/2025 04:00,10010.9
03/08/2025 05:00,10001.4
03/08/2025 06:00,9867.4
03/08/2025 07:00,9677.7
03/08/2025 08:00,9786.7
03/08/2025 09:00,10110.7
03/08/2025 10:00,10238.3
03/08/2025 11:00,10541.2
03/08/2025 12:00,10785.0
03/08/2025 13:00,10827.6
03/08/2025 14:00,10774.0
03/08/2025 15:00,10617.8
03/08/2025 16:00,10837.2
03/08/2025 17:00,11386.2
03/08/2025 18:00,11880.6
03/08/2025 19:00,12072.8
03/08/2025 20:00,12266.7
03/08/2025 21:00,12257.2
03/08/2025 22:00,11961.1
03/08/2025 23:00,11404.1
04/08/2025 00:00,10968.8
04/08/2025 01:00,10629.3
04/08/2025 02:00,10557.3
04/08/2025 03:00,10329.3
04/08/2025 04:00,10350.5
04/08/2025 05:00,10638.5
04/08/2025 06:00,11154.4
04/08/2025 07:00,11666.5
04/08/2025 08:00,12228.9
04/08/2025 09:00,12593.4
04/08/2025 10:00,12666.9
04/08/2025 11:00,12668.3
04/08/2025 12:00,12850.2
04/08/2025 13:00,12897.3
04/08/2025 14:00,12901.8
04/08/2025 15:00,12956.4
04/08/2025 16:00,13124.2
04/08/2025 17:00,13826.8
04/08/2025 18:00,13918.3
04/08/2025 19:00,13868.8
04/08/2025 20:00,13814.9
04/08/2025 21:00,13495.0
04/08/2025 22:00,12833.7
04/08/2025 23:00,12067.2
05/08/2025 00:00,11701.1
05/08/2025 01:00,11278.6
05/08/2025 02:00,11054.0
05/08/2025 03:00,10846.8
05/08/2025 04:00,10688.6
05/08/2025 05:00,10820.2
05/08/2025 06:00,11368.5
05/08/2025 07:00,11888.0
05/08/2025 08:00,12285.1
05/08/2025 09:00,12469.4
05/08/2025 10:00,12347.7
05/08/2025 11:00,12348.2
05/08/2025 12:00,12383.8
05/08/2025 13:00,12455.0
05/08/2025 14:00,12376.4
05/08/2025 15:00,12385.5
05/08/2025 16:00,12411.5
05/08/2025 17:00,12862.9
05/08/2025 18:00,12807.5
05/08/2025 19:00,12603.1
05/08/2025 20:00,12844.9
05/08/2025 21:00,13048.6
05/08/2025 22:00,12742.4
05/08/2025 23:00,12051.7
06/08/2025 00:00,11357.0
06/08/2025 01:00,10892.2
06/08/2025 02:00,10638.2
06/08/2025 03:00,10598.1
06/08/2025 04:00,10460.1
06/08/2025 05:00,10675.0
06/08/2025 06:00,11050.0
06/08/2025 07:00,11521.7
06/08/2025 08:00,11970.7
06/08/2025 09:00,12289.1
06/08/2025 10:00,12299.3
06/08/2025 11:00,12373.3
06/08/2025 12:00,12433.3
06/08/2025 13:00,12490.1
06/08/2025 14:00,12308.1
06/08/2025 15:00,12269.8
06/08/2025 16:00,12288.4
06/08/2025 17:00,12433.3
06/08/2025 18:00,12446.4
06/08/2025 19:00,12577.5
06/08/2025 20:00,12819.1
06/08/2025 21:00,13101.4
06/08/2025 22:00,12669.6
06/08/2025 23:00,12034.1
07/08/2025 00:00,11353.2
07/08/2025 01:00,10827.1
07/08/2025 02:00,10579.2
07/08/2025 03:00,10542.6
07/08/2025 04:00,10507.4
07/08/2025 05:00,10708.6
07/08/2025 06:00,11275.4
07/08/2025 07:00,11724.3
07/08/2025 08:00,12186.3
07/08/2025 09:00,12359.7
07/08/2025 10:00,12608.7
07/08/2025 11:00,12869.1
07/08/2025 12:00,12705.0
07/08/2025 13:00,12776.1
07/08/2025 14:00,12803.9
07/08/2025 15:00,12788.4
07/08/2025 16:00,12893.6
07/08/2025 17:00,13123.3
07/08/2025 18:00,13136.8
07/08/2025 19:00,13348.2
07/08/2025 20:00,13402.1
07/08/2025 21:00,13392.1
07/08/2025 22:00,12889.0
07/08/2025 23:00,12290.8
08/08/2025 00:00,11684.4
08/08/2025 01:00,11191.1
08/08/2025 02:00,10952.7
08/08/2025 03:00,10754.4
08/08/2025 04:00,10710.8
08/08/2025 05:00,11010.0
08/08/2025 06:00,11542.3
08/08/2025 07:00,12051.2
08/08/2025 08:00,12491.4
08/08/2025 09:00,12779.5
08/08/2025 10:00,12862.8
08/08/2025 11:00,12956.3
08/08/2025 12:00,13118.0
08/08/2025 13:00,12929.2
08/08/2025 14:00,12745.1
08/08/2025 15:00,12538.3
08/08/2025 16:00,12563.1
08/08/2025 17:00,12801.5
08/08/2025 18:00,12649.8
08/08/2025 19:00,12615.4
08/08/2025 20:00,12873.7
08/08/2025 21:00,13093.0
08/08/2025 22:00,12683.3
08/08/2025 23:00,12092.5
09/08/2025 00:00,11497.5
09/08/2025 01:00,11024.1
09/08/2025 02:00,10674.3
09/08/2025 03:00,10436.0
09/08/2025 04:00,10317.6
09/08/2025 05:00,10358.3
09/08/2025 06:00,10322.9
09/08/2025 07:00,10247.2
09/08/2025 08:00,10443.6
09/08/2025 09:00,10810.6
09/08/2025 10:00,11033.0
09/08/2025 11:00,11067.5
09/08/2025 12:00,11140.4
09/08/2025 13:00,11133.1
09/08/2025 14:00,11111.4
09/08/2025 15:00,11014.8
09/08/2025 16:00,11088.4
09/08/2025 17:00,11468.2
09/08/2025 18:00,11515.5
09/08/2025 19:00,11703.0
09/08/2025 20:00,12074.7
09/08/2025 21:00,12332.2
09/08/2025 22:00,12084.6
09/08/2025 23:00,11534.1
10/08/2025 00:00,11040.5
10/08/2025 01:00,10686.0
10/08/2025 02:00,10421.5
10/08/2025 03:00,10264.6
10/08/2025 04:00,10197.7
10/08/2025 05:00,10125.8
10/08/2025 06:00,9931.5
10/08/2025 07:00,9679.2
10/08/2025 08:00,9941.2
10/08/2025 09:00,10228.2
10/08/2025 10:00,10415.8
10/08/2025 11:00,10593.8
10/08/2025 12:00,10874.8
10/08/2025 13:00,11045.3
10/08/2025 14:00,10949.9
10/08/2025 15:00,10833.6
10/08/2025 16:00,10889.9
10/08/2025 17:00,11302.1
10/08/2025 18:00,11422.6
10/08/2025 19:00,11691.4
10/08/2025 20:00,12199.7
10/08/2025 21:00,12536.1
10/08/2025 22:00,12292.6
10/08/2025 23:00,11650.3
11/08/2025 00:00,11165.9
11/08/2025 01:00,10817.9
11/08/2025 02:00,10628.4
11/08/2025 03:00,10473.7
11/08/2025 04:00,10429.7
11/08/2025 05:00,10662.2
11/08/2025 06:00,11296.4
11/08/2025 07:00,11848.9
11/08/2025 08:00,12320.1
11/08/2025 09:00,12508.2
11/08/2025 10:00,12681.8
11/08/2025 11:00,12921.6
11/08/2025 12:00,13061.1
11/08/2025 13:00,12974.1
11/08/2025 14:00,12926.9
11/08/2025 15:00,12832.5
11/08/2025 16:00,12815.5
11/08/2025 17:00,13147.4
11/08/2025 18:00,13392.5
11/08/2025 19:00,13548.7
11/08/2025 20:00,13929.8
11/08/2025 21:00,14091.5
11/08/2025 22:00,13498.4
11/08/2025 23:00,12790.4
12/08/2025 00:00,12096.5
12/08/2025 01:00,11667.3
12/08/2025 02:00,11306.9
12/08/2025 03:00,11082.4
12/08/2025 04:00,10978.6
12/08/2025 05:00,11261.4
12/08/2025 06:00,11821.5
12/08/2025 07:00,12366.5
12/08/2025 08:00,12915.6
12/08/2025 09:00,13204.7
12/08/2025 10:00,13210.6
12/08/2025 11:00,13185.3
12/08/2025 12:00,13166.3
12/08/2025 13:00,13271.0
12/08/2025 14:00,13366.7
12/08/2025 15:00,13242.4
12/08/2025 16:00,13252.7
12/08/2025 17:00,13700.6
12/08/2025 18:00,13861.6
12/08/2025 19:00,14124.2
12/08/2025 20:00,14518.9
12/08/2025 21:00,14573.5
12/08/2025 22:00,13966.6
12/08/2025 23:00,13175.8
13/08/2025 00:00,12335.9
13/08/2025 01:00,11813.1
13/08/2025 02:00,11498.9
13/08/2025 03:00,11301.3
13/08/2025 04:00,11286.8
13/08/2025 05:00,11496.2
13/08/2025 06:00,12056.5
13/08/2025 07:00,12551.2
13/08/2025 08:00,13061.1
13/08/2025 09:00,13268.0
13/08/2025 10:00,13312.5
13/08/2025 11:00,13406.9
13/08/2025 12:00,13524.1
13/08/2025 13:00,13805.8
13/08/2025 14:00,13630.0
13/08/2025 15:00,13658.5
13/08/2025 16:00,13798.5
13/08/2025 17:00,14315.1
13/08/2025 18:00,14485.5
13/08/2025 19:00,14597.1
13/08/2025 20:00,14793.7
13/08/2025 21:00,14835.4
13/08/2025 22:00,14217.7
13/08/2025 23:00,13395.0
14/08/2025 00:00,12574.2
14/08/2025 01:00,12058.4
14/08/2025 02:00,11772.0
14/08/2025 03:00,11573.4
14/08/2025 04:00,11437.2
14/08/2025 05:00,11795.2
14/08/2025 06:00,12604.7
14/08/2025 07:00,13426.4
14/08/2025 08:00,13930.9
14/08/2025 09:00,14012.5
14/08/2025 10:00,14038.8
14/08/2025 11:00,13733.4
14/08/2025 12:00,13814.7
14/08/2025 13:00,13930.1
14/08/2025 14:00,13707.6
14/08/2025 15:00,13574.8
14/08/2025 16:00,13715.5
14/08/2025 17:00,14072.8
14/08/2025 18:00,14161.2
14/08/2025 19:00,14307.4
14/08/2025 20:00,14647.7
14/08/2025 21:00,14692.2
14/08/2025 22:00,14019.4
14/08/2025 23:00,13288.7
15/08/2025 00:00,12482.5
15/08/2025 01:00,11968.1
15/08/2025 02:00,11660.1
15/08/2025 03:00,11451.9
15/08/2025 04:00,11331.1
15/08/2025 05:00,11510.8
15/08/2025 06:00,12126.6
15/08/2025 07:00,12591.3
15/08/2025 08:00,13000.5
15/08/2025 09:00,13210.2
15/08/2025 10:00,13401.6
15/08/2025 11:00,13583.8
15/08/2025 12:00,13619.2
15/08/2025 13:00,13602.3
15/08/2025 14:00,13569.2
15/08/2025 15:00,13439.7
15/08/2025 16:00,13367.6
15/08/2025 17:00,13652.2
15/08/2025 18:00,13762.3
15/08/2025 19:00,13861.2
15/08/2025 20:00,14103.8
15/08/2025 21:00,14039.8
15/08/2025 22:00,13507.1
15/08/2025 23:00,12858.4
16/08/2025 00:00,12131.1
16/08/2025 01:00,11553.8
16/08/2025 02:00,11302.8
16/08/2025 03:00,11080.9
16/08/2025 04:00,10962.6
16/08/2025 05:00,10960.1
16/08/2025 06:00,11112.2
16/08/2025 07:00,11319.7
16/08/2025 08:00,11630.8
16/08/2025 09:00,11987.9
16/08/2025 10:00,12136.1
16/08/2025 11:00,12102.4
16/08/2025 12:00,12009.1
16/08/2025 13:00,11840.9
16/08/2025 14:00,11618.7
16/08/2025 15:00,11523.8
16/08/2025 16:00,11726.1
16/08/2025 17:00,11857.0
16/08/2025 18:00,11925.4
16/08/2025 19:00,12039.2
16/08/2025 20:00,12340.8
16/08/2025 21:00,12485.8
16/08/2025 22:00,12195.7
16/08/2025 23:00,11689.9
17/08/2025 00:00,11177.6
17/08/2025 01:00,10761.3
17/08/2025 02:00,10467.9
17/08/2025 03:00,10292.0
17/08/2025 04:00,10144.9
17/08/2025 05:00,10141.1
17/08/2025 06:00,10139.4
17/08/2025 07:00,9945.2
17/08/2025 08:00,10098.9
17/08/2025 09:00,10683.5
17/08/2025 10:00,11004.0
17/08/2025 11:00,11245.3
17/08/2025 12:00,11389.7
17/08/2025 13:00,11509.4
17/08/2025 14:00,11460.0
17/08/2025 15:00,11503.5
17/08/2025 16:00,11545.2
17/08/2025 17:00,12065.8
17/08/2025 18:00,12277.1
17/08/2025 19:00,12426.3
17/08/2025 20:00,12597.0
17/08/2025 21:00,12678.7
17/08/2025 22:00,12217.7
17/08/2025 23:00,11602.1
18/08/2025 00:00,11156.7
18/08/2025 01:00,10791.5
18/08/2025 02:00,10645.3
18/08/2025 03:00,10533.8
18/08/2025 04:00,10489.5
18/08/2025 05:00,10807.9
18/08/2025 06:00,11614.4
18/08/2025 07:00,12438.9
18/08/2025 08:00,13067.6
18/08/2025 09:00,13156.1
18/08/2025 10:00,13130.5
18/08/2025 11:00,13199.3
18/08/2025 12:00,13274.3
18/08/2025 13:00,13290.0
18/08/2025 14:00,13347.1
18/08/2025 15:00,13100.0
18/08/2025 16:00,12990.6
18/08/2025 17:00,13367.6
18/08/2025 18:00,13466.7
18/08/2025 19:00,13653.2
18/08/2025 20:00,14089.2
18/08/2025 21:00,14066.2
18/08/2025 22:00,13444.6
18/08/2025 23:00,12683.8
19/08/2025 00:00,11941.4
19/08/2025 01:00,11409.0
19/08/2025 02:00,11154.1
19/08/2025 03:00,10966.0
19/08/2025 04:00,10908.5
19/08/2025 05:00,11248.9
19/08/2025 06:00,11921.7
19/08/2025 07:00,12637.3
19/08/2025 08:00,13061.6
19/08/2025 09:00,13037.1
19/08/2025 10:00,12989.6
19/08/2025 11:00,13080.1
19/08/2025 12:00,13270.5
19/08/2025 13:00,13368.2
19/08/2025 14:00,13384.9
19/08/2025 15:00,13312.8
19/08/2025 16:00,13340.2
19/08/2025 17:00,13680.6
19/08/2025 18:00,13822.4
19/08/2025 19:00,14009.1
19/08/2025 20:00,14260.5
19/08/2025 21:00,14375.5
19/08/2025 22:00,13511.6
19/08/2025 23:00,12734.3
20/08/2025 00:00,12070.7
20/08/2025 01:00,11541.4
20/08/2025 02:00,11269.8
20/08/2025 03:00,11092.9
20/08/2025 04:00,10978.7
20/08/2025 05:00,11225.5
20/08/2025 06:00,12069.9
20/08/2025 07:00,12929.1
20/08/2025 08:00,13341.5
20/08/2025 09:00,13433.5
20/08/2025 10:00,13242.5
20/08/2025 11:00,13317.2
20/08/2025 12:00,13230.7
20/08/2025 13:00,13241.1
20/08/2025 14:00,13019.3
20/08/2025 15:00,12982.6
20/08/2025 16:00,13177.7
20/08/2025 17:00,13590.3
20/08/2025 18:00,13732.7
20/08/2025 19:00,13876.6
20/08/2025 20:00,14196.6
20/08/2025 21:00,14151.4
20/08/2025 22:00,13448.5
20/08/2025 23:00,12651.5
21/08/2025 00:00,12003.2
21/08/2025 01:00,11505.2
21/08/2025 02:00,11201.7
21/08/2025 03:00,11039.1
21/08/2025 04:00,10953.0
21/08/2025 05:00,11240.8
21/08/2025 06:00,12106.3
21/08/2025 07:00,12769.0
21/08/2025 08:00,13160.1
21/08/2025 09:00,13197.9
21/08/2025 10:00,13445.4
21/08/2025 11:00,13472.2
21/08/2025 12:00,13358.2
21/08/2025 13:00,13479.6
21/08/2025 14:00,13398.7
21/08/2025 15:00,13301.2
21/08/2025 16:00,13355.0
21/08/2025 17:00,13659.3
21/08/2025 18:00,13610.1
21/08/2025 19:00,13783.0
21/08/2025 20:00,14070.2
21/08/2025 21:00,13992.1
21/08/2025 22:00,13339.1
21/08/2025 23:00,12540.8
22/08/2025 00:00,11981.5
22/08/2025 01:00,11410.2
22/08/2025 02:00,11144.8
22/08/2025 03:00,11051.1
22/08/2025 04:00,10923.2
22/08/2025 05:00,11131.2
22/08/2025 06:00,11870.0
22/08/2025 07:00,12759.9
22/08/2025 08:00,13451.3
22/08/2025 09:00,13662.1
22/08/2025 10:00,13692.9
22/08/2025 11:00,13529.0
22/08/2025 12:00,13390.2
22/08/2025 13:00,13370.4
22/08/2025 14:00,13358.5
22/08/2025 15:00,13234.4
22/08/2025 16:00,13124.7
22/08/2025 17:00,13634.4
22/08/2025 18:00,13657.7
22/08/2025 19:00,13730.1
22/08/2025 20:00,13747.9
22/08/2025 21:00,13427.5
22/08/2025 22:00,12862.6
22/08/2025 23:00,12252.0
23/08/2025 00:00,11671.7
23/08/2025 01:00,11061.6
23/08/2025 02:00,10798.9
23/08/2025 03:00,10540.3
23/08/2025 04:00,10386.9
23/08/2025 05:00,10454.5
23/08/2025 06:00,10870.7
23/08/2025 07:00,10964.4
23/08/2025 08:00,11098.5
23/08/2025 09:00,11462.8
23/08/2025 10:00,11668.9
23/08/2025 11:00,11693.8
23/08/2025 12:00,11703.7
23/08/2025 13:00,11569.7
23/08/2025 14:00,11389.6
23/08/2025 15:00,11224.6
23/08/2025 16:00,11293.9
23/08/2025 17:00,11670.3
23/08/2025 18:00,11750.2
23/08/2025 19:00,11921.5
23/08/2025 20:00,12348.5
23/08/2025 21:00,12459.0
23/08/2025 22:00,11963.7
23/08/2025 23:00,11473.8
24/08/2025 00:00,10987.9
24/08/2025 01:00,10521.6
24/08/2025 02:00,10247.9
24/08/2025 03:00,10048.0
24/08/2025 04:00,9986.5
24/08/2025 05:00,10005.4
24/08/2025 06:00,10061.6
24/08/2025 07:00,9892.0
24/08/2025 08:00,9995.2
24/08/2025 09:00,10415.8
24/08/2025 10:00,10636.3
24/08/2025 11:00,10833.4
24/08/2025 12:00,11155.1
24/08/2025 13:00,11105.7
24/08/2025 14:00,10985.6
24/08/2025 15:00,10851.4
24/08/2025 16:00,11013.4
24/08/2025 17:00,11413.8
24/08/2025 18:00,11639.5
24/08/2025 19:00,12047.9
24/08/2025 20:00,12582.9
24/08/2025 21:00,12633.6
24/08/2025 22:00,12150.5
24/08/2025 23:00,11551.8
25/08/2025 00:00,11037.7
25/08/2025 01:00,10582.3
25/08/2025 02:00,10379.3
25/08/2025 03:00,10258.8
25/08/2025 04:00,10305.1
25/08/2025 05:00,10627.0
25/08/2025 06:00,11613.9
25/08/2025 07:00,12463.6
25/08/2025 08:00,12960.3
25/08/2025 09:00,12957.6
25/08/2025 10:00,13003.2
25/08/2025 11:00,12892.9
25/08/2025 12:00,12915.4
25/08/2025 13:00,13082.8
25/08/2025 14:00,13039.5
25/08/2025 15:00,12914.0
25/08/2025 16:00,12961.6
25/08/2025 17:00,13454.9
25/08/2025 18:00,13502.4
25/08/2025 19:00,13675.7
25/08/2025 20:00,14061.7
25/08/2025 21:00,13909.5
25/08/2025 22:00,13131.8
25/08/2025 23:00,12377.9
26/08/2025 00:00,11708.2
26/08/2025 01:00,11288.4
26/08/2025 02:00,11052.9
26/08/2025 03:00,10860.4
26/08/2025 04:00,10822.8
26/08/2025 05:00,11064.9
26/08/2025 06:00,11960.1
26/08/2025 07:00,12744.6
26/08/2025 08:00,13270.0
26/08/2025 09:00,13275.4
26/08/2025 10:00,13168.7
26/08/2025 11:00,13366.2
26/08/2025 12:00,13399.0
26/08/2025 13:00,13626.9
26/08/2025 14:00,13596.6
26/08/2025 15:00,13728.9
26/08/2025 16:00,14065.6
26/08/2025 17:00,14421.2
26/08/2025 18:00,14219.2
26/08/2025 19:00,14371.1
26/08/2025 20:00,14639.0
26/08/2025 21:00,14362.8
26/08/2025 22:00,13665.6
26/08/2025 23:00,12799.2
27/08/2025 00:00,12039.9
27/08/2025 01:00,11498.6
27/08/2025 02:00,11249.8
27/08/2025 03:00,11049.3
27/08/2025 04:00,10971.8
27/08/2025 05:00,11246.2
27/08/2025 06:00,12105.6
27/08/2025 07:00,13055.6
27/08/2025 08:00,13573.7
27/08/2025 09:00,13801.4
27/08/2025 10:00,13665.0
27/08/2025 11:00,13545.7
27/08/2025 12:00,13508.9
27/08/2025 13:00,13607.5
27/08/2025 14:00,13554.6
27/08/2025 15:00,13564.2
27/08/2025 16:00,13658.1
27/08/2025 17:00,14063.9
27/08/2025 18:00,14056.7
27/08/2025 19:00,14158.0
27/08/2025 20:00,14518.9
27/08/2025 21:00,14361.4
27/08/2025 22:00,13491.5
27/08/2025 23:00,12756.3
28/08/2025 00:00,12086.4
28/08/2025 01:00,11506.4
28/08/2025 02:00,11259.4
28/08/2025 03:00,11068.8
28/08/2025 04:00,11025.8
28/08/2025 05:00,11197.1
28/08/2025 06:00,12191.4
28/08/2025 07:00,13410.0
28/08/2025 08:00,13861.8
28/08/2025 09:00,14102.6
28/08/2025 10:00,14074.5
28/08/2025 11:00,13852.9
28/08/2025 12:00,13578.7
28/08/2025 13:00,13834.8
28/08/2025 14:00,13940.4
28/08/2025 15:00,13840.1
28/08/2025 16:00,13776.1
28/08/2025 17:00,14037.3
28/08/2025 18:00,13949.8
28/08/2025 19:00,14103.2
28/08/2025 20:00,14507.6
28/08/2025 21:00,14228.0
28/08/2025 22:00,13436.9
28/08/2025 23:00,12689.6
29/08/2025 00:00,11958.5
29/08/2025 01:00,11484.6
29/08/2025 02:00,11226.4
29/08/2025 03:00,11040.3
29/08/2025 04:00,11130.2
29/08/2025 05:00,11302.8
29/08/2025 06:00,12166.9
29/08/2025 07:00,13091.1
29/08/2025 08:00,13408.0
29/08/2025 09:00,13369.1
29/08/2025 10:00,13331.1
29/08/2025 11:00,13522.6
29/08/2025 12:00,13627.2
29/08/2025 13:00,13800.7
29/08/2025 14:00,13888.1
29/08/2025 15:00,13885.1
29/08/2025 16:00,13784.2
29/08/2025 17:00,14220.1
29/08/2025 18:00,14076.9
29/08/2025 19:00,14016.8
29/08/2025 20:00,14147.7
29/08/2025 21:00,13712.5
29/08/2025 22:00,13069.4
29/08/2025 23:00,12438.3
30/08/2025 00:00,11831.1
30/08/2025 01:00,11301.0
30/08/2025 02:00,11006.9
30/08/2025 03:00,10812.9
30/08/2025 04:00,10728.0
30/08/2025 05:00,10680.4
30/08/2025 06:00,10928.5
30/08/2025 07:00,11073.7
30/08/2025 08:00,11348.5
30/08/2025 09:00,11590.2
30/08/2025 10:00,11760.5
30/08/2025 11:00,11974.0
30/08/2025 12:00,12144.9
30/08/2025 13:00,12026.7
30/08/2025 14:00,11932.5
30/08/2025 15:00,11866.3
30/08/2025 16:00,11945.1
30/08/2025 17:00,12210.6
30/08/2025 18:00,12549.8
30/08/2025 19:00,12887.1
30/08/2025 20:00,13163.7
30/08/2025 21:00,13115.4
30/08/2025 22:00,12619.0
30/08/2025 23:00,12093.7
31/08/2025 00:00,11516.7
31/08/2025 01:00,11115.0
31/08/2025 02:00,10962.9
31/08/2025 03:00,10761.0
31/08/2025 04:00,10548.5
31/08/2025 05:00,10457.9
31/08/2025 06:00,10591.3
31/08/2025 07:00,10851.9
31/08/2025 08:00,11167.2
31/08/2025 09:00,11377.1
31/08/2025 10:00,11482.8
31/08/2025 11:00,11612.7
31/08/2025 12:00,11803.2
31/08/2025 13:00,11836.2
31/08/2025 14:00,11834.3
31/08/2025 15:00,11884.5
31/08/2025 16:00,12163.5
31/08/2025 17:00,12751.7
31/08/2025 18:00,12935.2
31/08/2025 19:00,12917.1
31/08/2025 20:00,13245.6
31/08/2025 21:00,13094.2
31/08/2025 22:00,12644.8
31/08/2025 23:00,11977.6
01/09/2025 00:00,11367.8
01/09/2025 01:00,10959.0
01/09/2025 02:00,10765.8
01/09/2025 03:00,10681.1
01/09/2025 04:00,10684.1
01/09/2025 05:00,11049.5
01/09/2025 06:00,12145.5
01/09/2025 07:00,13521.8
01/09/2025 08:00,14275.6
01/09/2025 09:00,14373.2
01/09/2025 10:00,14276.4
01/09/2025 11:00,13935.9
01/09/2025 12:00,13830.5
01/09/2025 13:00,13852.0
01/09/2025 14:00,13793.6
01/09/2025 15:00,13616.9
01/09/2025 16:00,13649.2
01/09/2025 17:00,14049.4
01/09/2025 18:00,14182.5
01/09/2025 19:00,14215.9
01/09/2025 20:00,14541.5
01/09/2025 21:00,14296.8
01/09/2025 22:00,13516.9
01/09/2025 23:00,12741.3
02/09/2025 00:00,11967.6
02/09/2025 01:00,11505.8
02/09/2025 02:00,11158.3
02/09/2025 03:00,10973.0
02/09/2025 04:00,10837.7
02/09/2025 05:00,11162.8
02/09/2025 06:00,12339.7
02/09/2025 07:00,13479.9
02/09/2025 08:00,13728.2
02/09/2025 09:00,13631.6
02/09/2025 10:00,13377.0
02/09/2025 11:00,13691.5
02/09/2025 12:00,13689.3
02/09/2025 13:00,13723.4
02/09/2025 14:00,13625.3
02/09/2025 15:00,13563.5
02/09/2025 16:00,13746.6
02/09/2025 17:00,14412.2
02/09/2025 18:00,14743.8
02/09/2025 19:00,14709.7
02/09/2025 20:00,14715.4
02/09/2025 21:00,14214.3
02/09/2025 22:00,13469.9
02/09/2025 23:00,12645.9
03/09/2025 00:00,11955.3
03/09/2025 01:00,11494.8
03/09/2025 02:00,11284.3
03/09/2025 03:00,11150.0
03/09/2025 04:00,11092.7
03/09/2025 05:00,11515.7
03/09/2025 06:00,12568.5
03/09/2025 07:00,13788.7
03/09/2025 08:00,14540.5
03/09/2025 09:00,15158.7
03/09/2025 10:00,15188.0
03/09/2025 11:00,15077.0
03/09/2025 12:00,14774.8
03/09/2025 13:00,14609.9
03/09/2025 14:00,14584.9
03/09/2025 15:00,14854.1
03/09/2025 16:00,15031.6
03/09/2025 17:00,15345.2
03/09/2025 18:00,15260.1
03/09/2025 19:00,15029.7
03/09/2025 20:00,15156.2
03/09/2025 21:00,14589.2
03/09/2025 22:00,13923.3
03/09/2025 23:00,13153.2
04/09/2025 00:00,12467.0
04/09/2025 01:00,11870.8
04/09/2025 02:00,11654.4
04/09/2025 03:00,11487.6
04/09/2025 04:00,11396.2
04/09/2025 05:00,11649.1
04/09/2025 06:00,12615.8
04/09/2025 07:00,13764.8
04/09/2025 08:00,14200.0
04/09/2025 09:00,14022.9
04/09/2025 10:00,13887.2
04/09/2025 11:00,13932.0
04/09/2025 12:00,13780.9
04/09/2025 13:00,13820.4
04/09/2025 14:00,13828.1
04/09/2025 15:00,13931.6
04/09/2025 16:00,13935.6
04/09/2025 17:00,14627.0
04/09/2025 18:00,14725.0
04/09/2025 19:00,14707.0
04/09/2025 20:00,14948.7
04/09/2025 21:00,14470.7
04/09/2025 22:00,13584.1
04/09/2025 23:00,12763.6
05/09/2025 00:00,12131.3
05/09/2025 01:00,11620.0
05/09/2025 02:00,11294.4
05/09/2025 03:00,11040.3
05/09/2025 04:00,10929.1
05/09/2025 05:00,11269.6
05/09/2025 06:00,12201.7
05/09/2025 07:00,13305.0
05/09/2025 08:00,13636.2
05/09/2025 09:00,13647.5
05/09/2025 10:00,13561.6
05/09/2025 11:00,13720.7
05/09/2025 12:00,13638.9
05/09/2025 13:00,13692.6
05/09/2025 14:00,13431.7
05/09/2025 15:00,13401.0
05/09/2025 16:00,13234.4
05/09/2025 17:00,13533.6
05/09/2025 18:00,13614.2
05/09/2025 19:00,13837.1
05/09/2025 20:00,14131.5
05/09/2025 21:00,13668.1
05/09/2025 22:00,12970.7
05/09/2025 23:00,12319.6
06/09/2025 00:00,11668.7
06/09/2025 01:00,11164.6
06/09/2025 02:00,10858.0
06/09/2025 03:00,10638.0
06/09/2025 04:00,10532.1
06/09/2025 05:00,10578.5
06/09/2025 06:00,10829.2
06/09/2025 07:00,10951.4
06/09/2025 08:00,11207.5
06/09/2025 09:00,11394.9
06/09/2025 10:00,11526.1
06/09/2025 11:00,11632.6
06/09/2025 12:00,11606.4
06/09/2025 13:00,11565.1
06/09/2025 14:00,11511.5
06/09/2025 15:00,11448.4
06/09/2025 16:00,11643.6
06/09/2025 17:00,12062.2
06/09/2025 18:00,12347.8
06/09/2025 19:00,12735.5
06/09/2025 20:00,13188.9
06/09/2025 21:00,12929.9
06/09/2025 22:00,12352.8
06/09/2025 23:00,11806.5
07/09/2025 00:00,11447.6
07/09/2025 01:00,10950.0
07/09/2025 02:00,10731.8
07/09/2025 03:00,10441.1
07/09/2025 04:00,10340.5
07/09/2025 05:00,10392.9
07/09/2025 06:00,10523.0
07/09/2025 07:00,10580.5
07/09/2025 08:00,10638.3
07/09/2025 09:00,10673.6
07/09/2025 10:00,10843.5
07/09/2025 11:00,11058.6
07/09/2025 12:00,11304.3
07/09/2025 13:00,11360.5
07/09/2025 14:00,11330.3
07/09/2025 15:00,11220.5
07/09/2025 16:00,11500.9
07/09/2025 17:00,12194.2
07/09/2025 18:00,12649.5
07/09/2025 19:00,13247.4
07/09/2025 20:00,13891.0
07/09/2025 21:00,13552.8
07/09/2025 22:00,12806.6
07/09/2025 23:00,12088.4
08/09/2025 00:00,11550.7
08/09/2025 01:00,11135.7
08/09/2025 02:00,10950.9
08/09/2025 03:00,10727.3
08/09/2025 04:00,10922.4
08/09/2025 05:00,11314.5
08/09/2025 06:00,12389.5
08/09/2025 07:00,13674.6
08/09/2025 08:00,14414.4
08/09/2025 09:00,14509.0
08/09/2025 10:00,14298.5
08/09/2025 11:00,13977.7
08/09/2025 12:00,13804.6
08/09/2025 13:00,13661.7
08/09/2025 14:00,13409.1
08/09/2025 15:00,13522.1
08/09/2025 16:00,13694.3
08/09/2025 17:00,14171.3
08/09/2025 18:00,14110.8
08/09/2025 19:00,14312.2
08/09/2025 20:00,14567.7
08/09/2025 21:00,14215.3
08/09/2025 22:00,13374.6
08/09/2025 23:00,12462.8
09/09/2025 00:00,11860.2
09/09/2025 01:00,11407.8
09/09/2025 02:00,11270.3
09/09/2025 03:00,11074.1
09/09/2025 04:00,11041.7
09/09/2025 05:00,11305.1
09/09/2025 06:00,12262.4
09/09/2025 07:00,13796.9
09/09/2025 08:00,14840.4
09/09/2025 09:00,15411.3
09/09/2025 10:00,15493.7
09/09/2025 11:00,15406.9
09/09/2025 12:00,15235.8
09/09/2025 13:00,14998.8
09/09/2025 14:00,14459.3
09/09/2025 15:00,13956.5
09/09/2025 16:00,13822.3
09/09/2025 17:00,14142.0
09/09/2025 18:00,14170.7
09/09/2025 19:00,14340.5
09/09/2025 20:00,14586.2
09/09/2025 21:00,13987.3
09/09/2025 22:00,13249.3
09/09/2025 23:00,12484.3
10/09/2025 00:00,11789.8
10/09/2025 01:00,11321.5
10/09/2025 02:00,11028.1
10/09/2025 03:00,10895.6
10/09/2025 04:00,10800.4
10/09/2025 05:00,11135.2
10/09/2025 06:00,12204.5
10/09/2025 07:00,13486.5
10/09/2025 08:00,13937.5
10/09/2025 09:00,14064.9
10/09/2025 10:00,13731.6
10/09/2025 11:00,13433.7
10/09/2025 12:00,13252.5
10/09/2025 13:00,13149.7
10/09/2025 14:00,13187.9
10/09/2025 15:00,13428.0
10/09/2025 16:00,13875.2
10/09/2025 17:00,14473.6
10/09/2025 18:00,14483.3
10/09/2025 19:00,14582.4
10/09/2025 20:00,14645.5
10/09/2025 21:00,14098.6
10/09/2025 22:00,13215.9
10/09/2025 23:00,12558.2
11/09/2025 00:00,11911.5
11/09/2025 01:00,11416.9
11/09/2025 02:00,11204.0
11/09/2025 03:00,11078.6
11/09/2025 04:00,10976.3
11/09/2025 05:00,11382.4
11/09/2025 06:00,12469.7
11/09/2025 07:00,13787.7
11/09/2025 08:00,14096.9
11/09/2025 09:00,14087.6
11/09/2025 10:00,14048.0
11/09/2025 11:00,13935.4
11/09/2025 12:00,13751.4
11/09/2025 13:00,13841.4
11/09/2025 14:00,13901.7
11/09/2025 15:00,14081.8
11/09/2025 16:00,14285.3
11/09/2025 17:00,14398.8
11/09/2025 18:00,14378.4
11/09/2025 19:00,14502.2
11/09/2025 20:00,14777.7
11/09/2025 21:00,14279.0
11/09/2025 22:00,13410.8
11/09/2025 23:00,12733.5
12/09/2025 00:00,12123.6
12/09/2025 01:00,11611.3
12/09/2025 02:00,11354.1
12/09/2025 03:00,11244.3
12/09/2025 04:00,11113.2
12/09/2025 05:00,11465.0
12/09/2025 06:00,12498.5
12/09/2025 07:00,13585.7
12/09/2025 08:00,14037.8
12/09/2025 09:00,14245.6
12/09/2025 10:00,13905.8
12/09/2025 11:00,13794.0
12/09/2025 12:00,13623.7
12/09/2025 13:00,13685.3
12/09/2025 14:00,13540.9
12/09/2025 15:00,13431.7
12/09/2025 16:00,13520.3
12/09/2025 17:00,14086.2
12/09/2025 18:00,14190.9
12/09/2025 19:00,14299.3
12/09/2025 20:00,14405.4
12/09/2025 21:00,13721.1
12/09/2025 22:00,12881.9
12/09/2025 23:00,12235.2
13/09/2025 00:00,11595.4
13/09/2025 01:00,11352.1
13/09/2025 02:00,10966.6
13/09/2025 03:00,10560.8
13/09/2025 04:00,10465.3
13/09/2025 05:00,10693.6
13/09/2025 06:00,11121.5
13/09/2025 07:00,11533.0
13/09/2025 08:00,11806.8
13/09/2025 09:00,11908.1
13/09/2025 10:00,12116.2
13/09/2025 11:00,12115.9
13/09/2025 12:00,12259.6
13/09/2025 13:00,12256.9
13/09/2025 14:00,12141.7
13/09/2025 15:00,12280.8
13/09/2025 16:00,12686.0
13/09/2025 17:00,13223.6
13/09/2025 18:00,13195.7
13/09/2025 19:00,13202.2
13/09/2025 20:00,13389.6
13/09/2025 21:00,12873.0
13/09/2025 22:00,12222.5
13/09/2025 23:00,11876.5
14/09/2025 00:00,11319.5
14/09/2025 01:00,10912.1
14/09/2025 02:00,10648.3
14/09/2025 03:00,10380.0
14/09/2025 04:00,10262.0
14/09/2025 05:00,10217.9
14/09/2025 06:00,10421.0
14/09/2025 07:00,10563.1
14/09/2025 08:00,10567.2
14/09/2025 09:00,10778.1
14/09/2025 10:00,10896.7
14/09/2025 11:00,11165.0
14/09/2025 12:00,11411.9
14/09/2025 13:00,11524.8
14/09/2025 14:00,11363.9
14/09/2025 15:00,11241.7
14/09/2025 16:00,11495.6
14/09/2025 17:00,12481.8
14/09/2025 18:00,13232.3
14/09/2025 19:00,13439.6
14/09/2025 20:00,13500.2
14/09/2025 21:00,12935.3
14/09/2025 22:00,12390.5
14/09/2025 23:00,11843.0
15/09/2025 00:00,11462.5
15/09/2025 01:00,11293.6
15/09/2025 02:00,11239.7
15/09/2025 03:00,11065.4
15/09/2025 04:00,11110.9
15/09/2025 05:00,11414.5
15/09/2025 06:00,12436.2
15/09/2025 07:00,13847.4
15/09/2025 08:00,14269.2
15/09/2025 09:00,14364.3
15/09/2025 10:00,14067.1
15/09/2025 11:00,13882.4
15/09/2025 12:00,13672.8
15/09/2025 13:00,13674.2
15/09/2025 14:00,13495.0
15/09/2025 15:00,13539.8
15/09/2025 16:00,13695.3
15/09/2025 17:00,14443.1
15/09/2025 18:00,14622.5
15/09/2025 19:00,14948.6
15/09/2025 20:00,14903.0
15/09/2025 21:00,14281.3
15/09/2025 22:00,13488.1
15/09/2025 23:00,12691.6
16/09/2025 00:00,12033.6
16/09/2025 01:00,11495.0
16/09/2025 02:00,11330.9
16/09/2025 03:00,11093.0
16/09/2025 04:00,11103.4
16/09/2025 05:00,11455.5
16/09/2025 06:00,12616.0
16/09/2025 07:00,14102.1
16/09/2025 08:00,14551.5
16/09/2025 09:00,14483.9
16/09/2025 10:00,14192.6
16/09/2025 11:00,14168.4
16/09/2025 12:00,14086.2
16/09/2025 13:00,14236.3
16/09/2025 14:00,14069.5
16/09/2025 15:00,14134.4
16/09/2025 16:00,14222.1
16/09/2025 17:00,14697.6
16/09/2025 18:00,14725.2
16/09/2025 19:00,15125.6
16/09/2025 20:00,14936.2
16/09/2025 21:00,14146.5
16/09/2025 22:00,13451.5
16/09/2025 23:00,12616.1
17/09/2025 00:00,11849.0
17/09/2025 01:00,11321.9
17/09/2025 02:00,11003.5
17/09/2025 03:00,10833.0
17/09/2025 04:00,10858.8
17/09/2025 05:00,11126.9
17/09/2025 06:00,12131.3
17/09/2025 07:00,13939.5
17/09/2025 08:00,14654.9
17/09/2025 09:00,14914.7
17/09/2025 10:00,14971.3
17/09/2025 11:00,14703.4
17/09/2025 12:00,14496.1
17/09/2025 13:00,14584.8
17/09/2025 14:00,14585.9
17/09/2025 15:00,14743.4
17/09/2025 16:00,15150.7
17/09/2025 17:00,15807.6
17/09/2025 18:00,15573.6
17/09/2025 19:00,15417.1
17/09/2025 20:00,15253.3
17/09/2025 21:00,14453.7
17/09/2025 22:00,13694.1
17/09/2025 23:00,12944.3
18/09/2025 00:00,12180.7
18/09/2025 01:00,11740.9
18/09/2025 02:00,11493.6
18/09/2025 03:00,11273.4
18/09/2025 04:00,11072.9
18/09/2025 05:00,11441.4
18/09/2025 06:00,12593.5
18/09/2025 07:00,14156.8
18/09/2025 08:00,15014.9
18/09/2025 09:00,15152.4
18/09/2025 10:00,15084.4
18/09/2025 11:00,14764.2
18/09/2025 12:00,14775.4
18/09/2025 13:00,14640.7
18/09/2025 14:00,14789.5
18/09/2025 15:00,14611.7
18/09/2025 16:00,14597.1
18/09/2025 17:00,15300.3
18/09/2025 18:00,15305.0
18/09/2025 19:00,15514.5
18/09/2025 20:00,15281.0
18/09/2025 21:00,14371.7
18/09/2025 22:00,13544.6
18/09/2025 23:00,12852.3
19/09/2025 00:00,12078.5
19/09/2025 01:00,11664.0
19/09/2025 02:00,11290.4
19/09/2025 03:00,10998.2
19/09/2025 04:00,10950.3
19/09/2025 05:00,11294.5
19/09/2025 06:00,12232.5
19/09/2025 07:00,13552.2
19/09/2025 08:00,14083.0
19/09/2025 09:00,13824.9
19/09/2025 10:00,13583.0
19/09/2025 11:00,13611.3
19/09/2025 12:00,13596.8
19/09/2025 13:00,13457.1
19/09/2025 14:00,13354.3
19/09/2025 15:00,13279.6
19/09/2025 16:00,13368.5
19/09/2025 17:00,13872.9
19/09/2025 18:00,14152.5
19/09/2025 19:00,14512.1
19/09/2025 20:00,14620.3
19/09/2025 21:00,13894.3
19/09/2025 22:00,13186.0
19/09/2025 23:00,12543.8
20/09/2025 00:00,11951.0
20/09/2025 01:00,11347.9
20/09/2025 02:00,10987.2
20/09/2025 03:00,10728.4
20/09/2025 04:00,10673.2
20/09/2025 05:00,10739.9
20/09/2025 06:00,11035.0
20/09/2025 07:00,11567.3
20/09/2025 08:00,11874.9
20/09/2025 09:00,12030.4
20/09/2025 10:00,11989.6
20/09/2025 11:00,12225.4
20/09/2025 12:00,12919.4
20/09/2025 13:00,13253.6
20/09/2025 14:00,13252.8
20/09/2025 15:00,13111.0
20/09/2025 16:00,12672.8
20/09/2025 17:00,12845.6
20/09/2025 18:00,13101.1
20/09/2025 19:00,13625.8
20/09/2025 20:00,13518.9
20/09/2025 21:00,12936.4
20/09/2025 22:00,12546.0
20/09/2025 23:00,12126.9
21/09/2025 00:00,11475.6
21/09/2025 01:00,11055.7
21/09/2025 02:00,10884.1
21/09/2025 03:00,10678.1
21/09/2025 04:00,10538.1
21/09/2025 05:00,10482.3
21/09/2025 06:00,10708.1
21/09/2025 07:00,10943.4
21/09/2025 08:00,11308.0
21/09/2025 09:00,11560.4
21/09/2025 10:00,11786.5
21/09/2025 11:00,11809.1
21/09/2025 12:00,11942.5
21/09/2025 13:00,11838.0
21/09/2025 14:00,11654.0
21/09/2025 15:00,11628.2
21/09/2025 16:00,11623.7
21/09/2025 17:00,12271.0
21/09/2025 18:00,12620.3
21/09/2025 19:00,13044.5
21/09/2025 20:00,13190.1
21/09/2025 21:00,12714.7
21/09/2025 22:00,12311.9
21/09/2025 23:00,11551.3
22/09/2025 00:00,10976.3
22/09/2025 01:00,10609.6
22/09/2025 02:00,10452.9
22/09/2025 03:00,10358.4
22/09/2025 04:00,10428.7
22/09/2025 05:00,10922.7
22/09/2025 06:00,12124.9
22/09/2025 07:00,13703.1
22/09/2025 08:00,14195.7
22/09/2025 09:00,13927.2
22/09/2025 10:00,13569.2
22/09/2025 11:00,13449.1
22/09/2025 12:00,13307.6
22/09/2025 13:00,13215.6
22/09/2025 14:00,13128.3
22/09/2025 15:00,13134.9
22/09/2025 16:00,13401.2
22/09/2025 17:00,14098.6
22/09/2025 18:00,14368.4
22/09/2025 19:00,14883.7
22/09/2025 20:00,14804.7
22/09/2025 21:00,13974.4
22/09/2025 22:00,13112.6
22/09/2025 23:00,12344.0
23/09/2025 00:00,11666.2
23/09/2025 01:00,11125.0
23/09/2025 02:00,10855.4
23/09/2025 03:00,10719.5
23/09/2025 04:00,10756.0
23/09/2025 05:00,11068.4
23/09/2025 06:00,12288.0
23/09/2025 07:00,13874.3
23/09/2025 08:00,14291.6
23/09/2025 09:00,13955.3
23/09/2025 10:00,13616.2
23/09/2025 11:00,13333.7
23/09/2025 12:00,13266.9
23/09/2025 13:00,13316.7
23/09/2025 14:00,13262.9
23/09/2025 15:00,13342.0
23/09/2025 16:00,13599.1
23/09/2025 17:00,14312.6
23/09/2025 18:00,14541.5
23/09/2025 19:00,14972.7
23/09/2025 20:00,14976.2
23/09/2025 21:00,14246.6
23/09/2025 22:00,13284.2
23/09/2025 23:00,12429.8
24/09/2025 00:00,11760.5
24/09/2025 01:00,11226.0
24/09/2025 02:00,11021.4
24/09/2025 03:00,10793.0
24/09/2025 04:00,10825.8
24/09/2025 05:00,11173.6
24/09/2025 06:00,12404.2
24/09/2025 07:00,14091.8
24/09/2025 08:00,14438.9
24/09/2025 09:00,13873.3
24/09/2025 10:00,13462.2
24/09/2025 11:00,13300.4
24/09/2025 12:00,13359.1
24/09/2025 13:00,13362.4
24/09/2025 14:00,13227.1
24/09/2025 15:00,13230.2
24/09/2025 16:00,13536.9
24/09/2025 17:00,14317.9
24/09/2025 18:00,14815.7
24/09/2025 19:00,15493.4
24/09/2025 20:00,15304.8
24/09/2025 21:00,14410.5
24/09/2025 22:00,13546.9
24/09/2025 23:00,12853.2
25/09/2025 00:00,12106.3
25/09/2025 01:00,11637.2
25/09/2025 02:00,11298.2
25/09/2025 03:00,11009.9
25/09/2025 04:00,11020.2
25/09/2025 05:00,11343.0
25/09/2025 06:00,12617.5
25/09/2025 07:00,14275.5
25/09/2025 08:00,14806.4
25/09/2025 09:00,14657.7
25/09/2025 10:00,14343.9
25/09/2025 11:00,14234.1
25/09/2025 12:00,14022.7
25/09/2025 13:00,13794.8
25/09/2025 14:00,13665.5
25/09/2025 15:00,13865.8
25/09/2025 16:00,14388.1
25/09/2025 17:00,15175.1
25/09/2025 18:00,15278.2
25/09/2025 19:00,15881.6
25/09/2025 20:00,15421.2
25/09/2025 21:00,14552.2
25/09/2025 22:00,13517.2
25/09/2025 23:00,12879.2
26/09/2025 00:00,11990.5
26/09/2025 01:00,11453.5
26/09/2025 02:00,11227.3
26/09/2025 03:00,11002.2
26/09/2025 04:00,11002.3
26/09/2025 05:00,11303.5
26/09/2025 06:00,12437.0
26/09/2025 07:00,14209.7
26/09/2025 08:00,14921.6
26/09/2025 09:00,14763.6
26/09/2025 10:00,14424.8
26/09/2025 11:00,13995.8
26/09/2025 12:00,13996.7
26/09/2025 13:00,13887.2
26/09/2025 14:00,13895.5
26/09/2025 15:00,13548.6
26/09/2025 16:00,13512.7
26/09/2025 17:00,14227.9
26/09/2025 18:00,14549.0
26/09/2025 19:00,14879.5
26/09/2025 20:00,14635.8
26/09/2025 21:00,13807.6
26/09/2025 22:00,13044.5
26/09/2025 23:00,12381.8
27/09/2025 00:00,11707.2
27/09/2025 01:00,11213.4
27/09/2025 02:00,10904.5
27/09/2025 03:00,10677.6
27/09/2025 04:00,10614.1
27/09/2025 05:00,10585.7
27/09/2025 06:00,11094.7
27/09/2025 07:00,11733.7
27/09/2025 08:00,12255.3
27/09/2025 09:00,12471.7
27/09/2025 10:00,12488.5
27/09/2025 11:00,12316.7
27/09/2025 12:00,12281.3
27/09/2025 13:00,12187.0
27/09/2025 14:00,12136.2
27/09/2025 15:00,12054.9
27/09/2025 16:00,12347.0
27/09/2025 17:00,13121.5
27/09/2025 18:00,13500.0
27/09/2025 19:00,13698.4
27/09/2025 20:00,13469.9
27/09/2025 21:00,12892.8
27/09/2025 22:00,12274.9
27/09/2025 23:00,11732.8
28/09/2025 00:00,11250.1
28/09/2025 01:00,10834.0
28/09/2025 02:00,10326.2
28/09/2025 03:00,10191.1
28/09/2025 04:00,10271.8
28/09/2025 05:00,10292.7
28/09/2025 06:00,10513.6
28/09/2025 07:00,10982.9
28/09/2025 08:00,11092.0
28/09/2025 09:00,11045.9
28/09/2025 10:00,10984.2
28/09/2025 11:00,11088.0
28/09/2025 12:00,11485.6
28/09/2025 13:00,11335.7
28/09/2025 14:00,11165.5
28/09/2025 15:00,11189.5
28/09/2025 16:00,11393.9
28/09/2025 17:00,12450.9
28/09/2025 18:00,13160.3
28/09/2025 19:00,13713.5
28/09/2025 20:00,13539.5
28/09/2025 21:00,12911.2
28/09/2025 22:00,12244.4
28/09/2025 23:00,11541.0
29/09/2025 00:00,11085.2
29/09/2025 01:00,10719.5
29/09/2025 02:00,10508.4
29/09/2025 03:00,10442.4
29/09/2025 04:00,10435.3
29/09/2025 05:00,10833.5
29/09/2025 06:00,12085.9
29/09/2025 07:00,13797.9
29/09/2025 08:00,14455.4
29/09/2025 09:00,14307.9
29/09/2025 10:00,13667.7
29/09/2025 11:00,13404.8
29/09/2025 12:00,13249.3
29/09/2025 13:00,13199.9
29/09/2025 14:00,13164.0
29/09/2025 15:00,13321.0
29/09/2025 16:00,13515.3
29/09/2025 17:00,14490.9
29/09/2025 18:00,14868.3
29/09/2025 19:00,15101.7
29/09/2025 20:00,14766.7
29/09/2025 21:00,13957.4
29/09/2025 22:00,13081.8
29/09/2025 23:00,12320.3
30/09/2025 00:00,11667.6
30/09/2025 01:00,11132.8
30/09/2025 02:00,10857.4
30/09/2025 03:00,10755.2
30/09/2025 04:00,10670.2
30/09/2025 05:00,11030.7
30/09/2025 06:00,12260.5
30/09/2025 07:00,14026.4
30/09/2025 08:00,14637.7
30/09/2025 09:00,14480.7
30/09/2025 10:00,14004.6
30/09/2025 11:00,13711.0
30/09/2025 12:00,13489.9
30/09/2025 13:00,13569.8
30/09/2025 14:00,13295.1
30/09/2025 15:00,13332.8
30/09/2025 16:00,13653.9
30/09/2025 17:00,14475.7
30/09/2025 18:00,14793.9
30/09/2025 19:00,15236.1
30/09/2025 20:00,14926.4
30/09/2025 21:00,14225.0
30/09/2025 22:00,13410.5
30/09/2025 23:00,12497.6
01/10/2025 00:00,11788.8
01/10/2025 01:00,11313.2
01/10/2025 02:00,11138.1
01/10/2025 03:00,10946.8
01/10/2025 04:00,10930.2
01/10/2025 05:00,11312.2
01/10/2025 06:00,12527.4
01/10/2025 07:00,14237.3
01/10/2025 08:00,14880.2
01/10/2025 09:00,14430.2
01/10/2025 10:00,13813.9
01/10/2025 11:00,13476.2
01/10/2025 12:00,13204.5
01/10/2025 13:00,13148.8
01/10/2025 14:00,12960.3
01/10/2025 15:00,13097.5
01/10/2025 16:00,13402.2
01/10/2025 17:00,14527.3
01/10/2025 18:00,14859.9
01/10/2025 19:00,15331.4
01/10/2025 20:00,14994.4
01/10/2025 21:00,14269.1
01/10/2025 22:00,13432.2
01/10/2025 23:00,12535.9
02/10/2025 00:00,11863.1
02/10/2025 01:00,11411.3
02/10/2025 02:00,11062.6
02/10/2025 03:00,10836.7
02/10/2025 04:00,10704.3
02/10/2025 05:00,11161.4
02/10/2025 06:00,12474.8
02/10/2025 07:00,14191.3
02/10/2025 08:00,14674.6
02/10/2025 09:00,14548.4
02/10/2025 10:00,14074.3
02/10/2025 11:00,13799.9
02/10/2025 12:00,13679.4
02/10/2025 13:00,13588.1
02/10/2025 14:00,13341.1
02/10/2025 15:00,13389.0
02/10/2025 16:00,13709.8
02/10/2025 17:00,14646.9
02/10/2025 18:00,15214.3
02/10/2025 19:00,15578.3
02/10/2025 20:00,15134.0
02/10/2025 21:00,14351.3
02/10/2025 22:00,13553.8
02/10/2025 23:00,12787.3
03/10/2025 00:00,12118.0
03/10/2025 01:00,11601.2
03/10/2025 02:00,11251.6
03/10/2025 03:00,11057.4
03/10/2025 04:00,11038.0
03/10/2025 05:00,11463.8
03/10/2025 06:00,12698.7
03/10/2025 07:00,14430.3
03/10/2025 08:00,15424.7
03/10/2025 09:00,15625.0
03/10/2025 10:00,15329.7
03/10/2025 11:00,15413.5
03/10/2025 12:00,15014.3
03/10/2025 13:00,15000.6
03/10/2025 14:00,15067.4
03/10/2025 15:00,15257.6
03/10/2025 16:00,15391.7
03/10/2025 17:00,16044.6
03/10/2025 18:00,16006.0
03/10/2025 19:00,15815.8
03/10/2025 20:00,15296.5
03/10/2025 21:00,14460.3
03/10/2025 22:00,13658.6
03/10/2025 23:00,13006.3
04/10/2025 00:00,12303.8
04/10/2025 01:00,11818.9
04/10/2025 02:00,11453.2
04/10/2025 03:00,11227.8
04/10/2025 04:00,11172.0
04/10/2025 05:00,11250.9
04/10/2025 06:00,11671.8
04/10/2025 07:00,12459.8
04/10/2025 08:00,13327.5
04/10/2025 09:00,13915.0
04/10/2025 10:00,13814.2
04/10/2025 11:00,13422.7
04/10/2025 12:00,12841.3
04/10/2025 13:00,12601.4
04/10/2025 14:00,12476.9
04/10/2025 15:00,12617.2
04/10/2025 16:00,13008.0
04/10/2025 17:00,14107.9
04/10/2025 18:00,14706.1
04/10/2025 19:00,14717.5
04/10/2025 20:00,14188.9
04/10/2025 21:00,13491.1
04/10/2025 22:00,12871.4
04/10/2025 23:00,12217.6
05/10/2025 00:00,11708.4
05/10/2025 01:00,11199.7
05/10/2025 02:00,10929.5
05/10/2025 03:00,10734.1
05/10/2025 04:00,10752.8
05/10/2025 05:00,10702.2
05/10/2025 06:00,10985.7
05/10/2025 07:00,11550.0
05/10/2025 08:00,12068.3
05/10/2025 09:00,12201.7
05/10/2025 10:00,12391.8
05/10/2025 11:00,12469.6
05/10/2025 12:00,12727.8
05/10/2025 13:00,12703.7
05/10/2025 14:00,12522.6
05/10/2025 15:00,12502.4
05/10/2025 16:00,12883.6
05/10/2025 17:00,13924.3
05/10/2025 18:00,14510.8
05/10/2025 19:00,14582.2
05/10/2025 20:00,14179.4
05/10/2025 21:00,13580.4
05/10/2025 22:00,12868.8
05/10/2025 23:00,12212.8
06/10/2025 00:00,11653.9
06/10/2025 01:00,11318.5
06/10/2025 02:00,10996.1
06/10/2025 03:00,10899.7
06/10/2025 04:00,10933.7
06/10/2025 05:00,11265.4
06/10/2025 06:00,12478.0
06/10/2025 07:00,14316.7
06/10/2025 08:00,15646.6
06/10/2025 09:00,16006.3
06/10/2025 10:00,15658.4
06/10/2025 11:00,15663.0
06/10/2025 12:00,15213.0
06/10/2025 13:00,15092.2
06/10/2025 14:00,14971.4
06/10/2025 15:00,15133.7
06/10/2025 16:00,15740.1
06/10/2025 17:00,16350.5
06/10/2025 18:00,16203.7
06/10/2025 19:00,15959.9
06/10/2025 20:00,15220.3
06/10/2025 21:00,14403.4
06/10/2025 22:00,13538.6
06/10/2025 23:00,12609.3
07/10/2025 00:00,11813.0
07/10/2025 01:00,11308.3
07/10/2025 02:00,11120.2
07/10/2025 03:00,11021.7
07/10/2025 04:00,10962.2
07/10/2025 05:00,11296.0
07/10/2025 06:00,12420.7
07/10/2025 07:00,14262.0
07/10/2025 08:00,15183.4
07/10/2025 09:00,15302.6
07/10/2025 10:00,15017.0
07/10/2025 11:00,14608.9
07/10/2025 12:00,14193.7
07/10/2025 13:00,14317.9
07/10/2025 14:00,14526.9
07/10/2025 15:00,14688.7
07/10/2025 16:00,15197.1
07/10/2025 17:00,16080.4
07/10/2025 18:00,16041.4
07/10/2025 19:00,15746.7
07/10/2025 20:00,15050.5
07/10/2025 21:00,14256.9
07/10/2025 22:00,13372.6
07/10/2025 23:00,12473.7
08/10/2025 00:00,11789.1
08/10/2025 01:00,11290.4
08/10/2025 02:00,11010.3
08/10/2025 03:00,10919.0
08/10/2025 04:00,10896.9
08/10/2025 05:00,11192.0
08/10/2025 06:00,12407.2
08/10/2025 07:00,14177.5
08/10/2025 08:00,15123.8
08/10/2025 09:00,15222.2
08/10/2025 10:00,15012.8
08/10/2025 11:00,14740.4
08/10/2025 12:00,14599.3
08/10/2025 13:00,14477.3
08/10/2025 14:00,14493.9
08/10/2025 15:00,14619.3
08/10/2025 16:00,14985.0
08/10/2025 17:00,15691.5
08/10/2025 18:00,15768.2
08/10/2025 19:00,15637.0
08/10/2025 20:00,15059.7
08/10/2025 21:00,14240.3
08/10/2025 22:00,13429.6
08/10/2025 23:00,12520.2
09/10/2025 00:00,11712.5
09/10/2025 01:00,11207.8
09/10/2025 02:00,10879.4
09/10/2025 03:00,10858.2
09/10/2025 04:00,10865.7
09/10/2025 05:00,11224.2
09/10/2025 06:00,12400.6
09/10/2025 07:00,14283.5
09/10/2025 08:00,15045.7
09/10/2025 09:00,14736.2
09/10/2025 10:00,14114.0
09/10/2025 11:00,13804.3
09/10/2025 12:00,13848.8
09/10/2025 13:00,13869.4
09/10/2025 14:00,13877.6
09/10/2025 15:00,14110.4
09/10/2025 16:00,14713.4
09/10/2025 17:00,15602.1
09/10/2025 18:00,15871.8
09/10/2025 19:00,15772.4
09/10/2025 20:00,15153.6
09/10/2025 21:00,14306.2
09/10/2025 22:00,13417.9
09/10/2025 23:00,12600.9
10/10/2025 00:00,11914.7
10/10/2025 01:00,11261.5
10/10/2025 02:00,10971.5
10/10/2025 03:00,10941.4
10/10/2025 04:00,10935.3
10/10/2025 05:00,11196.1
10/10/2025 06:00,12455.1
10/10/2025 07:00,14356.3
10/10/2025 08:00,15097.7
10/10/2025 09:00,14823.6
10/10/2025 10:00,14300.0
10/10/2025 11:00,14058.3
10/10/2025 12:00,13977.4
10/10/2025 13:00,14007.2
10/10/2025 14:00,13942.6
10/10/2025 15:00,14348.9
10/10/2025 16:00,14952.7
10/10/2025 17:00,15831.0
10/10/2025 18:00,15694.7
10/10/2025 19:00,15445.6
10/10/2025 20:00,14813.9
10/10/2025 21:00,13872.3
10/10/2025 22:00,13071.6
10/10/2025 23:00,12402.9
11/10/2025 00:00,11756.7
11/10/2025 01:00,11255.1
11/10/2025 02:00,10952.1
11/10/2025 03:00,10822.4
11/10/2025 04:00,10778.3
11/10/2025 05:00,10817.1
11/10/2025 06:00,11242.4
11/10/2025 07:00,11958.2
11/10/2025 08:00,12776.6
11/10/2025 09:00,13311.6
11/10/2025 10:00,13448.0
11/10/2025 11:00,13338.6
11/10/2025 12:00,13346.6
11/10/2025 13:00,13349.1
11/10/2025 14:00,13080.2
11/10/2025 15:00,12938.0
11/10/2025 16:00,13304.9
11/10/2025 17:00,14183.4
11/10/2025 18:00,14345.5
11/10/2025 19:00,14183.9
11/10/2025 20:00,13609.7
11/10/2025 21:00,12972.8
11/10/2025 22:00,12405.4
11/10/2025 23:00,11841.9
12/10/2025 00:00,11333.9
12/10/2025 01:00,10948.3
12/10/2025 02:00,10618.8
12/10/2025 03:00,10501.7
12/10/2025 04:00,10418.5
12/10/2025 05:00,10423.2
12/10/2025 06:00,10710.5
12/10/2025 07:00,11253.0
12/10/2025 08:00,11761.7
12/10/2025 09:00,12053.1
12/10/2025 10:00,12197.2
12/10/2025 11:00,12194.8
12/10/2025 12:00,12405.8
12/10/2025 13:00,12536.3
12/10/2025 14:00,12356.9
12/10/2025 15:00,12410.2
12/10/2025 16:00,12800.2
12/10/2025 17:00,13794.3
12/10/2025 18:00,14135.5
12/10/2025 19:00,14109.1
12/10/2025 20:00,13623.3
12/10/2025 21:00,13059.6
12/10/2025 22:00,12446.0
12/10/2025 23:00,11851.8
13/10/2025 00:00,11199.6
13/10/2025 01:00,10745.0
13/10/2025 02:00,10588.1
13/10/2025 03:00,10674.5
13/10/2025 04:00,10654.5
13/10/2025 05:00,11028.3
13/10/2025 06:00,12179.9
13/10/2025 07:00,14008.8
13/10/2025 08:00,15105.2
13/10/2025 09:00,15195.6
13/10/2025 10:00,14932.5
13/10/2025 11:00,14740.9
13/10/2025 12:00,14541.3
13/10/2025 13:00,14596.2
13/10/2025 14:00,14380.0
13/10/2025 15:00,14367.2
13/10/2025 16:00,14635.9
13/10/2025 17:00,15486.3
13/10/2025 18:00,15638.6
13/10/2025 19:00,15624.3
13/10/2025 20:00,14941.3
13/10/2025 21:00,14182.3
13/10/2025 22:00,13322.7
13/10/2025 23:00,12508.6
14/10/2025 00:00,11918.8
14/10/2025 01:00,11378.3
14/10/2025 02:00,11098.9
14/10/2025 03:00,11027.4
14/10/2025 04:00,11096.3
14/10/2025 05:00,11403.5
14/10/2025 06:00,12542.2
14/10/2025 07:00,14281.5
14/10/2025 08:00,15416.8
14/10/2025 09:00,15534.3
14/10/2025 10:00,15213.5
14/10/2025 11:00,14790.1
14/10/2025 12:00,14502.3
14/10/2025 13:00,14479.7
14/10/2025 14:00,14258.8
14/10/2025 15:00,14319.2
14/10/2025 16:00,14749.8
14/10/2025 17:00,15666.4
14/10/2025 18:00,15798.9
14/10/2025 19:00,15754.5
14/10/2025 20:00,15147.6
14/10/2025 21:00,14294.8
14/10/2025 22:00,13464.0
14/10/2025 23:00,12699.0
15/10/2025 00:00,11927.4
15/10/2025 01:00,11398.2
15/10/2025 02:00,11198.5
15/10/2025 03:00,11192.5
15/10/2025 04:00,11258.1
15/10/2025 05:00,11416.4
15/10/2025 06:00,12618.3
15/10/2025 07:00,14392.7
15/10/2025 08:00,15468.3
15/10/2025 09:00,15586.2
15/10/2025 10:00,15260.4
15/10/2025 11:00,14945.0
15/10/2025 12:00,14851.7
15/10/2025 13:00,15017.0
15/10/2025 14:00,15061.3
15/10/2025 15:00,15078.5
15/10/2025 16:00,15524.8
15/10/2025 17:00,16440.2
15/10/2025 18:00,16266.3
15/10/2025 19:00,15974.7
15/10/2025 20:00,15206.2
15/10/2025 21:00,14445.0
15/10/2025 22:00,13576.4
15/10/2025 23:00,12777.4
16/10/2025 00:00,12085.9
16/10/2025 01:00,11614.8
16/10/2025 02:00,11250.0
16/10/2025 03:00,11324.6
16/10/2025 04:00,11262.1
16/10/2025 05:00,11585.4
16/10/2025 06:00,13017.6
16/10/2025 07:00,14764.8
16/10/2025 08:00,15676.0
16/10/2025 09:00,15500.8
16/10/2025 10:00,15295.7
16/10/2025 11:00,14742.1
16/10/2025 12:00,14477.1
16/10/2025 13:00,14503.6
16/10/2025 14:00,14522.6
16/10/2025 15:00,14525.9
16/10/2025 16:00,14996.0
16/10/2025 17:00,15946.1
16/10/2025 18:00,16010.5
16/10/2025 19:00,15996.8
16/10/2025 20:00,15341.1
16/10/2025 21:00,14591.5
16/10/2025 22:00,13580.5
16/10/2025 23:00,12766.5
17/10/2025 00:00,12168.6
17/10/2025 01:00,11619.4
17/10/2025 02:00,11194.5
17/10/2025 03:00,10965.0
17/10/2025 04:00,10960.0
17/10/2025 05:00,11300.3
17/10/2025 06:00,12529.6
17/10/2025 07:00,14286.4
17/10/2025 08:00,15409.8
17/10/2025 09:00,15489.9
17/10/2025 10:00,15145.8
17/10/2025 11:00,14763.1
17/10/2025 12:00,14686.3
17/10/2025 13:00,14723.2
17/10/2025 14:00,14526.1
17/10/2025 15:00,14623.8
17/10/2025 16:00,14973.9
17/10/2025 17:00,15709.6
17/10/2025 18:00,15684.4
17/10/2025 19:00,15482.6
17/10/2025 20:00,14740.8
17/10/2025 21:00,13939.9
17/10/2025 22:00,13164.3
17/10/2025 23:00,12453.2
18/10/2025 00:00,11724.7
18/10/2025 01:00,11265.4
18/10/2025 02:00,10907.9
18/10/2025 03:00,10726.6
18/10/2025 04:00,10653.9
18/10/2025 05:00,10744.1
18/10/2025 06:00,11216.7
18/10/2025 07:00,11941.9
18/10/2025 08:00,12600.6
18/10/2025 09:00,12772.2
18/10/2025 10:00,12554.6
18/10/2025 11:00,12466.4
18/10/2025 12:00,12279.3
18/10/2025 13:00,12074.4
18/10/2025 14:00,11980.3
18/10/2025 15:00,12033.7
18/10/2025 16:00,12506.5
18/10/2025 17:00,13696.7
18/10/2025 18:00,14468.7
18/10/2025 19:00,14369.2
18/10/2025 20:00,13855.0
18/10/2025 21:00,13295.9
18/10/2025 22:00,12704.6
18/10/2025 23:00,12146.9
19/10/2025 00:00,11632.6
19/10/2025 01:00,11148.9
19/10/2025 02:00,10839.3
19/10/2025 03:00,10733.7
19/10/2025 04:00,10689.4
19/10/2025 05:00,10797.5
19/10/2025 06:00,11047.8
19/10/2025 07:00,11567.1
19/10/2025 08:00,12188.5
19/10/2025 09:00,12373.5
19/10/2025 10:00,12178.1
19/10/2025 11:00,12410.7
19/10/2025 12:00,12443.5
19/10/2025 13:00,12375.4
19/10/2025 14:00,12121.9
19/10/2025 15:00,11942.9
19/10/2025 16:00,12435.1
19/10/2025 17:00,13740.6
19/10/2025 18:00,14555.1
19/10/2025 19:00,14546.5
19/10/2025 20:00,14122.1
19/10/2025 21:00,13394.7
19/10/2025 22:00,12772.5
19/10/2025 23:00,12279.9
20/10/2025 00:00,11772.2
20/10/2025 01:00,11280.7
20/10/2025 02:00,10927.0
20/10/2025 03:00,10853.2
20/10/2025 04:00,10913.2
20/10/2025 05:00,11342.5
20/10/2025 06:00,12572.8
20/10/2025 07:00,14332.6
20/10/2025 08:00,15577.8
20/10/2025 09:00,15741.7
20/10/2025 10:00,15650.8
20/10/2025 11:00,15044.4
20/10/2025 12:00,14845.3
20/10/2025 13:00,14800.4
20/10/2025 14:00,14573.6
20/10/2025 15:00,14626.5
20/10/2025 16:00,14921.4
20/10/2025 17:00,15939.4
20/10/2025 18:00,16145.1
20/10/2025 19:00,15920.7
20/10/2025 20:00,15296.2
20/10/2025 21:00,14434.4
20/10/2025 22:00,13552.8
20/10/2025 23:00,12740.4
21/10/2025 00:00,12037.0
21/10/2025 01:00,11625.5
21/10/2025 02:00,11350.8
21/10/2025 03:00,11448.7
21/10/2025 04:00,11393.8
21/10/2025 05:00,11720.2
21/10/2025 06:00,12976.4
21/10/2025 07:00,14643.8
21/10/2025 08:00,15825.2
21/10/2025 09:00,16021.8
21/10/2025 10:00,15766.4
21/10/2025 11:00,15435.6
21/10/2025 12:00,15203.2
21/10/2025 13:00,15140.5
21/10/2025 14:00,14753.4
21/10/2025 15:00,14824.4
21/10/2025 16:00,15327.1
21/10/2025 17:00,16295.6
21/10/2025 18:00,16513.4
21/10/2025 19:00,16184.3
21/10/2025 20:00,15406.8
21/10/2025 21:00,14579.9
21/10/2025 22:00,13739.0
21/10/2025 23:00,12886.8
22/10/2025 00:00,12181.0
22/10/2025 01:00,11717.0
22/10/2025 02:00,11348.6
22/10/2025 03:00,11139.7
22/10/2025 04:00,11242.5
22/10/2025 05:00,11643.3
22/10/2025 06:00,12675.9
22/10/2025 07:00,14447.1
22/10/2025 08:00,15570.9
22/10/2025 09:00,15422.6
22/10/2025 10:00,14950.4
22/10/2025 11:00,14596.2
22/10/2025 12:00,14284.8
22/10/2025 13:00,14236.1
22/10/2025 14:00,14238.0
22/10/2025 15:00,14416.0
22/10/2025 16:00,14865.4
22/10/2025 17:00,15801.4
22/10/2025 18:00,15935.5
22/10/2025 19:00,15751.0
22/10/2025 20:00,15136.0
22/10/2025 21:00,14316.2
22/10/2025 22:00,13452.5
22/10/2025 23:00,12593.9
23/10/2025 00:00,12028.7
23/10/2025 01:00,11622.0
23/10/2025 02:00,11493.8
23/10/2025 03:00,11344.3
23/10/2025 04:00,11409.8
23/10/2025 05:00,11997.6
23/10/2025 06:00,13241.0
23/10/2025 07:00,14886.3
23/10/2025 08:00,15882.2
23/10/2025 09:00,15910.0
23/10/2025 10:00,15547.1
23/10/2025 11:00,15339.3
23/10/2025 12:00,15483.9
23/10/2025 13:00,15585.7
23/10/2025 14:00,15210.6
23/10/2025 15:00,15776.1
23/10/2025 16:00,16486.0
23/10/2025 17:00,17286.3
23/10/2025 18:00,16993.4
23/10/2025 19:00,16409.7
23/10/2025 20:00,15710.8
23/10/2025 21:00,14878.5
23/10/2025 22:00,14164.5
23/10/2025 23:00,13370.0
24/10/2025 00:00,12621.0
24/10/2025 01:00,12189.7
24/10/2025 02:00,11996.4
24/10/2025 03:00,11871.4
24/10/2025 04:00,11824.1
24/10/2025 05:00,12143.3
24/10/2025 06:00,13206.1
24/10/2025 07:00,14880.1
24/10/2025 08:00,16207.8
24/10/2025 09:00,16182.8
24/10/2025 10:00,15754.8
24/10/2025 11:00,15261.2
24/10/2025 12:00,14837.3
24/10/2025 13:00,14737.9
24/10/2025 14:00,14602.4
24/10/2025 15:00,14600.9
24/10/2025 16:00,15082.4
24/10/2025 17:00,16192.6
24/10/2025 18:00,16507.0
24/10/2025 19:00,16246.7
24/10/2025 20:00,15553.1
24/10/2025 21:00,14678.0
24/10/2025 22:00,13915.2
24/10/2025 23:00,13253.7
25/10/2025 00:00,12539.8
25/10/2025 01:00,12087.4
25/10/2025 02:00,11779.4
25/10/2025 03:00,11609.7
25/10/2025 04:00,11524.3
25/10/2025 05:00,11559.8
25/10/2025 06:00,12083.0
25/10/2025 07:00,12839.8
25/10/2025 08:00,13707.0
25/10/2025 09:00,14185.0
25/10/2025 10:00,14383.9
25/10/2025 11:00,14537.2
25/10/2025 12:00,14424.1
25/10/2025 13:00,14358.3
25/10/2025 14:00,13950.0
25/10/2025 15:00,13734.6
25/10/2025 16:00,14071.5
25/10/2025 17:00,15067.8
25/10/2025 18:00,15442.3
25/10/2025 19:00,15180.0
25/10/2025 20:00,14542.5
25/10/2025 21:00,13961.7
25/10/2025 22:00,13453.2
25/10/2025 23:00,12805.1
26/10/2025 00:00,12253.9
26/10/2025 01:00,11820.5
26/10/2025 02:00,11403.0
26/10/2025 03:00,11283.0
26/10/2025 04:00,11281.0
26/10/2025 05:00,11392.3
26/10/2025 06:00,11784.2
26/10/2025 07:00,12317.8
26/10/2025 08:00,12843.5
26/10/2025 09:00,13075.3
26/10/2025 10:00,13067.8
26/10/2025 11:00,13117.1
26/10/2025 12:00,13265.4
26/10/2025 13:00,13246.5
26/10/2025 14:00,13180.5
26/10/2025 15:00,13480.8
26/10/2025 16:00,14470.7
26/10/2025 17:00,15843.2
26/10/2025 18:00,15749.2
26/10/2025 19:00,15250.4
26/10/2025 20:00,14668.8
26/10/2025 21:00,14095.6
26/10/2025 22:00,13460.7
26/10/2025 23:00,12696.0
27/10/2025 00:00,12124.3
27/10/2025 01:00,11755.3
27/10/2025 02:00,11629.9
27/10/2025 03:00,11592.9
27/10/2025 04:00,11640.6
27/10/2025 05:00,12041.6
27/10/2025 06:00,13425.6
27/10/2025 07:00,15248.2
27/10/2025 08:00,16122.9
27/10/2025 09:00,16389.4
27/10/2025 10:00,16204.8
27/10/2025 11:00,16124.7
27/10/2025 12:00,15791.2
27/10/2025 13:00,15737.4
27/10/2025 14:00,15596.6
27/10/2025 15:00,15769.9
27/10/2025 16:00,16710.1
27/10/2025 17:00,18108.5
27/10/2025 18:00,17773.8
27/10/2025 19:00,17067.4
27/10/2025 20:00,16208.2
27/10/2025 21:00,15211.7
27/10/2025 22:00,14300.7
27/10/2025 23:00,13205.9
28/10/2025 00:00,12580.5
28/10/2025 01:00,12168.9
28/10/2025 02:00,11911.2
28/10/2025 03:00,11892.2
28/10/2025 04:00,11920.0
28/10/2025 05:00,12306.7
28/10/2025 06:00,13523.0
28/10/2025 07:00,15522.1
28/10/2025 08:00,16435.1
28/10/2025 09:00,16425.5
28/10/2025 10:00,15914.3
28/10/2025 11:00,15534.4
28/10/2025 12:00,15299.2
28/10/2025 13:00,15115.0
28/10/2025 14:00,15035.3
28/10/2025 15:00,15528.0
28/10/2025 16:00,16729.1
28/10/2025 17:00,17843.6
28/10/2025 18:00,17349.1
28/10/2025 19:00,16710.3
28/10/2025 20:00,15995.2
28/10/2025 21:00,15152.3
28/10/2025 22:00,14120.6
28/10/2025 23:00,13057.2
29/10/2025 00:00,12474.1
29/10/2025 01:00,12102.2
29/10/2025 02:00,11722.2
29/10/2025 03:00,11656.0
29/10/2025 04:00,11605.2
29/10/2025 05:00,12015.3
29/10/2025 06:00,13218.0
29/10/2025 07:00,14965.3
29/10/2025 08:00,15923.2
29/10/2025 09:00,15889.9
29/10/2025 10:00,15570.5
29/10/2025 11:00,15502.5
29/10/2025 12:00,15452.3
29/10/2025 13:00,15535.6
29/10/2025 14:00,15644.1
29/10/2025 15:00,15888.7
29/10/2025 16:00,16639.9
29/10/2025 17:00,17606.7
29/10/2025 18:00,17101.5
29/10/2025 19:00,16335.2
29/10/2025 20:00,15676.9
29/10/2025 21:00,14801.4
29/10/2025 22:00,13918.6
29/10/2025 23:00,13168.3
30/10/2025 00:00,12362.8
30/10/2025 01:00,11822.9
30/10/2025 02:00,11777.9
30/10/2025 03:00,11631.3
30/10/2025 04:00,11633.1
30/10/2025 05:00,11976.7
30/10/2025 06:00,13321.6
30/10/2025 07:00,15274.2
30/10/2025 08:00,15627.0
30/10/2025 09:00,15635.1
30/10/2025 10:00,15177.7
30/10/2025 11:00,14866.1
30/10/2025 12:00,14690.7
30/10/2025 13:00,14658.6
30/10/2025 14:00,14613.3
30/10/2025 15:00,15137.0
30/10/2025 16:00,16270.3
30/10/2025 17:00,17568.0
30/10/2025 18:00,17281.4
30/10/2025 19:00,16607.8
30/10/2025 20:00,15884.5
30/10/2025 21:00,14954.7
30/10/2025 22:00,14047.4
30/10/2025 23:00,13199.8
31/10/2025 00:00,12577.6
31/10/2025 01:00,12156.9
31/10/2025 02:00,12158.9
31/10/2025 03:00,11832.4
31/10/2025 04:00,11962.0
31/10/2025 05:00,12230.1
31/10/2025 06:00,13467.4
31/10/2025 07:00,15233.2
31/10/2025 08:00,15958.6
31/10/2025 09:00,15898.6
31/10/2025 10:00,15383.5
31/10/2025 11:00,15180.8
31/10/2025 12:00,15022.9
31/10/2025 13:00,15163.1
31/10/2025 14:00,15200.9
31/10/2025 15:00,15659.0
31/10/2025 16:00,16503.6
31/10/2025 17:00,17320.3
31/10/2025 18:00,16848.0
31/10/2025 19:00,16118.3
31/10/2025 20:00,15321.0
31/10/2025 21:00,14510.5
31/10/2025 22:00,13760.6
31/10/2025 23:00,13046.6
01/11/2025 00:00,12535.9
01/11/2025 01:00,12003.5
01/11/2025 02:00,11766.9
01/11/2025 03:00,11512.9
01/11/2025 04:00,11532.8
01/11/2025 05:00,11608.8
01/11/2025 06:00,11910.5
01/11/2025 07:00,12906.1
01/11/2025 08:00,13706.8
01/11/2025 09:00,14336.7
01/11/2025 10:00,14755.4
01/11/2025 11:00,14944.2
01/11/2025 12:00,15113.7
01/11/2025 13:00,14985.7
01/11/2025 14:00,14704.0
01/11/2025 15:00,14523.9
01/11/2025 16:00,14599.5
01/11/2025 17:00,15813.6
01/11/2025 18:00,15677.3
01/11/2025 19:00,14934.4
01/11/2025 20:00,14278.3
01/11/2025 21:00,13876.9
01/11/2025 22:00,13181.0
01/11/2025 23:00,12596.4
02/11/2025 00:00,12055.8
02/11/2025 01:00,11564.8
02/11/2025 02:00,11243.1
02/11/2025 03:00,11043.0
02/11/2025 04:00,10903.7
02/11/2025 05:00,10962.1
02/11/2025 06:00,11285.6
02/11/2025 07:00,11804.7
02/11/2025 08:00,12091.5
02/11/2025 09:00,12227.0
02/11/2025 10:00,12294.0
02/11/2025 11:00,12533.9
02/11/2025 12:00,12506.3
02/11/2025 13:00,12666.5
02/11/2025 14:00,12907.3
02/11/2025 15:00,13442.4
02/11/2025 16:00,14337.3
02/11/2025 17:00,15523.1
02/11/2025 18:00,15306.0
02/11/2025 19:00,14736.9
02/11/2025 20:00,14170.3
02/11/2025 21:00,13472.0
02/11/2025 22:00,12804.9
02/11/2025 23:00,12327.5
03/11/2025 00:00,11766.6
03/11/2025 01:00,11295.7
03/11/2025 02:00,11193.9
03/11/2025 03:00,11419.1
03/11/2025 04:00,11494.4
03/11/2025 05:00,11948.3
03/11/2025 06:00,13291.2
03/11/2025 07:00,15202.9
03/11/2025 08:00,16194.1
03/11/2025 09:00,16288.0
03/11/2025 10:00,16088.1
03/11/2025 11:00,16052.5
03/11/2025 12:00,16057.6
03/11/2025 13:00,16170.4
03/11/2025 14:00,16150.0
03/11/2025 15:00,16547.0
03/11/2025 16:00,17402.9
03/11/2025 17:00,18217.5
03/11/2025 18:00,17525.4
03/11/2025 19:00,16687.4
03/11/2025 20:00,15903.5
03/11/2025 21:00,15013.7
03/11/2025 22:00,14102.9
03/11/2025 23:00,13316.2
04/11/2025 00:00,12689.6
04/11/2025 01:00,12207.5
04/11/2025 02:00,12029.6
04/11/2025 03:00,11813.7
04/11/2025 04:00,11764.3
04/11/2025 05:00,12060.4
04/11/2025 06:00,13302.4
04/11/2025 07:00,15164.3
04/11/2025 08:00,16120.4
04/11/2025 09:00,15951.6
04/11/2025 10:00,15406.1
04/11/2025 11:00,14831.1
04/11/2025 12:00,14526.8
04/11/2025 13:00,14695.8
04/11/2025 14:00,14841.7
04/11/2025 15:00,15418.5
04/11/2025 16:00,16737.5
04/11/2025 17:00,17791.0
04/11/2025 18:00,17148.7
04/11/2025 19:00,16432.0
04/11/2025 20:00,15718.7
04/11/2025 21:00,14839.7
04/11/2025 22:00,13936.6
04/11/2025 23:00,13040.1
05/11/2025 00:00,12459.2
05/11/2025 01:00,11920.1
05/11/2025 02:00,11688.4
05/11/2025 03:00,11362.6
05/11/2025 04:00,11520.6
05/11/2025 05:00,11880.6
05/11/2025 06:00,13081.7
05/11/2025 07:00,14933.0
05/11/2025 08:00,15783.7
05/11/2025 09:00,15390.4
05/11/2025 10:00,15020.7
05/11/2025 11:00,15056.0
05/11/2025 12:00,14644.3
05/11/2025 13:00,14375.1
05/11/2025 14:00,14492.4
05/11/2025 15:00,15213.7
05/11/2025 16:00,16468.8
05/11/2025 17:00,17585.7
05/11/2025 18:00,16963.9
05/11/2025 19:00,16263.6
05/11/2025 20:00,15583.0
05/11/2025 21:00,14638.4
05/11/2025 22:00,13746.0
05/11/2025 23:00,12914.5
06/11/2025 00:00,12335.5
06/11/2025 01:00,11771.0
06/11/2025 02:00,11497.8
06/11/2025 03:00,11363.8
06/11/2025 04:00,11368.3
06/11/2025 05:00,11768.0
06/11/2025 06:00,13096.0
06/11/2025 07:00,14845.3
06/11/2025 08:00,15412.2
06/11/2025 09:00,15167.5
06/11/2025 10:00,14664.0
06/11/2025 11:00,14441.3
06/11/2025 12:00,14388.8
06/11/2025 13:00,14424.6
06/11/2025 14:00,14518.0
06/11/2025 15:00,15095.3
06/11/2025 16:00,16314.3
06/11/2025 17:00,17258.1
06/11/2025 18:00,16890.2
06/11/2025 19:00,16301.0
06/11/2025 20:00,15657.9
06/11/2025 21:00,14871.3
06/11/2025 22:00,13816.5
06/11/2025 23:00,13022.0
07/11/2025 00:00,12292.5
07/11/2025 01:00,11947.8
07/11/2025 02:00,11589.8
07/11/2025 03:00,11451.1
07/11/2025 04:00,11466.4
07/11/2025 05:00,11901.3
07/11/2025 06:00,13076.5
07/11/2025 07:00,14850.9
07/11/2025 08:00,15696.1
07/11/2025 09:00,15445.0
07/11/2025 10:00,14968.9
07/11/2025 11:00,14545.4
07/11/2025 12:00,14367.4
07/11/2025 13:00,14277.6
07/11/2025 14:00,14343.5
07/11/2025 15:00,14850.1
07/11/2025 16:00,15783.1
07/11/2025 17:00,16865.7
07/11/2025 18:00,16427.3
07/11/2025 19:00,15700.5
07/11/2025 20:00,14983.9
07/11/2025 21:00,14164.0
07/11/2025 22:00,13430.7
07/11/2025 23:00,12758.4
08/11/2025 00:00,12124.5
08/11/2025 01:00,11672.7
08/11/2025 02:00,11376.3
08/11/2025 03:00,11228.1
08/11/2025 04:00,11165.8
08/11/2025 05:00,11254.8
08/11/2025 06:00,11734.9
08/11/2025 07:00,12466.0
08/11/2025 08:00,13047.3
08/11/2025 09:00,13301.0
08/11/2025 10:00,13141.7
08/11/2025 11:00,12885.8
08/11/2025 12:00,12813.1
08/11/2025 13:00,12850.6
08/11/2025 14:00,13092.6
08/11/2025 15:00,13530.7
08/11/2025 16:00,14388.3
08/11/2025 17:00,15389.3
08/11/2025 18:00,15077.5
08/11/2025 19:00,14432.1
08/11/2025 20:00,13823.2
08/11/2025 21:00,13214.8
08/11/2025 22:00,12619.3
08/11/2025 23:00,12023.8
09/11/2025 00:00,11522.8
09/11/2025 01:00,11135.4
09/11/2025 02:00,10844.2
09/11/2025 03:00,10720.5
09/11/2025 04:00,10632.5
09/11/2025 05:00,10712.7
09/11/2025 06:00,10957.4
09/11/2025 07:00,11481.8
09/11/2025 08:00,12015.4
09/11/2025 09:00,12429.7
09/11/2025 10:00,12347.3
09/11/2025 11:00,12337.5
09/11/2025 12:00,12339.6
09/11/2025 13:00,12312.3
09/11/2025 14:00,12293.8
09/11/2025 15:00,12707.3
09/11/2025 16:00,13760.3
09/11/2025 17:00,15257.3
09/11/2025 18:00,15139.8
09/11/2025 19:00,14566.5
09/11/2025 20:00,14127.2
09/11/2025 21:00,13561.5
09/11/2025 22:00,12872.0
09/11/2025 23:00,12373.6
10/11/2025 00:00,11733.3
10/11/2025 01:00,11374.1
10/11/2025 02:00,11257.1
10/11/2025 03:00,11235.0
10/11/2025 04:00,11274.5
10/11/2025 05:00,11698.0
10/11/2025 06:00,13220.0
10/11/2025 07:00,15167.7
10/11/2025 08:00,16284.5
10/11/2025 09:00,16440.0
10/11/2025 10:00,16055.7
10/11/2025 11:00,15690.4
10/11/2025 12:00,15530.4
10/11/2025 13:00,15335.4
10/11/2025 14:00,15291.5
10/11/2025 15:00,16093.0
10/11/2025 16:00,17115.7
10/11/2025 17:00,18131.2
10/11/2025 18:00,17583.4
10/11/2025 19:00,16761.4
10/11/2025 20:00,15920.5
10/11/2025 21:00,15043.3
10/11/2025 22:00,14069.3
10/11/2025 23:00,13186.6
11/11/2025 00:00,12406.6
11/11/2025 01:00,11944.8
11/11/2025 02:00,11905.7
11/11/2025 03:00,11816.9
11/11/2025 04:00,11595.5
11/11/2025 05:00,11972.0
11/11/2025 06:00,13391.8
11/11/2025 07:00,15204.8
11/11/2025 08:00,16064.6
11/11/2025 09:00,16036.1
11/11/2025 10:00,15533.7
11/11/2025 11:00,15176.6
11/11/2025 12:00,15280.7
11/11/2025 13:00,15442.4
11/11/2025 14:00,15742.3
11/11/2025 15:00,16161.1
11/11/2025 16:00,16900.6
11/11/2025 17:00,17997.2
11/11/2025 18:00,17356.2
11/11/2025 19:00,16654.7
11/11/2025 20:00,15906.0
11/11/2025 21:00,15079.7
11/11/2025 22:00,14194.4
11/11/2025 23:00,13383.0
12/11/2025 00:00,12735.4
12/11/2025 01:00,12248.8
12/11/2025 02:00,11905.6
12/11/2025 03:00,11890.6
12/11/2025 04:00,11942.2
12/11/2025 05:00,12257.8
12/11/2025 06:00,13578.8
12/11/2025 07:00,15167.6
12/11/2025 08:00,16310.6
12/11/2025 09:00,15941.6
12/11/2025 10:00,15307.2
12/11/2025 11:00,14874.4
12/11/2025 12:00,14663.2
12/11/2025 13:00,14799.7
12/11/2025 14:00,15393.3
12/11/2025 15:00,15808.5
12/11/2025 16:00,16617.1
12/11/2025 17:00,17809.2
12/11/2025 18:00,17192.7
12/11/2025 19:00,16473.6
12/11/2025 20:00,15837.9
12/11/2025 21:00,15233.5
12/11/2025 22:00,14204.7
12/11/2025 23:00,13179.8
13/11/2025 00:00,12512.2
13/11/2025 01:00,11951.8
13/11/2025 02:00,11858.9
13/11/2025 03:00,11890.4
13/11/2025 04:00,11835.7
13/11/2025 05:00,12094.4
13/11/2025 06:00,13339.5
13/11/2025 07:00,15246.6
13/11/2025 08:00,16178.9
13/11/2025 09:00,16108.4
13/11/2025 10:00,15835.5
13/11/2025 11:00,15809.2
13/11/2025 12:00,15469.6
13/11/2025 13:00,15454.9
13/11/2025 14:00,15597.8
13/11/2025 15:00,16187.5
13/11/2025 16:00,16740.8
13/11/2025 17:00,17482.0
13/11/2025 18:00,16904.2
13/11/2025 19:00,16159.1
13/11/2025 20:00,15468.3
13/11/2025 21:00,14656.0
13/11/2025 22:00,13702.9
13/11/2025 23:00,12932.0
14/11/2025 00:00,12238.6
14/11/2025 01:00,11798.5
14/11/2025 02:00,11541.1
14/11/2025 03:00,11462.1
14/11/2025 04:00,11450.6
14/11/2025 05:00,11883.4
14/11/2025 06:00,13075.3
14/11/2025 07:00,14939.7
14/11/2025 08:00,16181.9
14/11/2025 09:00,16689.5
14/11/2025 10:00,16770.9
14/11/2025 11:00,16728.8
14/11/2025 12:00,16837.2
14/11/2025 13:00,16917.9
14/11/2025 14:00,17044.5
14/11/2025 15:00,16942.8
14/11/2025 16:00,17207.7
14/11/2025 17:00,17729.6
14/11/2025 18:00,17143.0
14/11/2025 19:00,16317.0
14/11/2025 20:00,15456.2
14/11/2025 21:00,14769.6
14/11/2025 22:00,14091.1
14/11/2025 23:00,13504.7
15/11/2025 00:00,12861.8
15/11/2025 01:00,12236.3
15/11/2025 02:00,11942.6
15/11/2025 03:00,11664.3
15/11/2025 04:00,11748.5
15/11/2025 05:00,11768.3
15/11/2025 06:00,12227.4
15/11/2025 07:00,12973.7
15/11/2025 08:00,13911.7
15/11/2025 09:00,14652.1
15/11/2025 10:00,14869.3
15/11/2025 11:00,15154.5
15/11/2025 12:00,15241.1
15/11/2025 13:00,15232.8
15/11/2025 14:00,15072.4
15/11/2025 15:00,15179.9
15/11/2025 16:00,15581.0
15/11/2025 17:00,16163.3
15/11/2025 18:00,15848.1
15/11/2025 19:00,15185.0
15/11/2025 20:00,14437.6
15/11/2025 21:00,13759.0
15/11/2025 22:00,13160.8
15/11/2025 23:00,12541.9
16/11/2025 00:00,12088.2
16/11/2025 01:00,11705.9
16/11/2025 02:00,11403.4
16/11/2025 03:00,11161.4
16/11/2025 04:00,11156.1
16/11/2025 05:00,11161.2
16/11/2025 06:00,11520.8
16/11/2025 07:00,12075.9
16/11/2025 08:00,12852.3
16/11/2025 09:00,13471.5
16/11/2025 10:00,13909.0
16/11/2025 11:00,14172.3
16/11/2025 12:00,14445.1
16/11/2025 13:00,14420.0
16/11/2025 14:00,14396.0
16/11/2025 15:00,14631.2
16/11/2025 16:00,15214.9
16/11/2025 17:00,16143.4
16/11/2025 18:00,15974.5
16/11/2025 19:00,15580.0
16/11/2025 20:00,15025.9
16/11/2025 21:00,14363.1
16/11/2025 22:00,13710.1
16/11/2025 23:00,12938.4
17/11/2025 00:00,12370.5
17/11/2025 01:00,11917.5
17/11/2025 02:00,11812.3
17/11/2025 03:00,12050.6
17/11/2025 04:00,11932.4
17/11/2025 05:00,12280.4
17/11/2025 06:00,13672.0
17/11/2025 07:00,16045.5
17/11/2025 08:00,17112.0
17/11/2025 09:00,16806.1
17/11/2025 10:00,16355.7
17/11/2025 11:00,16017.0
17/11/2025 12:00,15585.7
17/11/2025 13:00,15651.2
17/11/2025 14:00,15724.6
17/11/2025 15:00,16377.6
17/11/2025 16:00,17857.3
17/11/2025 17:00,19009.8
17/11/2025 18:00,18189.0
17/11/2025 19:00,17504.6
17/11/2025 20:00,16835.0
17/11/2025 21:00,16046.1
17/11/2025 22:00,14894.9
17/11/2025 23:00,13913.6
18/11/2025 00:00,13028.4
18/11/2025 01:00,12552.6
18/11/2025 02:00,12381.8
18/11/2025 03:00,12132.2
18/11/2025 04:00,12087.7
18/11/2025 05:00,12665.2
18/11/2025 06:00,14041.5
18/11/2025 07:00,16123.7
18/11/2025 08:00,17474.4
18/11/2025 09:00,17509.9
18/11/2025 10:00,16889.3
18/11/2025 11:00,16568.6
18/11/2025 12:00,16395.5
18/11/2025 13:00,16841.6
18/11/2025 14:00,17137.1
18/11/2025 15:00,17761.1
18/11/2025 16:00,18639.3
18/11/2025 17:00,19036.8
18/11/2025 18:00,18426.4
18/11/2025 19:00,17661.4
18/11/2025 20:00,16881.9
18/11/2025 21:00,16022.6
18/11/2025 22:00,14957.7
18/11/2025 23:00,14076.4
19/11/2025 00:00,13397.9
19/11/2025 01:00,12869.1
19/11/2025 02:00,12511.6
19/11/2025 03:00,12335.4
19/11/2025 04:00,12287.2
19/11/2025 05:00,12665.9
19/11/2025 06:00,13973.1
19/11/2025 07:00,16001.5
19/11/2025 08:00,17442.1
19/11/2025 09:00,18105.5
19/11/2025 10:00,18067.9
19/11/2025 11:00,17865.5
19/11/2025 12:00,17780.9
19/11/2025 13:00,18186.9
19/11/2025 14:00,18201.8
19/11/2025 15:00,18578.9
19/11/2025 16:00,19008.3
19/11/2025 17:00,19555.6
19/11/2025 18:00,18836.1
19/11/2025 19:00,18122.2
19/11/2025 20:00,17185.1
19/11/2025 21:00,16242.1
19/11/2025 22:00,15191.6
19/11/2025 23:00,14266.3
20/11/2025 00:00,13552.2
20/11/2025 01:00,13261.9
20/11/2025 02:00,12830.7
20/11/2025 03:00,12651.5
20/11/2025 04:00,12603.9
20/11/2025 05:00,13042.8
20/11/2025 06:00,14579.3
20/11/2025 07:00,16586.6
20/11/2025 08:00,17685.5
20/11/2025 09:00,17895.3
20/11/2025 10:00,17377.7
20/11/2025 11:00,16956.4
20/11/2025 12:00,16847.2
20/11/2025 13:00,16981.9
20/11/2025 14:00,17366.8
20/11/2025 15:00,17923.9
20/11/2025 16:00,18675.4
20/11/2025 17:00,19352.6
20/11/2025 18:00,18632.7
20/11/2025 19:00,17960.0
20/11/2025 20:00,17211.6
20/11/2025 21:00,16504.2
20/11/2025 22:00,15395.6
20/11/2025 23:00,14350.9
21/11/2025 00:00,13714.8
21/11/2025 01:00,13158.5
21/11/2025 02:00,12883.7
21/11/2025 03:00,12757.6
21/11/2025 04:00,12788.3
21/11/2025 05:00,13183.0
21/11/2025 06:00,14398.5
21/11/2025 07:00,16515.5
21/11/2025 08:00,17737.7
21/11/2025 09:00,17580.7
21/11/2025 10:00,16663.0
21/11/2025 11:00,16027.1
21/11/2025 12:00,15726.4
21/11/2025 13:00,15719.3
21/11/2025 14:00,15841.1
21/11/2025 15:00,16528.9
21/11/2025 16:00,17816.7
21/11/2025 17:00,18754.2
21/11/2025 18:00,18168.0
21/11/2025 19:00,17435.0
21/11/2025 20:00,16666.0
21/11/2025 21:00,15830.2
21/11/2025 22:00,14897.8
21/11/2025 23:00,14178.1
22/11/2025 00:00,13547.9
22/11/2025 01:00,12984.7
22/11/2025 02:00,12696.9
22/11/2025 03:00,12522.6
22/11/2025 04:00,12442.3
22/11/2025 05:00,12634.1
22/11/2025 06:00,13223.6
22/11/2025 07:00,14097.5
22/11/2025 08:00,14914.9
22/11/2025 09:00,15163.1
22/11/2025 10:00,15081.6
22/11/2025 11:00,14885.7
22/11/2025 12:00,14858.0
22/11/2025 13:00,14790.1
22/11/2025 14:00,14717.2
22/11/2025 15:00,15263.4
22/11/2025 16:00,16701.6
22/11/2025 17:00,17697.9
22/11/2025 18:00,17337.7
22/11/2025 19:00,16741.3
22/11/2025 20:00,16111.6
22/11/2025 21:00,15516.8
22/11/2025 22:00,14776.1
22/11/2025 23:00,14143.1
23/11/2025 00:00,13540.8
23/11/2025 01:00,13047.6
23/11/2025 02:00,12682.2
23/11/2025 03:00,12537.9
23/11/2025 04:00,12499.2
23/11/2025 05:00,12531.9
23/11/2025 06:00,12865.0
23/11/2025 07:00,13433.4
23/11/2025 08:00,14409.7
23/11/2025 09:00,15094.5
23/11/2025 10:00,15414.1
23/11/2025 11:00,15517.9
23/11/2025 12:00,15770.1
23/11/2025 13:00,16025.9
23/11/2025 14:00,16338.4
23/11/2025 15:00,16653.2
23/11/2025 16:00,17078.5
23/11/2025 17:00,17690.0
23/11/2025 18:00,17276.7
23/11/2025 19:00,16567.7
23/11/2025 20:00,15848.8
23/11/2025 21:00,15096.0
23/11/2025 22:00,14224.4
23/11/2025 23:00,13435.9
24/11/2025 00:00,12851.3
24/11/2025 01:00,12497.8
24/11/2025 02:00,12222.4
24/11/2025 03:00,12115.2
24/11/2025 04:00,12210.0
24/11/2025 05:00,12863.5
24/11/2025 06:00,14291.2
24/11/2025 07:00,16483.0
24/11/2025 08:00,17920.2
24/11/2025 09:00,17996.3
24/11/2025 10:00,17492.6
24/11/2025 11:00,16999.2
24/11/2025 12:00,16815.3
24/11/2025 13:00,16843.4
24/11/2025 14:00,16974.6
24/11/2025 15:00,17479.4
24/11/2025 16:00,18372.0
24/11/2025 17:00,19037.8
24/11/2025 18:00,18352.7
24/11/2025 19:00,17609.1
24/11/2025 20:00,16819.8
24/11/2025 21:00,16138.3
24/11/2025 22:00,15107.8
24/11/2025 23:00,14002.9
25/11/2025 00:00,13260.0
25/11/2025 01:00,12928.0
25/11/2025 02:00,12632.0
25/11/2025 03:00,12552.0
25/11/2025 04:00,12644.6
25/11/2025 05:00,13075.7
25/11/2025 06:00,14620.2
25/11/2025 07:00,16553.1
25/11/2025 08:00,17875.4
25/11/2025 09:00,18220.4
25/11/2025 10:00,17897.0
25/11/2025 11:00,17542.8
25/11/2025 12:00,17187.8
25/11/2025 13:00,17064.9
25/11/2025 14:00,16980.5
25/11/2025 15:00,17531.3
25/11/2025 16:00,18434.9
25/11/2025 17:00,19082.8
25/11/2025 18:00,18425.4
25/11/2025 19:00,17670.0
25/11/2025 20:00,16894.7
25/11/2025 21:00,16113.2
25/11/2025 22:00,15316.2
25/11/2025 23:00,14317.7
26/11/2025 00:00,13485.3
26/11/2025 01:00,12865.4
26/11/2025 02:00,12590.3
26/11/2025 03:00,12359.2
26/11/2025 04:00,12346.9
26/11/2025 05:00,12768.7
26/11/2025 06:00,14138.0
26/11/2025 07:00,16249.6
26/11/2025 08:00,17654.5
26/11/2025 09:00,17831.8
26/11/2025 10:00,17432.5
26/11/2025 11:00,16799.1
26/11/2025 12:00,16484.7
26/11/2025 13:00,16681.1
26/11/2025 14:00,16549.6
26/11/2025 15:00,17106.0
26/11/2025 16:00,18297.7
26/11/2025 17:00,19112.7
26/11/2025 18:00,18536.8
26/11/2025 19:00,17868.9
26/11/2025 20:00,17278.1
26/11/2025 21:00,16512.1
26/11/2025 22:00,15466.3
26/11/2025 23:00,14445.7
27/11/2025 00:00,13697.9
27/11/2025 01:00,13255.0
27/11/2025 02:00,13002.8
27/11/2025 03:00,12949.0
27/11/2025 04:00,12977.2
27/11/2025 05:00,13328.7
27/11/2025 06:00,14676.3
27/11/2025 07:00,16760.9
27/11/2025 08:00,18132.5
27/11/2025 09:00,18669.2
27/11/2025 10:00,18721.6
27/11/2025 11:00,18700.6
27/11/2025 12:00,18661.5
27/11/2025 13:00,18716.3
27/11/2025 14:00,18561.9
27/11/2025 15:00,18686.7
27/11/2025 16:00,19081.5
27/11/2025 17:00,19383.2
27/11/2025 18:00,18597.0
27/11/2025 19:00,17897.8
27/11/2025 20:00,17135.3
27/11/2025 21:00,16280.1
27/11/2025 22:00,15315.4
27/11/2025 23:00,14274.5
28/11/2025 00:00,13493.5
28/11/2025 01:00,13024.3
28/11/2025 02:00,12734.2
28/11/2025 03:00,12550.1
28/11/2025 04:00,12390.2
28/11/2025 05:00,12800.7
28/11/2025 06:00,14018.3
28/11/2025 07:00,15898.8
28/11/2025 08:00,17359.1
28/11/2025 09:00,17905.1
28/11/2025 10:00,17938.1
28/11/2025 11:00,17706.7
28/11/2025 12:00,17335.0
28/11/2025 13:00,17247.7
28/11/2025 14:00,17236.8
28/11/2025 15:00,17451.2
28/11/2025 16:00,17907.0
28/11/2025 17:00,18412.1
28/11/2025 18:00,17682.8
28/11/2025 19:00,16871.3
28/11/2025 20:00,16102.7
28/11/2025 21:00,15302.8
28/11/2025 22:00,14423.7
28/11/2025 23:00,13697.2
29/11/2025 00:00,13087.7
29/11/2025 01:00,12537.0
29/11/2025 02:00,12034.2
29/11/2025 03:00,11725.7
29/11/2025 04:00,11657.3
29/11/2025 05:00,11764.3
29/11/2025 06:00,12273.4
29/11/2025 07:00,13181.7
29/11/2025 08:00,14390.1
29/11/2025 09:00,14959.3
29/11/2025 10:00,14935.7
29/11/2025 11:00,14871.3
29/11/2025 12:00,14822.4
29/11/2025 13:00,14834.8
29/11/2025 14:00,14868.7
29/11/2025 15:00,15285.8
29/11/2025 16:00,15979.1
29/11/2025 17:00,16588.1
29/11/2025 18:00,16068.1
29/11/2025 19:00,15416.7
29/11/2025 20:00,14846.1
29/11/2025 21:00,14231.3
29/11/2025 22:00,13584.1
29/11/2025 23:00,13085.0
30/11/2025 00:00,12729.3
30/11/2025 01:00,12423.9
30/11/2025 02:00,12082.2
30/11/2025 03:00,11821.0
30/11/2025 04:00,11861.0
30/11/2025 05:00,11846.1
30/11/2025 06:00,12015.4
30/11/2025 07:00,12552.4
30/11/2025 08:00,13365.2
30/11/2025 09:00,13845.1
30/11/2025 10:00,13721.8
30/11/2025 11:00,13985.4
30/11/2025 12:00,14086.7
30/11/2025 13:00,14474.5
30/11/2025 14:00,14692.2
30/11/2025 15:00,15404.0
30/11/2025 16:00,16151.4
30/11/2025 17:00,16746.7
30/11/2025 18:00,16287.1
30/11/2025 19:00,15832.8
30/11/2025 20:00,15352.3
30/11/2025 21:00,14794.4
30/11/2025 22:00,13970.4
30/11/2025 23:00,13242.1
01/12/2025 00:00,12670.9
01/12/2025 01:00,12360.5
01/12/2025 02:00,12151.5
01/12/2025 03:00,12147.8
01/12/2025 04:00,12332.4
01/12/2025 05:00,12937.3
01/12/2025 06:00,14384.6
01/12/2025 07:00,16470.6
01/12/2025 08:00,17858.7
01/12/2025 09:00,18058.6
01/12/2025 10:00,17794.0
01/12/2025 11:00,17559.7
01/12/2025 12:00,17322.1
01/12/2025 13:00,17453.1
01/12/2025 14:00,17743.6
01/12/2025 15:00,18252.8
01/12/2025 16:00,19042.2
01/12/2025 17:00,19539.4
01/12/2025 18:00,18729.4
01/12/2025 19:00,17993.4
01/12/2025 20:00,17081.1
01/12/2025 21:00,16158.8
01/12/2025 22:00,15062.3
01/12/2025 23:00,14089.2
02/12/2025 00:00,13503.7
02/12/2025 01:00,12987.0
02/12/2025 02:00,12757.0
02/12/2025 03:00,12512.4
02/12/2025 04:00,12550.6
02/12/2025 05:00,12855.8
02/12/2025 06:00,14315.3
02/12/2025 07:00,16366.7
02/12/2025 08:00,17693.4
02/12/2025 09:00,18107.4
02/12/2025 10:00,17761.2
02/12/2025 11:00,17372.6
02/12/2025 12:00,17001.3
02/12/2025 13:00,16909.6
02/12/2025 14:00,16773.3
02/12/2025 15:00,17428.6
02/12/2025 16:00,18171.2
02/12/2025 17:00,18807.6
02/12/2025 18:00,18067.4
02/12/2025 19:00,17349.0
02/12/2025 20:00,16525.8
02/12/2025 21:00,15759.0
02/12/2025 22:00,14826.9
02/12/2025 23:00,13802.6
03/12/2025 00:00,13047.9
03/12/2025 01:00,12544.0
03/12/2025 02:00,12256.3
03/12/2025 03:00,12123.6
03/12/2025 04:00,12070.9
03/12/2025 05:00,12527.8
03/12/2025 06:00,13857.6
03/12/2025 07:00,15910.7
03/12/2025 08:00,17334.3
03/12/2025 09:00,17633.9
03/12/2025 10:00,17375.7
03/12/2025 11:00,17099.4
03/12/2025 12:00,16945.8
03/12/2025 13:00,16948.8
03/12/2025 14:00,16940.5
03/12/2025 15:00,17253.0
03/12/2025 16:00,18015.1
03/12/2025 17:00,18628.9
03/12/2025 18:00,17996.6
03/12/2025 19:00,17301.1
03/12/2025 20:00,16741.0
03/12/2025 21:00,15883.8
03/12/2025 22:00,14894.7
03/12/2025 23:00,13951.1
04/12/2025 00:00,13128.3
04/12/2025 01:00,12585.9
04/12/2025 02:00,12285.4
04/12/2025 03:00,12140.6
04/12/2025 04:00,12305.9
04/12/2025 05:00,12673.8
04/12/2025 06:00,14203.4
04/12/2025 07:00,16160.8
04/12/2025 08:00,17507.5
04/12/2025 09:00,17781.7
04/12/2025 10:00,17052.3
04/12/2025 11:00,16417.0
04/12/2025 12:00,15958.0
04/12/2025 13:00,16007.4
04/12/2025 14:00,16399.4
04/12/2025 15:00,17383.5
04/12/2025 16:00,18319.0
04/12/2025 17:00,18964.6
04/12/2025 18:00,18365.2
04/12/2025 19:00,17515.2
04/12/2025 20:00,16719.6
04/12/2025 21:00,15918.1
04/12/2025 22:00,14937.9
04/12/2025 23:00,14042.0
05/12/2025 00:00,13459.4
05/12/2025 01:00,12875.2
05/12/2025 02:00,12464.1
05/12/2025 03:00,12318.2
05/12/2025 04:00,12302.5
05/12/2025 05:00,12731.7
05/12/2025 06:00,14064.3
05/12/2025 07:00,16046.3
05/12/2025 08:00,17406.3
05/12/2025 09:00,17781.2
05/12/2025 10:00,17496.5
05/12/2025 11:00,17329.9
05/12/2025 12:00,17249.8
05/12/2025 13:00,17424.0
05/12/2025 14:00,17584.3
05/12/2025 15:00,17863.1
05/12/2025 16:00,18328.6
05/12/2025 17:00,18836.1
05/12/2025 18:00,17946.7
05/12/2025 19:00,17078.4
05/12/2025 20:00,16297.3
05/12/2025 21:00,15550.9
05/12/2025 22:00,14703.8
05/12/2025 23:00,13938.5
06/12/2025 00:00,13364.0
06/12/2025 01:00,12845.1
06/12/2025 02:00,12481.2
06/12/2025 03:00,12317.8
06/12/2025 04:00,12267.3
06/12/2025 05:00,12335.0
06/12/2025 06:00,12933.0
06/12/2025 07:00,13697.8
06/12/2025 08:00,14746.5
06/12/2025 09:00,15542.0
06/12/2025 10:00,15805.9
06/12/2025 11:00,15866.6
06/12/2025 12:00,15716.1
06/12/2025 13:00,15522.8
06/12/2025 14:00,15501.0
06/12/2025 15:00,15696.3
06/12/2025 16:00,16137.1
06/12/2025 17:00,16671.5
06/12/2025 18:00,16159.0
06/12/2025 19:00,15567.3
06/12/2025 20:00,14959.5
06/12/2025 21:00,14370.4
06/12/2025 22:00,13690.9
06/12/2025 23:00,13018.6
07/12/2025 00:00,12584.2
07/12/2025 01:00,12163.6
07/12/2025 02:00,11830.0
07/12/2025 03:00,11611.9
07/12/2025 04:00,11384.5
07/12/2025 05:00,11420.2
07/12/2025 06:00,11627.6
07/12/2025 07:00,12172.6
07/12/2025 08:00,13066.4
07/12/2025 09:00,13729.4
07/12/2025 10:00,13871.3
07/12/2025 11:00,14115.4
07/12/2025 12:00,14459.9
07/12/2025 13:00,14674.0
07/12/2025 14:00,14814.4
07/12/2025 15:00,15089.0
07/12/2025 16:00,15739.0
07/12/2025 17:00,16427.5
07/12/2025 18:00,16025.4
07/12/2025 19:00,15490.5
07/12/2025 20:00,14941.4
07/12/2025 21:00,14343.3
07/12/2025 22:00,13584.2
07/12/2025 23:00,12987.2
08/12/2025 00:00,12652.0
08/12/2025 01:00,12289.6
08/12/2025 02:00,11925.4
08/12/2025 03:00,11855.7
08/12/2025 04:00,11816.0
08/12/2025 05:00,12346.0
08/12/2025 06:00,13684.0
08/12/2025 07:00,15629.0
08/12/2025 08:00,16945.6
08/12/2025 09:00,17391.5
08/12/2025 10:00,17133.4
08/12/2025 11:00,17115.4
08/12/2025 12:00,17300.6
08/12/2025 13:00,17322.9
08/12/2025 14:00,17238.7
08/12/2025 15:00,17619.4
08/12/2025 16:00,17913.2
08/12/2025 17:00,18437.4
08/12/2025 18:00,17648.8
08/12/2025 19:00,16870.9
08/12/2025 20:00,16112.4
08/12/2025 21:00,15455.0
08/12/2025 22:00,14271.7
08/12/2025 23:00,13321.3
09/12/2025 00:00,12653.2
09/12/2025 01:00,12187.6
09/12/2025 02:00,11848.7
09/12/2025 03:00,11901.4
09/12/2025 04:00,11734.2
09/12/2025 05:00,12116.0
09/12/2025 06:00,13470.7
09/12/2025 07:00,15435.7
09/12/2025 08:00,16814.3
09/12/2025 09:00,17214.6
09/12/2025 10:00,16731.9
09/12/2025 11:00,16487.9
09/12/2025 12:00,16329.7
09/12/2025 13:00,16254.6
09/12/2025 14:00,16314.3
09/12/2025 15:00,16821.7
09/12/2025 16:00,17675.6
09/12/2025 17:00,18298.6
09/12/2025 18:00,17562.2
09/12/2025 19:00,16878.4
09/12/2025 20:00,16104.4
09/12/2025 21:00,15286.8
09/12/2025 22:00,14395.9
09/12/2025 23:00,13526.1
10/12/2025 00:00,13046.6
10/12/2025 01:00,12737.4
10/12/2025 02:00,12418.6
10/12/2025 03:00,12126.4
10/12/2025 04:00,11979.7
10/12/2025 05:00,12310.6
10/12/2025 06:00,13602.1
10/12/2025 07:00,15458.6
10/12/2025 08:00,16837.4
10/12/2025 09:00,17106.1
10/12/2025 10:00,16687.1
10/12/2025 11:00,16302.1
10/12/2025 12:00,16220.5
10/12/2025 13:00,16278.9
10/12/2025 14:00,16417.3
10/12/2025 15:00,16927.5
10/12/2025 16:00,17787.0
10/12/2025 17:00,18555.9
10/12/2025 18:00,17666.8
10/12/2025 19:00,16994.6
10/12/2025 20:00,16289.9
10/12/2025 21:00,15494.7
10/12/2025 22:00,14493.2
10/12/2025 23:00,13693.4
11/12/2025 00:00,13146.5
11/12/2025 01:00,12757.5
11/12/2025 02:00,12643.4
11/12/2025 03:00,12369.8
11/12/2025 04:00,12244.0
11/12/2025 05:00,12468.7
11/12/2025 06:00,13835.9
11/12/2025 07:00,15806.1
11/12/2025 08:00,17151.4
11/12/2025 09:00,17429.0
11/12/2025 10:00,16994.6
11/12/2025 11:00,16688.4
11/12/2025 12:00,16309.5
11/12/2025 13:00,16058.4
11/12/2025 14:00,16154.5
11/12/2025 15:00,16777.8
11/12/2025 16:00,18002.9
11/12/2025 17:00,18697.1
11/12/2025 18:00,18037.8
11/12/2025 19:00,17368.6
11/12/2025 20:00,16611.1
11/12/2025 21:00,15782.5
11/12/2025 22:00,14784.7
11/12/2025 23:00,13775.5
12/12/2025 00:00,13247.5
12/12/2025 01:00,12663.8
12/12/2025 02:00,12293.6
12/12/2025 03:00,12174.9
12/12/2025 04:00,12250.2
12/12/2025 05:00,12471.3
12/12/2025 06:00,13742.3
12/12/2025 07:00,15728.7
12/12/2025 08:00,17146.9
12/12/2025 09:00,17606.9
12/12/2025 10:00,17505.9
12/12/2025 11:00,17339.2
12/12/2025 12:00,17245.3
12/12/2025 13:00,17166.3
12/12/2025 14:00,17230.5
12/12/2025 15:00,17414.3
12/12/2025 16:00,17714.1
12/12/2025 17:00,18003.6
12/12/2025 18:00,17253.3
12/12/2025 19:00,16440.2
12/12/2025 20:00,15722.4
12/12/2025 21:00,15008.6
12/12/2025 22:00,14180.2
12/12/2025 23:00,13423.5
13/12/2025 00:00,12950.8
13/12/2025 01:00,12440.8
13/12/2025 02:00,11936.2
13/12/2025 03:00,11731.1
13/12/2025 04:00,11557.6
13/12/2025 05:00,11587.3
13/12/2025 06:00,12156.0
13/12/2025 07:00,13096.8
13/12/2025 08:00,14062.0
13/12/2025 09:00,14585.3
13/12/2025 10:00,14615.4
13/12/2025 11:00,14439.4
13/12/2025 12:00,14159.7
13/12/2025 13:00,13920.4
13/12/2025 14:00,13880.5
13/12/2025 15:00,14367.6
13/12/2025 16:00,15556.0
13/12/2025 17:00,16429.9
13/12/2025 18:00,16077.3
13/12/2025 19:00,15588.0
13/12/2025 20:00,15092.8
13/12/2025 21:00,14532.1
13/12/2025 22:00,13883.5
13/12/2025 23:00,13224.0
14/12/2025 00:00,12832.3
14/12/2025 01:00,12410.2
14/12/2025 02:00,12018.4
14/12/2025 03:00,11825.8
14/12/2025 04:00,11706.3
14/12/2025 05:00,11703.7
14/12/2025 06:00,12075.1
14/12/2025 07:00,12729.9
14/12/2025 08:00,13476.6
14/12/2025 09:00,14205.8
14/12/2025 10:00,14384.4
14/12/2025 11:00,14643.7
14/12/2025 12:00,14908.8
14/12/2025 13:00,14985.9
14/12/2025 14:00,15238.9
14/12/2025 15:00,15440.2
14/12/2025 16:00,15930.1
14/12/2025 17:00,16625.2
14/12/2025 18:00,16180.1
14/12/2025 19:00,15639.2
14/12/2025 20:00,15138.4
14/12/2025 21:00,14499.1
14/12/2025 22:00,13816.6
14/12/2025 23:00,13098.0
15/12/2025 00:00,12659.3
15/12/2025 01:00,12238.8
15/12/2025 02:00,12002.0
15/12/2025 03:00,12014.8
15/12/2025 04:00,12020.9
15/12/2025 05:00,12484.7
15/12/2025 06:00,13976.2
15/12/2025 07:00,16142.4
15/12/2025 08:00,17729.4
15/12/2025 09:00,18236.9
15/12/2025 10:00,17784.4
15/12/2025 11:00,17445.7
15/12/2025 12:00,17231.3
15/12/2025 13:00,16982.3
15/12/2025 14:00,16721.6
15/12/2025 15:00,17133.4
15/12/2025 16:00,18251.8
15/12/2025 17:00,18925.4
15/12/2025 18:00,18440.4
15/12/2025 19:00,17720.7
15/12/2025 20:00,16899.2
15/12/2025 21:00,15881.5
15/12/2025 22:00,14930.2
15/12/2025 23:00,13699.5
16/12/2025 00:00,13021.8
16/12/2025 01:00,12467.7
16/12/2025 02:00,12253.1
16/12/2025 03:00,12058.3
16/12/2025 04:00,11875.3
16/12/2025 05:00,12266.4
16/12/2025 06:00,14000.7
16/12/2025 07:00,16042.5
16/12/2025 08:00,17307.0
16/12/2025 09:00,17480.5
16/12/2025 10:00,17127.3
16/12/2025 11:00,16517.8
16/12/2025 12:00,16119.7
16/12/2025 13:00,16068.3
16/12/2025 14:00,16447.8
16/12/2025 15:00,16825.6
16/12/2025 16:00,17696.4
16/12/2025 17:00,18491.1
16/12/2025 18:00,17725.8
16/12/2025 19:00,16994.0
16/12/2025 20:00,16296.1
16/12/2025 21:00,15521.0
16/12/2025 22:00,14645.7
16/12/2025 23:00,13792.5
17/12/2025 00:00,12970.1
17/12/2025 01:00,12432.3
17/12/2025 02:00,12133.1
17/12/2025 03:00,12017.9
17/12/2025 04:00,11916.1
17/12/2025 05:00,12258.9
17/12/2025 06:00,13569.2
17/12/2025 07:00,15643.5
17/12/2025 08:00,17125.2
17/12/2025 09:00,17687.4
17/12/2025 10:00,17620.8
17/12/2025 11:00,17260.7
17/12/2025 12:00,16920.9
17/12/2025 13:00,16987.0
17/12/2025 14:00,17043.0
17/12/2025 15:00,17345.4
17/12/2025 16:00,18012.2
17/12/2025 17:00,18625.7
17/12/2025 18:00,17900.8
17/12/2025 19:00,17199.8
17/12/2025 20:00,16552.5
17/12/2025 21:00,15735.2
17/12/2025 22:00,14830.5
17/12/2025 23:00,14023.4
18/12/2025 00:00,13522.4
18/12/2025 01:00,12863.1
18/12/2025 02:00,12578.5
18/12/2025 03:00,12603.9
18/12/2025 04:00,12712.0
18/12/2025 05:00,12889.4
18/12/2025 06:00,14121.7
18/12/2025 07:00,16059.7
18/12/2025 08:00,17460.1
18/12/2025 09:00,17849.2
18/12/2025 10:00,17538.4
18/12/2025 11:00,17260.4
18/12/2025 12:00,16845.7
18/12/2025 13:00,16467.7
18/12/2025 14:00,16409.2
18/12/2025 15:00,17067.1
18/12/2025 16:00,17921.2
18/12/2025 17:00,18364.1
18/12/2025 18:00,17571.0
18/12/2025 19:00,16933.4
18/12/2025 20:00,16400.1
18/12/2025 21:00,15664.9
18/12/2025 22:00,14697.9
18/12/2025 23:00,13919.5
19/12/2025 00:00,13366.1
19/12/2025 01:00,12896.3
19/12/2025 02:00,12455.5
19/12/2025 03:00,12274.9
19/12/2025 04:00,12122.1
19/12/2025 05:00,12279.4
19/12/2025 06:00,13399.3
19/12/2025 07:00,15184.6
19/12/2025 08:00,16722.7
19/12/2025 09:00,17233.1
19/12/2025 10:00,16942.8
19/12/2025 11:00,16480.9
19/12/2025 12:00,16184.2
19/12/2025 13:00,16045.7
19/12/2025 14:00,15911.1
19/12/2025 15:00,16304.7
19/12/2025 16:00,17130.2
19/12/2025 17:00,17747.4
19/12/2025 18:00,16982.4
19/12/2025 19:00,16404.7
19/12/2025 20:00,15759.9
19/12/2025 21:00,15014.6
19/12/2025 22:00,14219.9
19/12/2025 23:00,13560.7
20/12/2025 00:00,13043.7
20/12/2025 01:00,12583.2
20/12/2025 02:00,12165.8
20/12/2025 03:00,11953.3
20/12/2025 04:00,11786.2
20/12/2025 05:00,11886.4
20/12/2025 06:00,12355.1
20/12/2025 07:00,13154.0
20/12/2025 08:00,14249.7
20/12/2025 09:00,14924.3
20/12/2025 10:00,14921.9
20/12/2025 11:00,14842.8
20/12/2025 12:00,14801.6
20/12/2025 13:00,14829.6
20/12/2025 14:00,14953.7
20/12/2025 15:00,15283.1
20/12/2025 16:00,15980.1
20/12/2025 17:00,16526.9
20/12/2025 18:00,16046.2
20/12/2025 19:00,15506.9
20/12/2025 20:00,14852.3
20/12/2025 21:00,14235.9
20/12/2025 22:00,13516.5
20/12/2025 23:00,12803.5
21/12/2025 00:00,12409.9
21/12/2025 01:00,11974.5
21/12/2025 02:00,11737.7
21/12/2025 03:00,11499.4
21/12/2025 04:00,11312.3
21/12/2025 05:00,11269.9
21/12/2025 06:00,11517.3
21/12/2025 07:00,12035.0
21/12/2025 08:00,12941.6
21/12/2025 09:00,13550.5
21/12/2025 10:00,13557.8
21/12/2025 11:00,13276.4
21/12/2025 12:00,13290.3
21/12/2025 13:00,13301.5
21/12/2025 14:00,13407.5
21/12/2025 15:00,13913.2
21/12/2025 16:00,15033.4
21/12/2025 17:00,15971.9
21/12/2025 18:00,15608.6
21/12/2025 19:00,15153.4
21/12/2025 20:00,14712.2
21/12/2025 21:00,14369.1
21/12/2025 22:00,13589.7
21/12/2025 23:00,13019.0
22/12/2025 00:00,12602.0
22/12/2025 01:00,12132.1
22/12/2025 02:00,11991.2
22/12/2025 03:00,12117.5
22/12/2025 04:00,12027.0
22/12/2025 05:00,12258.1
22/12/2025 06:00,13391.5
22/12/2025 07:00,14925.8
22/12/2025 08:00,16484.9
22/12/2025 09:00,16966.2
22/12/2025 10:00,16584.7
22/12/2025 11:00,16254.2
22/12/2025 12:00,16046.5
22/12/2025 13:00,16166.2
22/12/2025 14:00,16202.6
22/12/2025 15:00,16685.0
22/12/2025 16:00,17658.6
22/12/2025 17:00,18373.2
22/12/2025 18:00,17563.5
22/12/2025 19:00,16875.6
22/12/2025 20:00,16108.8
22/12/2025 21:00,15434.5
22/12/2025 22:00,14569.6
22/12/2025 23:00,13698.6
23/12/2025 00:00,13086.3
23/12/2025 01:00,12609.7
23/12/2025 02:00,12516.0
23/12/2025 03:00,12426.0
23/12/2025 04:00,12209.2
23/12/2025 05:00,12398.5
23/12/2025 06:00,13474.9
23/12/2025 07:00,15061.2
23/12/2025 08:00,16462.4
23/12/2025 09:00,17192.0
23/12/2025 10:00,17432.1
23/12/2025 11:00,17516.7
23/12/2025 12:00,17565.4
23/12/2025 13:00,17643.2
23/12/2025 14:00,17619.9
23/12/2025 15:00,17901.0
23/12/2025 16:00,18279.2
23/12/2025 17:00,18719.5
23/12/2025 18:00,17868.2
23/12/2025 19:00,17247.9
23/12/2025 20:00,16525.4
23/12/2025 21:00,15919.9
23/12/2025 22:00,14894.9
23/12/2025 23:00,14093.7
24/12/2025 00:00,13460.6
24/12/2025 01:00,13092.9
24/12/2025 02:00,12826.5
24/12/2025 03:00,12801.9
24/12/2025 04:00,12785.2
24/12/2025 05:00,13092.6
24/12/2025 06:00,14063.9
24/12/2025 07:00,15478.0
24/12/2025 08:00,16779.7
24/12/2025 09:00,17059.3
24/12/2025 10:00,16481.4
24/12/2025 11:00,15967.6
24/12/2025 12:00,15666.1
24/12/2025 13:00,15739.4
24/12/2025 14:00,15587.8
24/12/2025 15:00,16281.8
24/12/2025 16:00,17453.4
24/12/2025 17:00,18095.6
24/12/2025 18:00,17397.8
24/12/2025 19:00,16539.3
24/12/2025 20:00,15799.4
24/12/2025 21:00,15247.7
24/12/2025 22:00,14580.5
24/12/2025 23:00,14109.3
25/12/2025 00:00,13550.4
25/12/2025 01:00,13067.9
25/12/2025 02:00,12730.4
25/12/2025 03:00,12641.7
25/12/2025 04:00,12561.4
25/12/2025 05:00,12722.3
25/12/2025 06:00,13150.1
25/12/2025 07:00,13824.3
25/12/2025 08:00,14732.2
25/12/2025 09:00,14994.2
25/12/2025 10:00,14639.9
25/12/2025 11:00,14413.2
25/12/2025 12:00,14191.0
25/12/2025 13:00,14179.3
25/12/2025 14:00,14137.5
25/12/2025 15:00,14778.9
25/12/2025 16:00,16050.7
25/12/2025 17:00,16823.7
25/12/2025 18:00,16518.4
25/12/2025 19:00,15965.1
25/12/2025 20:00,15521.6
25/12/2025 21:00,15186.6
25/12/2025 22:00,14644.5
25/12/2025 23:00,14065.5
26/12/2025 00:00,13615.9
26/12/2025 01:00,13160.4
26/12/2025 02:00,12843.5
26/12/2025 03:00,12678.8
26/12/2025 04:00,12699.2
26/12/2025 05:00,12882.1
26/12/2025 06:00,13150.4
26/12/2025 07:00,13750.4
26/12/2025 08:00,14644.2
26/12/2025 09:00,15079.3
26/12/2025 10:00,14803.7
26/12/2025 11:00,14407.5
26/12/2025 12:00,14209.5
26/12/2025 13:00,13922.3
26/12/2025 14:00,14070.3
26/12/2025 15:00,14676.1
26/12/2025 16:00,15881.1
26/12/2025 17:00,16743.5
26/12/2025 18:00,16331.1
26/12/2025 19:00,15820.3
26/12/2025 20:00,15349.9
26/12/2025 21:00,14936.6
26/12/2025 22:00,14435.8
26/12/2025 23:00,13883.9
27/12/2025 00:00,13371.6
27/12/2025 01:00,12970.1
27/12/2025 02:00,12651.6
27/12/2025 03:00,12412.5
27/12/2025 04:00,12360.5
27/12/2025 05:00,12539.5
27/12/2025 06:00,13118.3
27/12/2025 07:00,13751.7
27/12/2025 08:00,14944.1
27/12/2025 09:00,15586.9
27/12/2025 10:00,15794.5
27/12/2025 11:00,15821.4
27/12/2025 12:00,15813.0
27/12/2025 13:00,15816.1
27/12/2025 14:00,15921.9
27/12/2025 15:00,16302.4
27/12/2025 16:00,16912.9
27/12/2025 17:00,17487.7
27/12/2025 18:00,16821.2
27/12/2025 19:00,16061.8
27/12/2025 20:00,15350.2
27/12/2025 21:00,14644.2
27/12/2025 22:00,13895.8
27/12/2025 23:00,13136.0
28/12/2025 00:00,12760.6
28/12/2025 01:00,12340.3
28/12/2025 02:00,12010.5
28/12/2025 03:00,11782.2
28/12/2025 04:00,11650.0
28/12/2025 05:00,11663.2
28/12/2025 06:00,11956.1
28/12/2025 07:00,12487.3
28/12/2025 08:00,13381.7
28/12/2025 09:00,13920.2
28/12/2025 10:00,13846.2
28/12/2025 11:00,13497.7
28/12/2025 12:00,13546.7
28/12/2025 13:00,13469.8
28/12/2025 14:00,13659.3
28/12/2025 15:00,14311.5
28/12/2025 16:00,15567.3
28/12/2025 17:00,16709.9
28/12/2025 18:00,16488.2
28/12/2025 19:00,15986.3
28/12/2025 20:00,15552.5
28/12/2025 21:00,15053.6
28/12/2025 22:00,14423.7
28/12/2025 23:00,13688.3
29/12/2025 00:00,13202.4
29/12/2025 01:00,12800.6
29/12/2025 02:00,12623.1
29/12/2025 03:00,12499.9
29/12/2025 04:00,12382.5
29/12/2025 05:00,12575.4
29/12/2025 06:00,13485.5
29/12/2025 07:00,14732.3
29/12/2025 08:00,15983.0
29/12/2025 09:00,16807.3
29/12/2025 10:00,17024.3
29/12/2025 11:00,16962.0
29/12/2025 12:00,16902.3
29/12/2025 13:00,16785.6
29/12/2025 14:00,16613.2
29/12/2025 15:00,16701.7
29/12/2025 16:00,17438.9
29/12/2025 17:00,18251.2
29/12/2025 18:00,17383.5
29/12/2025 19:00,16678.3
29/12/2025 20:00,16104.5
29/12/2025 21:00,15352.5
29/12/2025 22:00,14451.2
29/12/2025 23:00,13784.3
30/12/2025 00:00,13156.3
30/12/2025 01:00,12710.3
30/12/2025 02:00,12509.4
30/12/2025 03:00,12419.5
30/12/2025 04:00,12311.5
30/12/2025 05:00,12588.6
30/12/2025 06:00,13564.3
30/12/2025 07:00,14841.8
30/12/2025 08:00,16046.5
30/12/2025 09:00,16389.9
30/12/2025 10:00,16041.4
30/12/2025 11:00,15418.2
30/12/2025 12:00,15275.3
30/12/2025 13:00,15177.7
30/12/2025 14:00,15179.3
30/12/2025 15:00,15780.1
30/12/2025 16:00,16901.3
30/12/2025 17:00,18138.2
30/12/2025 18:00,17499.8
30/12/2025 19:00,16745.0
30/12/2025 20:00,16242.5
30/12/2025 21:00,15442.4
30/12/2025 22:00,14600.8
30/12/2025 23:00,13887.7
31/12/2025 00:00,13266.7
31/12/2025 01:00,12833.4
31/12/2025 02:00,12527.0
31/12/2025 03:00,12552.5
31/12/2025 04:00,12624.6
31/12/2025 05:00,12764.5
31/12/2025 06:00,13515.6
31/12/2025 07:00,14580.7
31/12/2025 08:00,15963.5
31/12/2025 09:00,16416.5
31/12/2025 10:00,16295.3
31/12/2025 11:00,15829.8
31/12/2025 12:00,15604.3
31/12/2025 13:00,15498.3
31/12/2025 14:00,15818.2
31/12/2025 15:00,16153.1
31/12/2025 16:00,16428.6
31/12/2025 17:00,16768.2
31/12/2025 18:00,16101.2
31/12/2025 19:00,15378.8
31/12/2025 20:00,14421.9
31/12/2025 21:00,13749.9
31/12/2025 22:00,13318.4
31/12/2025 23:00,13008.8
00/01/1900 00:00,#DIV/0!
