StartDateTime,WindOffshore
01/01/2025 00:00,3453.2
01/01/2025 01:00,3110.8
01/01/2025 02:00,3376.8
01/01/2025 03:00,3414.8
01/01/2025 04:00,3155.1
01/01/2025 05:00,2714.4
01/01/2025 06:00,2826.0
01/01/2025 07:00,2691.3
01/01/2025 08:00,2566.3
01/01/2025 09:00,2249.9
01/01/2025 10:00,2035.1
01/01/2025 11:00,1573.4
01/01/2025 12:00,1517.9
01/01/2025 13:00,1817.0
01/01/2025 14:00,1998.9
01/01/2025 15:00,2567.0
01/01/2025 16:00,3313.9
01/01/2025 17:00,3651.4
01/01/2025 18:00,3621.3
01/01/2025 19:00,3423.3
01/01/2025 20:00,3644.9
01/01/2025 21:00,3432.9
01/01/2025 22:00,3283.7
01/01/2025 23:00,3208.1
02/01/2025 00:00,2405.0
02/01/2025 01:00,1860.7
02/01/2025 02:00,1584.8
02/01/2025 03:00,1469.2
02/01/2025 04:00,1377.0
02/01/2025 05:00,1430.7
02/01/2025 06:00,1360.6
02/01/2025 07:00,1153.8
02/01/2025 08:00,1304.8
02/01/2025 09:00,1113.8
02/01/2025 10:00,924.8
02/01/2025 11:00,1451.6
02/01/2025 12:00,1697.5
02/01/2025 13:00,2378.1
02/01/2025 14:00,2788.4
02/01/2025 15:00,2866.9
02/01/2025 16:00,2964.7
02/01/2025 17:00,3126.2
02/01/2025 18:00,3434.7
02/01/2025 19:00,3284.1
02/01/2025 20:00,3288.9
02/01/2025 21:00,3244.9
02/01/2025 22:00,3004.5
02/01/2025 23:00,2411.8
03/01/2025 00:00,2539.5
03/01/2025 01:00,2805.7
03/01/2025 02:00,2857.9
03/01/2025 03:00,3126.3
03/01/2025 04:00,3400.7
03/01/2025 05:00,3597.4
03/01/2025 06:00,3656.9
03/01/2025 07:00,3608.1
03/01/2025 08:00,3649.8
03/01/2025 09:00,3537.2
03/01/2025 10:00,3460.0
03/01/2025 11:00,3474.2
03/01/2025 12:00,3640.0
03/01/2025 13:00,3508.5
03/01/2025 14:00,3450.2
03/01/2025 15:00,3198.9
03/01/2025 16:00,3172.2
03/01/2025 17:00,3081.0
03/01/2025 18:00,2850.1
03/01/2025 19:00,2428.6
03/01/2025 20:00,2179.7
03/01/2025 21:00,1613.7
03/01/2025 22:00,1395.2
03/01/2025 23:00,1189.1
04/01/2025 00:00,887.5
04/01/2025 01:00,1014.9
04/01/2025 02:00,655.4
04/01/2025 03:00,371.3
04/01/2025 04:00,413.5
04/01/2025 05:00,491.3
04/01/2025 06:00,520.0
04/01/2025 07:00,733.7
04/01/2025 08:00,1103.3
04/01/2025 09:00,1284.9
04/01/2025 10:00,1586.4
04/01/2025 11:00,1516.8
04/01/2025 12:00,1645.6
04/01/2025 13:00,1550.6
04/01/2025 14:00,964.7
04/01/2025 15:00,814.9
04/01/2025 16:00,567.4
04/01/2025 17:00,567.6
04/01/2025 18:00,688.9
04/01/2025 19:00,778.7
04/01/2025 20:00,848.7
04/01/2025 21:00,954.4
04/01/2025 22:00,1429.3
04/01/2025 23:00,1810.9
05/01/2025 00:00,2142.8
05/01/2025 01:00,2131.4
05/01/2025 02:00,2075.1
05/01/2025 03:00,2511.4
05/01/2025 04:00,2775.1
05/01/2025 05:00,2967.4
05/01/2025 06:00,3522.9
05/01/2025 07:00,3618.7
05/01/2025 08:00,3748.7
05/01/2025 09:00,3460.3
05/01/2025 10:00,3205.7
05/01/2025 11:00,3778.5
05/01/2025 12:00,3825.3
05/01/2025 13:00,3822.1
05/01/2025 14:00,3910.3
05/01/2025 15:00,3925.2
05/01/2025 16:00,3911.7
05/01/2025 17:00,3904.9
05/01/2025 18:00,3851.4
05/01/2025 19:00,3699.8
05/01/2025 20:00,3537.6
05/01/2025 21:00,3584.7
05/01/2025 22:00,3757.6
05/01/2025 23:00,3785.5
06/01/2025 00:00,3731.7
06/01/2025 01:00,3760.3
06/01/2025 02:00,3762.3
06/01/2025 03:00,3738.6
06/01/2025 04:00,3732.9
06/01/2025 05:00,3741.7
06/01/2025 06:00,3776.7
06/01/2025 07:00,3833.2
06/01/2025 08:00,3869.7
06/01/2025 09:00,3854.6
06/01/2025 10:00,3779.3
06/01/2025 11:00,3844.7
06/01/2025 12:00,3767.3
06/01/2025 13:00,3648.0
06/01/2025 14:00,3465.7
06/01/2025 15:00,3590.6
06/01/2025 16:00,3484.8
06/01/2025 17:00,3594.5
06/01/2025 18:00,3576.2
06/01/2025 19:00,3650.7
06/01/2025 20:00,3694.5
06/01/2025 21:00,3530.2
06/01/2025 22:00,3357.6
06/01/2025 23:00,3332.8
07/01/2025 00:00,3240.3
07/01/2025 01:00,3232.8
07/01/2025 02:00,3125.0
07/01/2025 03:00,3021.0
07/01/2025 04:00,2964.8
07/01/2025 05:00,3040.2
07/01/2025 06:00,3189.4
07/01/2025 07:00,3456.8
07/01/2025 08:00,3572.7
07/01/2025 09:00,3468.8
07/01/2025 10:00,3493.9
07/01/2025 11:00,3240.0
07/01/2025 12:00,2896.7
07/01/2025 13:00,2725.2
07/01/2025 14:00,2785.1
07/01/2025 15:00,2878.4
07/01/2025 16:00,3112.8
07/01/2025 17:00,3435.3
07/01/2025 18:00,3522.2
07/01/2025 19:00,3527.7
07/01/2025 20:00,3664.0
07/01/2025 21:00,3783.9
07/01/2025 22:00,3740.8
07/01/2025 23:00,3743.2
08/01/2025 00:00,3805.3
08/01/2025 01:00,3812.2
08/01/2025 02:00,3635.7
08/01/2025 03:00,3579.3
08/01/2025 04:00,3472.3
08/01/2025 05:00,3199.1
08/01/2025 06:00,2763.2
08/01/2025 07:00,2556.2
08/01/2025 08:00,2358.7
08/01/2025 09:00,2085.2
08/01/2025 10:00,1771.8
08/01/2025 11:00,1395.2
08/01/2025 12:00,1118.5
08/01/2025 13:00,925.1
08/01/2025 14:00,708.1
08/01/2025 15:00,450.7
08/01/2025 16:00,372.5
08/01/2025 17:00,375.1
08/01/2025 18:00,402.4
08/01/2025 19:00,610.6
08/01/2025 20:00,893.2
08/01/2025 21:00,753.2
08/01/2025 22:00,629.9
08/01/2025 23:00,348.8
09/01/2025 00:00,220.2
09/01/2025 01:00,260.3
09/01/2025 02:00,238.4
09/01/2025 03:00,238.1
09/01/2025 04:00,226.2
09/01/2025 05:00,84.3
09/01/2025 06:00,355.4
09/01/2025 07:00,978.8
09/01/2025 08:00,643.8
09/01/2025 09:00,546.2
09/01/2025 10:00,865.0
09/01/2025 11:00,1110.4
09/01/2025 12:00,1964.8
09/01/2025 13:00,2593.5
09/01/2025 14:00,3163.3
09/01/2025 15:00,3383.3
09/01/2025 16:00,3592.7
09/01/2025 17:00,3646.2
09/01/2025 18:00,3667.6
09/01/2025 19:00,3761.1
09/01/2025 20:00,3803.1
09/01/2025 21:00,3747.7
09/01/2025 22:00,3666.2
09/01/2025 23:00,3482.4
10/01/2025 00:00,3328.0
10/01/2025 01:00,3087.1
10/01/2025 02:00,2897.9
10/01/2025 03:00,2732.5
10/01/2025 04:00,2580.2
10/01/2025 05:00,2390.1
10/01/2025 06:00,2117.3
10/01/2025 07:00,1885.8
10/01/2025 08:00,1713.5
10/01/2025 09:00,1605.2
10/01/2025 10:00,1646.3
10/01/2025 11:00,1632.5
10/01/2025 12:00,1477.3
10/01/2025 13:00,1455.7
10/01/2025 14:00,1195.5
10/01/2025 15:00,1301.5
10/01/2025 16:00,976.0
10/01/2025 17:00,936.9
10/01/2025 18:00,922.0
10/01/2025 19:00,714.2
10/01/2025 20:00,530.9
10/01/2025 21:00,257.5
10/01/2025 22:00,205.1
10/01/2025 23:00,156.2
11/01/2025 00:00,149.6
11/01/2025 01:00,170.1
11/01/2025 02:00,172.2
11/01/2025 03:00,249.0
11/01/2025 04:00,383.9
11/01/2025 05:00,275.1
11/01/2025 06:00,403.9
11/01/2025 07:00,567.4
11/01/2025 08:00,292.2
11/01/2025 09:00,409.3
11/01/2025 10:00,411.9
11/01/2025 11:00,550.4
11/01/2025 12:00,685.4
11/01/2025 13:00,772.7
11/01/2025 14:00,953.7
11/01/2025 15:00,1289.9
11/01/2025 16:00,1389.5
11/01/2025 17:00,1676.3
11/01/2025 18:00,1935.0
11/01/2025 19:00,1847.0
11/01/2025 20:00,1651.3
11/01/2025 21:00,1498.4
11/01/2025 22:00,1116.3
11/01/2025 23:00,822.5
12/01/2025 00:00,526.5
12/01/2025 01:00,332.3
12/01/2025 02:00,526.1
12/01/2025 03:00,632.5
12/01/2025 04:00,926.0
12/01/2025 05:00,1004.5
12/01/2025 06:00,743.0
12/01/2025 07:00,451.7
12/01/2025 08:00,425.7
12/01/2025 09:00,334.6
12/01/2025 10:00,224.3
12/01/2025 11:00,173.5
12/01/2025 12:00,158.4
12/01/2025 13:00,97.7
12/01/2025 14:00,27.7
12/01/2025 15:00,7.7
12/01/2025 16:00,11.6
12/01/2025 17:00,25.8
12/01/2025 18:00,22.3
12/01/2025 19:00,5.5
12/01/2025 20:00,14.5
12/01/2025 21:00,3.8
12/01/2025 22:00,6.9
12/01/2025 23:00,82.6
13/01/2025 00:00,160.1
13/01/2025 01:00,188.6
13/01/2025 02:00,314.0
13/01/2025 03:00,464.7
13/01/2025 04:00,521.8
13/01/2025 05:00,609.7
13/01/2025 06:00,803.5
13/01/2025 07:00,1045.7
13/01/2025 08:00,1292.0
13/01/2025 09:00,1447.7
13/01/2025 10:00,1532.6
13/01/2025 11:00,1675.8
13/01/2025 12:00,1819.0
13/01/2025 13:00,1924.3
13/01/2025 14:00,1870.0
13/01/2025 15:00,1835.6
13/01/2025 16:00,1838.4
13/01/2025 17:00,1856.7
13/01/2025 18:00,2002.6
13/01/2025 19:00,2058.0
13/01/2025 20:00,2025.6
13/01/2025 21:00,2011.9
13/01/2025 22:00,2010.4
13/01/2025 23:00,2005.3
14/01/2025 00:00,2057.1
14/01/2025 01:00,2209.1
14/01/2025 02:00,2259.5
14/01/2025 03:00,2330.3
14/01/2025 04:00,2271.2
14/01/2025 05:00,2425.5
14/01/2025 06:00,2506.6
14/01/2025 07:00,2498.0
14/01/2025 08:00,2608.6
14/01/2025 09:00,2367.1
14/01/2025 10:00,2187.9
14/01/2025 11:00,2543.1
14/01/2025 12:00,2736.4
14/01/2025 13:00,2542.1
14/01/2025 14:00,2483.5
14/01/2025 15:00,2176.7
14/01/2025 16:00,1625.3
14/01/2025 17:00,1295.7
14/01/2025 18:00,1118.3
14/01/2025 19:00,1067.0
14/01/2025 20:00,817.8
14/01/2025 21:00,950.5
14/01/2025 22:00,1073.2
14/01/2025 23:00,742.5
15/01/2025 00:00,384.0
15/01/2025 01:00,223.6
15/01/2025 02:00,282.7
15/01/2025 03:00,204.4
15/01/2025 04:00,194.2
15/01/2025 05:00,161.1
15/01/2025 06:00,208.4
15/01/2025 07:00,148.7
15/01/2025 08:00,54.1
15/01/2025 09:00,39.8
15/01/2025 10:00,44.1
15/01/2025 11:00,22.1
15/01/2025 12:00,14.2
15/01/2025 13:00,25.1
15/01/2025 14:00,9.4
15/01/2025 15:00,13.1
15/01/2025 16:00,25.8
15/01/2025 17:00,60.1
15/01/2025 18:00,30.5
15/01/2025 19:00,17.4
15/01/2025 20:00,31.7
15/01/2025 21:00,106.7
15/01/2025 22:00,156.6
15/01/2025 23:00,155.0
16/01/2025 00:00,145.0
16/01/2025 01:00,140.2
16/01/2025 02:00,132.0
16/01/2025 03:00,147.8
16/01/2025 04:00,164.5
16/01/2025 05:00,186.4
16/01/2025 06:00,226.6
16/01/2025 07:00,291.4
16/01/2025 08:00,392.8
16/01/2025 09:00,511.6
16/01/2025 10:00,680.2
16/01/2025 11:00,622.7
16/01/2025 12:00,745.2
16/01/2025 13:00,704.3
16/01/2025 14:00,532.8
16/01/2025 15:00,444.5
16/01/2025 16:00,470.5
16/01/2025 17:00,415.3
16/01/2025 18:00,424.1
16/01/2025 19:00,452.3
16/01/2025 20:00,494.6
16/01/2025 21:00,513.3
16/01/2025 22:00,577.8
16/01/2025 23:00,611.4
17/01/2025 00:00,655.5
17/01/2025 01:00,765.7
17/01/2025 02:00,767.8
17/01/2025 03:00,640.9
17/01/2025 04:00,619.0
17/01/2025 05:00,607.4
17/01/2025 06:00,537.0
17/01/2025 07:00,584.2
17/01/2025 08:00,564.3
17/01/2025 09:00,495.3
17/01/2025 10:00,552.2
17/01/2025 11:00,591.9
17/01/2025 12:00,636.5
17/01/2025 13:00,614.4
17/01/2025 14:00,551.9
17/01/2025 15:00,443.8
17/01/2025 16:00,356.0
17/01/2025 17:00,269.8
17/01/2025 18:00,188.8
17/01/2025 19:00,160.9
17/01/2025 20:00,110.9
17/01/2025 21:00,97.2
17/01/2025 22:00,104.4
17/01/2025 23:00,103.2
18/01/2025 00:00,110.1
18/01/2025 01:00,107.6
18/01/2025 02:00,97.2
18/01/2025 03:00,72.6
18/01/2025 04:00,39.3
18/01/2025 05:00,11.8
18/01/2025 06:00,8.5
18/01/2025 07:00,39.4
18/01/2025 08:00,107.8
18/01/2025 09:00,166.3
18/01/2025 10:00,127.1
18/01/2025 11:00,86.5
18/01/2025 12:00,36.0
18/01/2025 13:00,30.5
18/01/2025 14:00,43.9
18/01/2025 15:00,96.5
18/01/2025 16:00,133.9
18/01/2025 17:00,175.4
18/01/2025 18:00,308.3
18/01/2025 19:00,469.3
18/01/2025 20:00,556.6
18/01/2025 21:00,458.3
18/01/2025 22:00,451.7
18/01/2025 23:00,450.2
19/01/2025 00:00,415.9
19/01/2025 01:00,237.2
19/01/2025 02:00,119.4
19/01/2025 03:00,63.5
19/01/2025 04:00,94.3
19/01/2025 05:00,60.6
19/01/2025 06:00,51.9
19/01/2025 07:00,51.0
19/01/2025 08:00,31.3
19/01/2025 09:00,32.3
19/01/2025 10:00,20.2
19/01/2025 11:00,24.7
19/01/2025 12:00,61.4
19/01/2025 13:00,59.4
19/01/2025 14:00,43.7
19/01/2025 15:00,25.1
19/01/2025 16:00,29.1
19/01/2025 17:00,25.6
19/01/2025 18:00,46.6
19/01/2025 19:00,47.9
19/01/2025 20:00,23.5
19/01/2025 21:00,26.8
19/01/2025 22:00,28.0
19/01/2025 23:00,18.6
20/01/2025 00:00,15.9
20/01/2025 01:00,19.9
20/01/2025 02:00,25.0
20/01/2025 03:00,34.1
20/01/2025 04:00,122.0
20/01/2025 05:00,325.5
20/01/2025 06:00,293.4
20/01/2025 07:00,469.7
20/01/2025 08:00,786.4
20/01/2025 09:00,859.5
20/01/2025 10:00,879.6
20/01/2025 11:00,795.8
20/01/2025 12:00,856.9
20/01/2025 13:00,985.4
20/01/2025 14:00,1144.0
20/01/2025 15:00,1096.1
20/01/2025 16:00,1120.3
20/01/2025 17:00,1420.5
20/01/2025 18:00,1436.0
20/01/2025 19:00,1703.6
20/01/2025 20:00,1857.6
20/01/2025 21:00,1953.4
20/01/2025 22:00,1884.1
20/01/2025 23:00,1739.8
21/01/2025 00:00,1794.3
21/01/2025 01:00,1712.0
21/01/2025 02:00,1806.4
21/01/2025 03:00,1898.2
21/01/2025 04:00,1871.6
21/01/2025 05:00,1820.0
21/01/2025 06:00,1991.7
21/01/2025 07:00,2095.7
21/01/2025 08:00,1994.7
21/01/2025 09:00,1793.2
21/01/2025 10:00,1736.6
21/01/2025 11:00,1619.7
21/01/2025 12:00,1283.9
21/01/2025 13:00,973.6
21/01/2025 14:00,754.2
21/01/2025 15:00,613.0
21/01/2025 16:00,587.5
21/01/2025 17:00,601.9
21/01/2025 18:00,768.3
21/01/2025 19:00,884.4
21/01/2025 20:00,947.2
21/01/2025 21:00,740.6
21/01/2025 22:00,644.7
21/01/2025 23:00,433.3
22/01/2025 00:00,267.3
22/01/2025 01:00,251.2
22/01/2025 02:00,336.5
22/01/2025 03:00,272.8
22/01/2025 04:00,321.8
22/01/2025 05:00,407.2
22/01/2025 06:00,533.1
22/01/2025 07:00,524.6
22/01/2025 08:00,456.9
22/01/2025 09:00,418.6
22/01/2025 10:00,329.1
22/01/2025 11:00,373.8
22/01/2025 12:00,336.3
22/01/2025 13:00,243.3
22/01/2025 14:00,156.5
22/01/2025 15:00,87.9
22/01/2025 16:00,123.5
22/01/2025 17:00,85.4
22/01/2025 18:00,65.6
22/01/2025 19:00,100.7
22/01/2025 20:00,355.7
22/01/2025 21:00,700.6
22/01/2025 22:00,1163.5
22/01/2025 23:00,1343.3
23/01/2025 00:00,1638.8
23/01/2025 01:00,1810.1
23/01/2025 02:00,2147.4
23/01/2025 03:00,1824.9
23/01/2025 04:00,2313.9
23/01/2025 05:00,2745.7
23/01/2025 06:00,2949.7
23/01/2025 07:00,3323.4
23/01/2025 08:00,3137.1
23/01/2025 09:00,2719.8
23/01/2025 10:00,3059.6
23/01/2025 11:00,3453.1
23/01/2025 12:00,3876.7
23/01/2025 13:00,4185.2
23/01/2025 14:00,4234.5
23/01/2025 15:00,4162.0
23/01/2025 16:00,4199.2
23/01/2025 17:00,4312.6
23/01/2025 18:00,4299.9
23/01/2025 19:00,4305.2
23/01/2025 20:00,4289.4
23/01/2025 21:00,4276.5
23/01/2025 22:00,4200.7
23/01/2025 23:00,4115.6
24/01/2025 00:00,4020.0
24/01/2025 01:00,3672.9
24/01/2025 02:00,3466.7
24/01/2025 03:00,3815.0
24/01/2025 04:00,3922.4
24/01/2025 05:00,4003.0
24/01/2025 06:00,4229.8
24/01/2025 07:00,4252.5
24/01/2025 08:00,4281.1
24/01/2025 09:00,4277.3
24/01/2025 10:00,4220.1
24/01/2025 11:00,4098.2
24/01/2025 12:00,4120.1
24/01/2025 13:00,4138.8
24/01/2025 14:00,4133.4
24/01/2025 15:00,4170.0
24/01/2025 16:00,4079.1
24/01/2025 17:00,4026.4
24/01/2025 18:00,4014.6
24/01/2025 19:00,3919.8
24/01/2025 20:00,3497.5
24/01/2025 21:00,3049.5
24/01/2025 22:00,2887.3
24/01/2025 23:00,2522.6
25/01/2025 00:00,2276.2
25/01/2025 01:00,2297.1
25/01/2025 02:00,1863.2
25/01/2025 03:00,1687.6
25/01/2025 04:00,1401.5
25/01/2025 05:00,1263.0
25/01/2025 06:00,1164.1
25/01/2025 07:00,1275.2
25/01/2025 08:00,1601.4
25/01/2025 09:00,2103.0
25/01/2025 10:00,1967.6
25/01/2025 11:00,1437.0
25/01/2025 12:00,1341.6
25/01/2025 13:00,1068.9
25/01/2025 14:00,896.4
25/01/2025 15:00,766.8
25/01/2025 16:00,584.8
25/01/2025 17:00,337.7
25/01/2025 18:00,233.2
25/01/2025 19:00,188.6
25/01/2025 20:00,142.0
25/01/2025 21:00,108.8
25/01/2025 22:00,80.2
25/01/2025 23:00,60.2
26/01/2025 00:00,38.3
26/01/2025 01:00,22.6
26/01/2025 02:00,0.3
26/01/2025 03:00,0.0
26/01/2025 04:00,6.9
26/01/2025 05:00,98.7
26/01/2025 06:00,268.3
26/01/2025 07:00,839.9
26/01/2025 08:00,1540.3
26/01/2025 09:00,2294.0
26/01/2025 10:00,2917.4
26/01/2025 11:00,3197.2
26/01/2025 12:00,3434.1
26/01/2025 13:00,3755.8
26/01/2025 14:00,3877.7
26/01/2025 15:00,4006.9
26/01/2025 16:00,4146.6
26/01/2025 17:00,4111.8
26/01/2025 18:00,4271.8
26/01/2025 19:00,4261.8
26/01/2025 20:00,4290.1
26/01/2025 21:00,4288.6
26/01/2025 22:00,4276.7
26/01/2025 23:00,4222.0
27/01/2025 00:00,4229.6
27/01/2025 01:00,4179.9
27/01/2025 02:00,4157.0
27/01/2025 03:00,4175.1
27/01/2025 04:00,4101.2
27/01/2025 05:00,4148.3
27/01/2025 06:00,4193.9
27/01/2025 07:00,4131.0
27/01/2025 08:00,4116.5
27/01/2025 09:00,4059.2
27/01/2025 10:00,3438.9
27/01/2025 11:00,3221.1
27/01/2025 12:00,3724.3
27/01/2025 13:00,3682.3
27/01/2025 14:00,4024.5
27/01/2025 15:00,3898.7
27/01/2025 16:00,4013.9
27/01/2025 17:00,4131.8
27/01/2025 18:00,4210.3
27/01/2025 19:00,4207.3
27/01/2025 20:00,4248.7
27/01/2025 21:00,4230.2
27/01/2025 22:00,4235.4
27/01/2025 23:00,4237.5
28/01/2025 00:00,4154.6
28/01/2025 01:00,4074.4
28/01/2025 02:00,4189.4
28/01/2025 03:00,4258.0
28/01/2025 04:00,4173.6
28/01/2025 05:00,4156.7
28/01/2025 06:00,3826.4
28/01/2025 07:00,4175.0
28/01/2025 08:00,4190.8
28/01/2025 09:00,4148.4
28/01/2025 10:00,3957.9
28/01/2025 11:00,4056.7
28/01/2025 12:00,4167.4
28/01/2025 13:00,4172.5
28/01/2025 14:00,4201.4
28/01/2025 15:00,4216.2
28/01/2025 16:00,4112.3
28/01/2025 17:00,4149.7
28/01/2025 18:00,4204.3
28/01/2025 19:00,4174.1
28/01/2025 20:00,4152.1
28/01/2025 21:00,4143.2
28/01/2025 22:00,3981.9
28/01/2025 23:00,3765.7
29/01/2025 00:00,3636.6
29/01/2025 01:00,3730.8
29/01/2025 02:00,3934.6
29/01/2025 03:00,3660.7
29/01/2025 04:00,3767.8
29/01/2025 05:00,3561.7
29/01/2025 06:00,3616.8
29/01/2025 07:00,3540.8
29/01/2025 08:00,3684.9
29/01/2025 09:00,3611.1
29/01/2025 10:00,3220.4
29/01/2025 11:00,3085.7
29/01/2025 12:00,2805.4
29/01/2025 13:00,2630.4
29/01/2025 14:00,2225.8
29/01/2025 15:00,1970.5
29/01/2025 16:00,1761.8
29/01/2025 17:00,1785.0
29/01/2025 18:00,1506.1
29/01/2025 19:00,1186.8
29/01/2025 20:00,896.3
29/01/2025 21:00,746.4
29/01/2025 22:00,664.8
29/01/2025 23:00,612.7
30/01/2025 00:00,570.3
30/01/2025 01:00,587.1
30/01/2025 02:00,572.7
30/01/2025 03:00,631.2
30/01/2025 04:00,852.1
30/01/2025 05:00,1164.8
30/01/2025 06:00,1146.5
30/01/2025 07:00,1422.1
30/01/2025 08:00,1513.6
30/01/2025 09:00,1690.7
30/01/2025 10:00,1712.1
30/01/2025 11:00,1823.4
30/01/2025 12:00,1888.5
30/01/2025 13:00,1682.7
30/01/2025 14:00,1287.0
30/01/2025 15:00,1361.1
30/01/2025 16:00,1476.1
30/01/2025 17:00,1563.2
30/01/2025 18:00,1996.3
30/01/2025 19:00,2145.7
30/01/2025 20:00,2123.5
30/01/2025 21:00,1864.9
30/01/2025 22:00,1327.1
30/01/2025 23:00,1322.0
31/01/2025 00:00,1293.1
31/01/2025 01:00,1423.2
31/01/2025 02:00,1440.5
31/01/2025 03:00,1333.2
31/01/2025 04:00,1279.4
31/01/2025 05:00,1286.6
31/01/2025 06:00,1111.8
31/01/2025 07:00,1055.5
31/01/2025 08:00,1009.4
31/01/2025 09:00,792.2
31/01/2025 10:00,745.7
31/01/2025 11:00,696.6
31/01/2025 12:00,697.4
31/01/2025 13:00,607.5
31/01/2025 14:00,566.1
31/01/2025 15:00,529.4
31/01/2025 16:00,498.2
31/01/2025 17:00,593.6
31/01/2025 18:00,427.9
31/01/2025 19:00,389.1
31/01/2025 20:00,312.3
31/01/2025 21:00,269.6
31/01/2025 22:00,215.4
31/01/2025 23:00,182.2
01/02/2025 00:00,148.4
01/02/2025 01:00,81.3
01/02/2025 02:00,103.1
01/02/2025 03:00,81.3
01/02/2025 04:00,88.7
01/02/2025 05:00,24.2
01/02/2025 06:00,17.8
01/02/2025 07:00,13.3
01/02/2025 08:00,77.4
01/02/2025 09:00,156.5
01/02/2025 10:00,299.4
01/02/2025 11:00,349.5
01/02/2025 12:00,334.7
01/02/2025 13:00,216.4
01/02/2025 14:00,118.6
01/02/2025 15:00,41.0
01/02/2025 16:00,46.2
01/02/2025 17:00,177.8
01/02/2025 18:00,447.7
01/02/2025 19:00,542.0
01/02/2025 20:00,646.5
01/02/2025 21:00,684.6
01/02/2025 22:00,1002.5
01/02/2025 23:00,1163.8
02/02/2025 00:00,1457.7
02/02/2025 01:00,1337.2
02/02/2025 02:00,723.6
02/02/2025 03:00,365.0
02/02/2025 04:00,223.4
02/02/2025 05:00,336.0
02/02/2025 06:00,594.5
02/02/2025 07:00,624.1
02/02/2025 08:00,580.5
02/02/2025 09:00,679.3
02/02/2025 10:00,583.1
02/02/2025 11:00,525.6
02/02/2025 12:00,355.1
02/02/2025 13:00,218.3
02/02/2025 14:00,156.0
02/02/2025 15:00,75.0
02/02/2025 16:00,44.3
02/02/2025 17:00,74.9
02/02/2025 18:00,156.5
02/02/2025 19:00,209.5
02/02/2025 20:00,181.9
02/02/2025 21:00,201.8
02/02/2025 22:00,266.1
02/02/2025 23:00,282.6
03/02/2025 00:00,380.0
03/02/2025 01:00,548.9
03/02/2025 02:00,711.4
03/02/2025 03:00,572.2
03/02/2025 04:00,588.0
03/02/2025 05:00,386.3
03/02/2025 06:00,173.5
03/02/2025 07:00,238.3
03/02/2025 08:00,354.3
03/02/2025 09:00,593.5
03/02/2025 10:00,646.7
03/02/2025 11:00,675.7
03/02/2025 12:00,791.3
03/02/2025 13:00,676.0
03/02/2025 14:00,722.5
03/02/2025 15:00,804.4
03/02/2025 16:00,843.0
03/02/2025 17:00,837.2
03/02/2025 18:00,1058.8
03/02/2025 19:00,1147.2
03/02/2025 20:00,1266.2
03/02/2025 21:00,1670.5
03/02/2025 22:00,1659.3
03/02/2025 23:00,1551.5
04/02/2025 00:00,1635.1
04/02/2025 01:00,1744.1
04/02/2025 02:00,1677.0
04/02/2025 03:00,1696.8
04/02/2025 04:00,1856.4
04/02/2025 05:00,1992.8
04/02/2025 06:00,2329.1
04/02/2025 07:00,2591.9
04/02/2025 08:00,2786.0
04/02/2025 09:00,2923.1
04/02/2025 10:00,2865.9
04/02/2025 11:00,3127.6
04/02/2025 12:00,3506.6
04/02/2025 13:00,3588.1
04/02/2025 14:00,3725.3
04/02/2025 15:00,3881.9
04/02/2025 16:00,3825.9
04/02/2025 17:00,3987.0
04/02/2025 18:00,4031.4
04/02/2025 19:00,4178.9
04/02/2025 20:00,4167.0
04/02/2025 21:00,3963.9
04/02/2025 22:00,4010.6
04/02/2025 23:00,4031.5
05/02/2025 00:00,3881.7
05/02/2025 01:00,3340.5
05/02/2025 02:00,2868.7
05/02/2025 03:00,2342.8
05/02/2025 04:00,2099.5
05/02/2025 05:00,1785.5
05/02/2025 06:00,1523.0
05/02/2025 07:00,1275.6
05/02/2025 08:00,933.1
05/02/2025 09:00,743.3
05/02/2025 10:00,647.1
05/02/2025 11:00,482.3
05/02/2025 12:00,380.9
05/02/2025 13:00,506.0
05/02/2025 14:00,462.2
05/02/2025 15:00,399.6
05/02/2025 16:00,325.4
05/02/2025 17:00,215.6
05/02/2025 18:00,140.5
05/02/2025 19:00,89.7
05/02/2025 20:00,92.4
05/02/2025 21:00,123.5
05/02/2025 22:00,176.3
05/02/2025 23:00,217.5
06/02/2025 00:00,278.6
06/02/2025 01:00,389.4
06/02/2025 02:00,406.0
06/02/2025 03:00,474.2
06/02/2025 04:00,715.8
06/02/2025 05:00,936.3
06/02/2025 06:00,986.5
06/02/2025 07:00,853.1
06/02/2025 08:00,1038.6
06/02/2025 09:00,1092.7
06/02/2025 10:00,1330.3
06/02/2025 11:00,1554.4
06/02/2025 12:00,1442.7
06/02/2025 13:00,1163.3
06/02/2025 14:00,1367.7
06/02/2025 15:00,1884.8
06/02/2025 16:00,2519.0
06/02/2025 17:00,2902.6
06/02/2025 18:00,3616.4
06/02/2025 19:00,4006.0
06/02/2025 20:00,4089.3
06/02/2025 21:00,4081.0
06/02/2025 22:00,3901.7
06/02/2025 23:00,3671.3
07/02/2025 00:00,3416.3
07/02/2025 01:00,3424.5
07/02/2025 02:00,3898.1
07/02/2025 03:00,4112.2
07/02/2025 04:00,4280.8
07/02/2025 05:00,4330.6
07/02/2025 06:00,4344.5
07/02/2025 07:00,4343.0
07/02/2025 08:00,4365.3
07/02/2025 09:00,4383.0
07/02/2025 10:00,4388.9
07/02/2025 11:00,4348.0
07/02/2025 12:00,4353.1
07/02/2025 13:00,4377.7
07/02/2025 14:00,4372.1
07/02/2025 15:00,4343.2
07/02/2025 16:00,4363.2
07/02/2025 17:00,4345.7
07/02/2025 18:00,4353.5
07/02/2025 19:00,4361.1
07/02/2025 20:00,4339.7
07/02/2025 21:00,4317.9
07/02/2025 22:00,4301.6
07/02/2025 23:00,4273.6
08/02/2025 00:00,4265.2
08/02/2025 01:00,4190.5
08/02/2025 02:00,4025.2
08/02/2025 03:00,3814.0
08/02/2025 04:00,3623.9
08/02/2025 05:00,3233.4
08/02/2025 06:00,2965.4
08/02/2025 07:00,2785.8
08/02/2025 08:00,2494.6
08/02/2025 09:00,2199.5
08/02/2025 10:00,1871.8
08/02/2025 11:00,1666.7
08/02/2025 12:00,1427.2
08/02/2025 13:00,1064.3
08/02/2025 14:00,962.7
08/02/2025 15:00,910.0
08/02/2025 16:00,504.7
08/02/2025 17:00,455.7
08/02/2025 18:00,396.4
08/02/2025 19:00,395.2
08/02/2025 20:00,551.4
08/02/2025 21:00,352.3
08/02/2025 22:00,488.7
08/02/2025 23:00,390.9
09/02/2025 00:00,291.8
09/02/2025 01:00,217.2
09/02/2025 02:00,255.2
09/02/2025 03:00,334.4
09/02/2025 04:00,350.3
09/02/2025 05:00,412.5
09/02/2025 06:00,407.7
09/02/2025 07:00,610.1
09/02/2025 08:00,686.0
09/02/2025 09:00,569.3
09/02/2025 10:00,524.3
09/02/2025 11:00,553.0
09/02/2025 12:00,636.3
09/02/2025 13:00,755.9
09/02/2025 14:00,1018.3
09/02/2025 15:00,1399.0
09/02/2025 16:00,1819.7
09/02/2025 17:00,2340.7
09/02/2025 18:00,2837.1
09/02/2025 19:00,3129.5
09/02/2025 20:00,3261.1
09/02/2025 21:00,3207.7
09/02/2025 22:00,3291.9
09/02/2025 23:00,3535.8
10/02/2025 00:00,3704.4
10/02/2025 01:00,3679.6
10/02/2025 02:00,3813.1
10/02/2025 03:00,3998.1
10/02/2025 04:00,4128.2
10/02/2025 05:00,4197.5
10/02/2025 06:00,4188.6
10/02/2025 07:00,4181.9
10/02/2025 08:00,4120.9
10/02/2025 09:00,3973.0
10/02/2025 10:00,4009.7
10/02/2025 11:00,4063.8
10/02/2025 12:00,4069.6
10/02/2025 13:00,4091.3
10/02/2025 14:00,4048.5
10/02/2025 15:00,4126.7
10/02/2025 16:00,4237.7
10/02/2025 17:00,4285.8
10/02/2025 18:00,4335.5
10/02/2025 19:00,4297.0
10/02/2025 20:00,4217.1
10/02/2025 21:00,4209.8
10/02/2025 22:00,4069.5
10/02/2025 23:00,3756.3
11/02/2025 00:00,3626.2
11/02/2025 01:00,3584.9
11/02/2025 02:00,3269.3
11/02/2025 03:00,3011.1
11/02/2025 04:00,2901.2
11/02/2025 05:00,2457.3
11/02/2025 06:00,2155.8
11/02/2025 07:00,2267.7
11/02/2025 08:00,2103.2
11/02/2025 09:00,1973.7
11/02/2025 10:00,1812.6
11/02/2025 11:00,1651.4
11/02/2025 12:00,1587.6
11/02/2025 13:00,1537.9
11/02/2025 14:00,1614.7
11/02/2025 15:00,1678.5
11/02/2025 16:00,1631.5
11/02/2025 17:00,1446.7
11/02/2025 18:00,1177.5
11/02/2025 19:00,1047.4
11/02/2025 20:00,1005.8
11/02/2025 21:00,1009.2
11/02/2025 22:00,948.6
11/02/2025 23:00,829.4
12/02/2025 00:00,778.3
12/02/2025 01:00,706.0
12/02/2025 02:00,699.6
12/02/2025 03:00,723.5
12/02/2025 04:00,620.2
12/02/2025 05:00,530.1
12/02/2025 06:00,445.5
12/02/2025 07:00,397.5
12/02/2025 08:00,336.5
12/02/2025 09:00,291.1
12/02/2025 10:00,315.0
12/02/2025 11:00,371.2
12/02/2025 12:00,401.5
12/02/2025 13:00,395.9
12/02/2025 14:00,401.4
12/02/2025 15:00,468.6
12/02/2025 16:00,470.4
12/02/2025 17:00,481.9
12/02/2025 18:00,424.6
12/02/2025 19:00,365.9
12/02/2025 20:00,327.9
12/02/2025 21:00,551.9
12/02/2025 22:00,795.0
12/02/2025 23:00,707.0
13/02/2025 00:00,700.0
13/02/2025 01:00,801.3
13/02/2025 02:00,1008.6
13/02/2025 03:00,1255.7
13/02/2025 04:00,1420.5
13/02/2025 05:00,1626.6
13/02/2025 06:00,1936.5
13/02/2025 07:00,2042.3
13/02/2025 08:00,2226.3
13/02/2025 09:00,1950.0
13/02/2025 10:00,1744.0
13/02/2025 11:00,1602.3
13/02/2025 12:00,1288.7
13/02/2025 13:00,935.9
13/02/2025 14:00,1029.7
13/02/2025 15:00,1220.6
13/02/2025 16:00,1186.6
13/02/2025 17:00,1385.6
13/02/2025 18:00,1398.6
13/02/2025 19:00,1315.6
13/02/2025 20:00,1039.0
13/02/2025 21:00,879.7
13/02/2025 22:00,714.3
13/02/2025 23:00,626.5
14/02/2025 00:00,380.6
14/02/2025 01:00,217.0
14/02/2025 02:00,198.2
14/02/2025 03:00,193.5
14/02/2025 04:00,274.2
14/02/2025 05:00,223.4
14/02/2025 06:00,271.5
14/02/2025 07:00,333.5
14/02/2025 08:00,261.4
14/02/2025 09:00,258.6
14/02/2025 10:00,223.8
14/02/2025 11:00,156.0
14/02/2025 12:00,134.4
14/02/2025 13:00,73.4
14/02/2025 14:00,109.1
14/02/2025 15:00,215.5
14/02/2025 16:00,270.2
14/02/2025 17:00,310.1
14/02/2025 18:00,584.7
14/02/2025 19:00,892.8
14/02/2025 20:00,949.6
14/02/2025 21:00,748.1
14/02/2025 22:00,765.6
14/02/2025 23:00,784.9
15/02/2025 00:00,729.8
15/02/2025 01:00,582.2
15/02/2025 02:00,656.1
15/02/2025 03:00,735.2
15/02/2025 04:00,590.5
15/02/2025 05:00,480.6
15/02/2025 06:00,504.4
15/02/2025 07:00,524.8
15/02/2025 08:00,549.8
15/02/2025 09:00,469.0
15/02/2025 10:00,443.6
15/02/2025 11:00,459.0
15/02/2025 12:00,389.2
15/02/2025 13:00,348.3
15/02/2025 14:00,207.1
15/02/2025 15:00,134.1
15/02/2025 16:00,271.3
15/02/2025 17:00,608.6
15/02/2025 18:00,758.6
15/02/2025 19:00,696.4
15/02/2025 20:00,708.4
15/02/2025 21:00,631.3
15/02/2025 22:00,826.9
15/02/2025 23:00,1046.4
16/02/2025 00:00,1084.4
16/02/2025 01:00,1207.2
16/02/2025 02:00,1264.8
16/02/2025 03:00,1027.9
16/02/2025 04:00,1071.7
16/02/2025 05:00,1315.8
16/02/2025 06:00,1862.8
16/02/2025 07:00,2370.2
16/02/2025 08:00,2893.5
16/02/2025 09:00,3089.0
16/02/2025 10:00,2923.1
16/02/2025 11:00,2762.8
16/02/2025 12:00,2353.9
16/02/2025 13:00,2546.7
16/02/2025 14:00,2596.4
16/02/2025 15:00,2265.8
16/02/2025 16:00,2219.8
16/02/2025 17:00,2326.4
16/02/2025 18:00,2752.7
16/02/2025 19:00,3210.8
16/02/2025 20:00,3132.1
16/02/2025 21:00,2965.4
16/02/2025 22:00,2486.9
16/02/2025 23:00,2057.9
17/02/2025 00:00,1714.8
17/02/2025 01:00,1396.2
17/02/2025 02:00,1333.7
17/02/2025 03:00,1023.4
17/02/2025 04:00,898.9
17/02/2025 05:00,970.7
17/02/2025 06:00,857.2
17/02/2025 07:00,852.3
17/02/2025 08:00,859.0
17/02/2025 09:00,661.7
17/02/2025 10:00,351.8
17/02/2025 11:00,363.6
17/02/2025 12:00,340.6
17/02/2025 13:00,398.9
17/02/2025 14:00,469.3
17/02/2025 15:00,470.2
17/02/2025 16:00,556.9
17/02/2025 17:00,544.5
17/02/2025 18:00,708.8
17/02/2025 19:00,1089.8
17/02/2025 20:00,1535.8
17/02/2025 21:00,1845.0
17/02/2025 22:00,2002.2
17/02/2025 23:00,2065.1
18/02/2025 00:00,1618.1
18/02/2025 01:00,1333.1
18/02/2025 02:00,1325.8
18/02/2025 03:00,1347.0
18/02/2025 04:00,1716.1
18/02/2025 05:00,1729.4
18/02/2025 06:00,1594.0
18/02/2025 07:00,1695.5
18/02/2025 08:00,1697.7
18/02/2025 09:00,1711.0
18/02/2025 10:00,1713.0
18/02/2025 11:00,1498.2
18/02/2025 12:00,1420.1
18/02/2025 13:00,1681.2
18/02/2025 14:00,2057.6
18/02/2025 15:00,2187.4
18/02/2025 16:00,2515.5
18/02/2025 17:00,3148.3
18/02/2025 18:00,3671.0
18/02/2025 19:00,3948.7
18/02/2025 20:00,3901.5
18/02/2025 21:00,3976.5
18/02/2025 22:00,3858.2
18/02/2025 23:00,3735.4
19/02/2025 00:00,3612.2
19/02/2025 01:00,3661.7
19/02/2025 02:00,3620.5
19/02/2025 03:00,3536.8
19/02/2025 04:00,3428.7
19/02/2025 05:00,3431.1
19/02/2025 06:00,3459.6
19/02/2025 07:00,3430.5
19/02/2025 08:00,3485.9
19/02/2025 09:00,3359.3
19/02/2025 10:00,3275.6
19/02/2025 11:00,2999.1
19/02/2025 12:00,2483.7
19/02/2025 13:00,2209.0
19/02/2025 14:00,2130.0
19/02/2025 15:00,2247.2
19/02/2025 16:00,2356.6
19/02/2025 17:00,2701.3
19/02/2025 18:00,2629.7
19/02/2025 19:00,2582.8
19/02/2025 20:00,2442.9
19/02/2025 21:00,2334.7
19/02/2025 22:00,2543.9
19/02/2025 23:00,2220.8
20/02/2025 00:00,1742.1
20/02/2025 01:00,1643.8
20/02/2025 02:00,1698.5
20/02/2025 03:00,1632.7
20/02/2025 04:00,1748.3
20/02/2025 05:00,2018.5
20/02/2025 06:00,2085.8
20/02/2025 07:00,2352.9
20/02/2025 08:00,2614.7
20/02/2025 09:00,2925.9
20/02/2025 10:00,3039.1
20/02/2025 11:00,3165.8
20/02/2025 12:00,3610.5
20/02/2025 13:00,4000.2
20/02/2025 14:00,4052.2
20/02/2025 15:00,4122.3
20/02/2025 16:00,4206.2
20/02/2025 17:00,4318.3
20/02/2025 18:00,4182.3
20/02/2025 19:00,4215.1
20/02/2025 20:00,4327.4
20/02/2025 21:00,4242.3
20/02/2025 22:00,4075.2
20/02/2025 23:00,3925.0
21/02/2025 00:00,3730.8
21/02/2025 01:00,3650.0
21/02/2025 02:00,3492.1
21/02/2025 03:00,3540.5
21/02/2025 04:00,3602.2
21/02/2025 05:00,3683.5
21/02/2025 06:00,3878.7
21/02/2025 07:00,3906.6
21/02/2025 08:00,4018.3
21/02/2025 09:00,4063.5
21/02/2025 10:00,4040.5
21/02/2025 11:00,4045.3
21/02/2025 12:00,4123.4
21/02/2025 13:00,3904.4
21/02/2025 14:00,4103.3
21/02/2025 15:00,4118.6
21/02/2025 16:00,4294.9
21/02/2025 17:00,4225.0
21/02/2025 18:00,4334.8
21/02/2025 19:00,4244.3
21/02/2025 20:00,4191.9
21/02/2025 21:00,4166.6
21/02/2025 22:00,4086.6
21/02/2025 23:00,3803.0
22/02/2025 00:00,3606.2
22/02/2025 01:00,3494.8
22/02/2025 02:00,3589.7
22/02/2025 03:00,3907.2
22/02/2025 04:00,3852.7
22/02/2025 05:00,3833.8
22/02/2025 06:00,3989.3
22/02/2025 07:00,4046.1
22/02/2025 08:00,3797.3
22/02/2025 09:00,3684.2
22/02/2025 10:00,3431.6
22/02/2025 11:00,3156.8
22/02/2025 12:00,2756.0
22/02/2025 13:00,2608.5
22/02/2025 14:00,2068.9
22/02/2025 15:00,1243.3
22/02/2025 16:00,1420.4
22/02/2025 17:00,1336.0
22/02/2025 18:00,1386.0
22/02/2025 19:00,1609.4
22/02/2025 20:00,1836.7
22/02/2025 21:00,1791.9
22/02/2025 22:00,1929.2
22/02/2025 23:00,2061.6
23/02/2025 00:00,2056.3
23/02/2025 01:00,1992.0
23/02/2025 02:00,1966.7
23/02/2025 03:00,1817.5
23/02/2025 04:00,1420.9
23/02/2025 05:00,1278.5
23/02/2025 06:00,1366.1
23/02/2025 07:00,1477.3
23/02/2025 08:00,1866.9
23/02/2025 09:00,2180.8
23/02/2025 10:00,2428.1
23/02/2025 11:00,2578.4
23/02/2025 12:00,2805.6
23/02/2025 13:00,3191.9
23/02/2025 14:00,3470.1
23/02/2025 15:00,3881.2
23/02/2025 16:00,4121.7
23/02/2025 17:00,4246.8
23/02/2025 18:00,4322.3
23/02/2025 19:00,4360.5
23/02/2025 20:00,4335.1
23/02/2025 21:00,4299.7
23/02/2025 22:00,4186.2
23/02/2025 23:00,4116.7
24/02/2025 00:00,4031.0
24/02/2025 01:00,4054.1
24/02/2025 02:00,4073.5
24/02/2025 03:00,4020.6
24/02/2025 04:00,4019.5
24/02/2025 05:00,4027.0
24/02/2025 06:00,4193.5
24/02/2025 07:00,4296.0
24/02/2025 08:00,4409.0
24/02/2025 09:00,4376.5
24/02/2025 10:00,4135.9
24/02/2025 11:00,4305.9
24/02/2025 12:00,4384.2
24/02/2025 13:00,4283.8
24/02/2025 14:00,4064.1
24/02/2025 15:00,4014.6
24/02/2025 16:00,3918.4
24/02/2025 17:00,4125.0
24/02/2025 18:00,4189.1
24/02/2025 19:00,4215.2
24/02/2025 20:00,4222.9
24/02/2025 21:00,4127.8
24/02/2025 22:00,3577.3
24/02/2025 23:00,3017.2
25/02/2025 00:00,2834.5
25/02/2025 01:00,2738.2
25/02/2025 02:00,2421.7
25/02/2025 03:00,2259.2
25/02/2025 04:00,1671.3
25/02/2025 05:00,1304.0
25/02/2025 06:00,1194.0
25/02/2025 07:00,1235.2
25/02/2025 08:00,1108.1
25/02/2025 09:00,1110.8
25/02/2025 10:00,904.5
25/02/2025 11:00,665.8
25/02/2025 12:00,448.7
25/02/2025 13:00,267.7
25/02/2025 14:00,173.8
25/02/2025 15:00,219.8
25/02/2025 16:00,186.7
25/02/2025 17:00,168.4
25/02/2025 18:00,213.5
25/02/2025 19:00,296.3
25/02/2025 20:00,301.3
25/02/2025 21:00,228.4
25/02/2025 22:00,103.9
25/02/2025 23:00,11.1
26/02/2025 00:00,65.2
26/02/2025 01:00,155.6
26/02/2025 02:00,396.2
26/02/2025 03:00,745.8
26/02/2025 04:00,803.1
26/02/2025 05:00,436.5
26/02/2025 06:00,380.4
26/02/2025 07:00,224.1
26/02/2025 08:00,244.2
26/02/2025 09:00,510.7
26/02/2025 10:00,581.6
26/02/2025 11:00,1010.6
26/02/2025 12:00,1777.0
26/02/2025 13:00,2293.0
26/02/2025 14:00,2546.9
26/02/2025 15:00,2982.7
26/02/2025 16:00,3212.2
26/02/2025 17:00,3776.9
26/02/2025 18:00,3553.2
26/02/2025 19:00,3273.4
26/02/2025 20:00,3649.9
26/02/2025 21:00,2963.0
26/02/2025 22:00,2463.8
26/02/2025 23:00,1799.0
27/02/2025 00:00,1994.5
27/02/2025 01:00,1883.9
27/02/2025 02:00,1759.7
27/02/2025 03:00,1700.8
27/02/2025 04:00,1288.9
27/02/2025 05:00,1039.3
27/02/2025 06:00,1070.5
27/02/2025 07:00,829.9
27/02/2025 08:00,798.5
27/02/2025 09:00,887.1
27/02/2025 10:00,1114.4
27/02/2025 11:00,1224.3
27/02/2025 12:00,1011.1
27/02/2025 13:00,1409.0
27/02/2025 14:00,1752.3
27/02/2025 15:00,1851.1
27/02/2025 16:00,2226.6
27/02/2025 17:00,2576.6
27/02/2025 18:00,3047.8
27/02/2025 19:00,3013.6
27/02/2025 20:00,3499.8
27/02/2025 21:00,3772.8
27/02/2025 22:00,3758.4
27/02/2025 23:00,3672.6
28/02/2025 00:00,3652.8
28/02/2025 01:00,3363.3
28/02/2025 02:00,2934.3
28/02/2025 03:00,2366.8
28/02/2025 04:00,1516.8
28/02/2025 05:00,1281.3
28/02/2025 06:00,1454.8
28/02/2025 07:00,1460.3
28/02/2025 08:00,1486.8
28/02/2025 09:00,1389.9
28/02/2025 10:00,1223.8
28/02/2025 11:00,855.7
28/02/2025 12:00,748.8
28/02/2025 13:00,642.9
28/02/2025 14:00,601.1
28/02/2025 15:00,584.7
28/02/2025 16:00,656.9
28/02/2025 17:00,595.8
28/02/2025 18:00,658.7
28/02/2025 19:00,658.5
28/02/2025 20:00,655.2
28/02/2025 21:00,659.0
28/02/2025 22:00,549.6
28/02/2025 23:00,499.4
01/03/2025 00:00,398.1
01/03/2025 01:00,342.7
01/03/2025 02:00,311.0
01/03/2025 03:00,273.5
01/03/2025 04:00,234.4
01/03/2025 05:00,226.8
01/03/2025 06:00,214.8
01/03/2025 07:00,181.0
01/03/2025 08:00,138.8
01/03/2025 09:00,137.4
01/03/2025 10:00,113.1
01/03/2025 11:00,60.8
01/03/2025 12:00,62.5
01/03/2025 13:00,84.8
01/03/2025 14:00,124.0
01/03/2025 15:00,112.1
01/03/2025 16:00,83.9
01/03/2025 17:00,168.6
01/03/2025 18:00,198.0
01/03/2025 19:00,165.0
01/03/2025 20:00,192.2
01/03/2025 21:00,303.0
01/03/2025 22:00,229.5
01/03/2025 23:00,194.0
02/03/2025 00:00,138.7
02/03/2025 01:00,98.9
02/03/2025 02:00,91.2
02/03/2025 03:00,60.2
02/03/2025 04:00,58.0
02/03/2025 05:00,99.5
02/03/2025 06:00,146.1
02/03/2025 07:00,155.9
02/03/2025 08:00,216.6
02/03/2025 09:00,238.8
02/03/2025 10:00,222.8
02/03/2025 11:00,254.4
02/03/2025 12:00,237.7
02/03/2025 13:00,240.5
02/03/2025 14:00,189.4
02/03/2025 15:00,131.1
02/03/2025 16:00,149.6
02/03/2025 17:00,214.7
02/03/2025 18:00,247.0
02/03/2025 19:00,285.9
02/03/2025 20:00,314.6
02/03/2025 21:00,330.0
02/03/2025 22:00,358.3
02/03/2025 23:00,387.0
03/03/2025 00:00,413.2
03/03/2025 01:00,425.9
03/03/2025 02:00,436.7
03/03/2025 03:00,425.9
03/03/2025 04:00,422.9
03/03/2025 05:00,442.4
03/03/2025 06:00,453.8
03/03/2025 07:00,340.0
03/03/2025 08:00,303.0
03/03/2025 09:00,312.9
03/03/2025 10:00,336.7
03/03/2025 11:00,305.3
03/03/2025 12:00,325.5
03/03/2025 13:00,337.5
03/03/2025 14:00,277.6
03/03/2025 15:00,270.4
03/03/2025 16:00,217.1
03/03/2025 17:00,209.7
03/03/2025 18:00,220.6
03/03/2025 19:00,248.5
03/03/2025 20:00,258.1
03/03/2025 21:00,277.3
03/03/2025 22:00,252.7
03/03/2025 23:00,217.0
04/03/2025 00:00,237.9
04/03/2025 01:00,213.5
04/03/2025 02:00,254.0
04/03/2025 03:00,212.3
04/03/2025 04:00,145.9
04/03/2025 05:00,150.4
04/03/2025 06:00,244.8
04/03/2025 07:00,338.9
04/03/2025 08:00,443.6
04/03/2025 09:00,458.4
04/03/2025 10:00,452.0
04/03/2025 11:00,408.3
04/03/2025 12:00,448.4
04/03/2025 13:00,438.6
04/03/2025 14:00,411.8
04/03/2025 15:00,413.1
04/03/2025 16:00,536.4
04/03/2025 17:00,859.1
04/03/2025 18:00,984.3
04/03/2025 19:00,1087.2
04/03/2025 20:00,1220.9
04/03/2025 21:00,1250.3
04/03/2025 22:00,1306.7
04/03/2025 23:00,1290.0
05/03/2025 00:00,1198.9
05/03/2025 01:00,1474.4
05/03/2025 02:00,1674.0
05/03/2025 03:00,1592.4
05/03/2025 04:00,1738.1
05/03/2025 05:00,2017.5
05/03/2025 06:00,2172.1
05/03/2025 07:00,2096.1
05/03/2025 08:00,2076.0
05/03/2025 09:00,1756.6
05/03/2025 10:00,1676.9
05/03/2025 11:00,1543.8
05/03/2025 12:00,1544.7
05/03/2025 13:00,1197.6
05/03/2025 14:00,1173.6
05/03/2025 15:00,1187.5
05/03/2025 16:00,1108.4
05/03/2025 17:00,1048.8
05/03/2025 18:00,961.3
05/03/2025 19:00,863.4
05/03/2025 20:00,758.6
05/03/2025 21:00,835.8
05/03/2025 22:00,856.5
05/03/2025 23:00,911.6
06/03/2025 00:00,1011.7
06/03/2025 01:00,1060.7
06/03/2025 02:00,1110.9
06/03/2025 03:00,1181.7
06/03/2025 04:00,1103.6
06/03/2025 05:00,915.4
06/03/2025 06:00,877.7
06/03/2025 07:00,918.5
06/03/2025 08:00,873.2
06/03/2025 09:00,925.7
06/03/2025 10:00,1008.9
06/03/2025 11:00,905.6
06/03/2025 12:00,890.0
06/03/2025 13:00,835.3
06/03/2025 14:00,1128.8
06/03/2025 15:00,1005.4
06/03/2025 16:00,1047.7
06/03/2025 17:00,1324.4
06/03/2025 18:00,1504.6
06/03/2025 19:00,1350.4
06/03/2025 20:00,1556.8
06/03/2025 21:00,1770.5
06/03/2025 22:00,2206.3
06/03/2025 23:00,2318.3
07/03/2025 00:00,2298.3
07/03/2025 01:00,2190.7
07/03/2025 02:00,1844.8
07/03/2025 03:00,1642.7
07/03/2025 04:00,1345.2
07/03/2025 05:00,1243.3
07/03/2025 06:00,1308.8
07/03/2025 07:00,1175.6
07/03/2025 08:00,1046.8
07/03/2025 09:00,1103.8
07/03/2025 10:00,1229.9
07/03/2025 11:00,1144.5
07/03/2025 12:00,925.7
07/03/2025 13:00,689.9
07/03/2025 14:00,523.8
07/03/2025 15:00,399.9
07/03/2025 16:00,326.1
07/03/2025 17:00,257.7
07/03/2025 18:00,250.5
07/03/2025 19:00,293.6
07/03/2025 20:00,304.6
07/03/2025 21:00,404.4
07/03/2025 22:00,670.3
07/03/2025 23:00,708.1
08/03/2025 00:00,1047.3
08/03/2025 01:00,1573.2
08/03/2025 02:00,1625.9
08/03/2025 03:00,1333.7
08/03/2025 04:00,1167.7
08/03/2025 05:00,1084.4
08/03/2025 06:00,987.3
08/03/2025 07:00,1342.9
08/03/2025 08:00,1463.1
08/03/2025 09:00,1299.0
08/03/2025 10:00,1009.4
08/03/2025 11:00,947.7
08/03/2025 12:00,444.0
08/03/2025 13:00,392.1
08/03/2025 14:00,680.9
08/03/2025 15:00,1196.1
08/03/2025 16:00,1688.3
08/03/2025 17:00,1989.4
08/03/2025 18:00,1989.0
08/03/2025 19:00,2088.4
08/03/2025 20:00,2228.6
08/03/2025 21:00,2640.7
08/03/2025 22:00,3270.0
08/03/2025 23:00,3055.1
09/03/2025 00:00,2430.3
09/03/2025 01:00,1787.7
09/03/2025 02:00,1608.2
09/03/2025 03:00,1389.1
09/03/2025 04:00,1183.2
09/03/2025 05:00,1071.9
09/03/2025 06:00,876.1
09/03/2025 07:00,771.9
09/03/2025 08:00,846.8
09/03/2025 09:00,669.5
09/03/2025 10:00,579.4
09/03/2025 11:00,279.7
09/03/2025 12:00,201.2
09/03/2025 13:00,309.4
09/03/2025 14:00,371.3
09/03/2025 15:00,661.3
09/03/2025 16:00,628.1
09/03/2025 17:00,665.1
09/03/2025 18:00,698.9
09/03/2025 19:00,976.0
09/03/2025 20:00,1153.9
09/03/2025 21:00,1080.2
09/03/2025 22:00,1069.1
09/03/2025 23:00,986.8
10/03/2025 00:00,767.4
10/03/2025 01:00,565.0
10/03/2025 02:00,402.5
10/03/2025 03:00,313.2
10/03/2025 04:00,247.7
10/03/2025 05:00,251.5
10/03/2025 06:00,365.3
10/03/2025 07:00,479.8
10/03/2025 08:00,776.5
10/03/2025 09:00,827.3
10/03/2025 10:00,712.7
10/03/2025 11:00,705.4
10/03/2025 12:00,613.8
10/03/2025 13:00,560.6
10/03/2025 14:00,576.7
10/03/2025 15:00,638.2
10/03/2025 16:00,804.5
10/03/2025 17:00,1048.3
10/03/2025 18:00,1453.3
10/03/2025 19:00,1656.9
10/03/2025 20:00,1696.1
10/03/2025 21:00,1841.1
10/03/2025 22:00,1690.1
10/03/2025 23:00,1509.9
11/03/2025 00:00,1783.5
11/03/2025 01:00,1650.2
11/03/2025 02:00,1576.4
11/03/2025 03:00,2011.8
11/03/2025 04:00,2565.8
11/03/2025 05:00,2602.9
11/03/2025 06:00,2669.2
11/03/2025 07:00,2320.4
11/03/2025 08:00,2117.9
11/03/2025 09:00,1814.7
11/03/2025 10:00,1644.9
11/03/2025 11:00,1391.2
11/03/2025 12:00,1345.5
11/03/2025 13:00,1570.9
11/03/2025 14:00,1679.1
11/03/2025 15:00,1725.2
11/03/2025 16:00,2052.3
11/03/2025 17:00,2159.2
11/03/2025 18:00,2269.4
11/03/2025 19:00,1877.7
11/03/2025 20:00,1527.8
11/03/2025 21:00,1261.3
11/03/2025 22:00,1051.8
11/03/2025 23:00,1220.1
12/03/2025 00:00,1396.7
12/03/2025 01:00,1272.5
12/03/2025 02:00,1378.3
12/03/2025 03:00,1460.5
12/03/2025 04:00,1684.1
12/03/2025 05:00,1389.1
12/03/2025 06:00,1136.7
12/03/2025 07:00,1123.5
12/03/2025 08:00,1162.8
12/03/2025 09:00,1017.7
12/03/2025 10:00,851.3
12/03/2025 11:00,764.4
12/03/2025 12:00,726.3
12/03/2025 13:00,622.0
12/03/2025 14:00,540.8
12/03/2025 15:00,430.0
12/03/2025 16:00,298.9
12/03/2025 17:00,406.0
12/03/2025 18:00,234.7
12/03/2025 19:00,182.6
12/03/2025 20:00,181.5
12/03/2025 21:00,261.0
12/03/2025 22:00,309.1
12/03/2025 23:00,369.2
13/03/2025 00:00,455.9
13/03/2025 01:00,680.6
13/03/2025 02:00,827.4
13/03/2025 03:00,569.7
13/03/2025 04:00,559.9
13/03/2025 05:00,661.7
13/03/2025 06:00,656.8
13/03/2025 07:00,797.1
13/03/2025 08:00,954.3
13/03/2025 09:00,863.7
13/03/2025 10:00,1256.6
13/03/2025 11:00,1317.7
13/03/2025 12:00,1422.7
13/03/2025 13:00,1422.2
13/03/2025 14:00,1390.1
13/03/2025 15:00,1346.5
13/03/2025 16:00,1419.8
13/03/2025 17:00,1696.6
13/03/2025 18:00,1296.2
13/03/2025 19:00,1344.8
13/03/2025 20:00,1158.3
13/03/2025 21:00,1194.0
13/03/2025 22:00,800.2
13/03/2025 23:00,791.3
14/03/2025 00:00,719.4
14/03/2025 01:00,669.0
14/03/2025 02:00,539.0
14/03/2025 03:00,711.7
14/03/2025 04:00,641.7
14/03/2025 05:00,614.6
14/03/2025 06:00,496.7
14/03/2025 07:00,415.4
14/03/2025 08:00,300.3
14/03/2025 09:00,420.5
14/03/2025 10:00,474.5
14/03/2025 11:00,421.3
14/03/2025 12:00,454.4
14/03/2025 13:00,746.4
14/03/2025 14:00,1018.3
14/03/2025 15:00,1283.4
14/03/2025 16:00,1484.8
14/03/2025 17:00,1774.7
14/03/2025 18:00,2198.7
14/03/2025 19:00,2596.9
14/03/2025 20:00,2665.6
14/03/2025 21:00,2894.9
14/03/2025 22:00,3259.4
14/03/2025 23:00,3100.9
15/03/2025 00:00,3013.1
15/03/2025 01:00,2643.7
15/03/2025 02:00,2449.8
15/03/2025 03:00,2142.4
15/03/2025 04:00,2558.1
15/03/2025 05:00,2687.9
15/03/2025 06:00,3064.7
15/03/2025 07:00,3354.5
15/03/2025 08:00,3263.5
15/03/2025 09:00,3121.1
15/03/2025 10:00,2532.1
15/03/2025 11:00,2035.5
15/03/2025 12:00,1697.3
15/03/2025 13:00,1503.9
15/03/2025 14:00,1709.2
15/03/2025 15:00,2372.4
15/03/2025 16:00,2884.5
15/03/2025 17:00,3107.3
15/03/2025 18:00,3342.3
15/03/2025 19:00,3401.3
15/03/2025 20:00,3094.1
15/03/2025 21:00,2797.8
15/03/2025 22:00,2519.1
15/03/2025 23:00,2425.9
16/03/2025 00:00,2117.9
16/03/2025 01:00,1912.7
16/03/2025 02:00,1707.5
16/03/2025 03:00,1462.4
16/03/2025 04:00,1481.9
16/03/2025 05:00,1421.1
16/03/2025 06:00,1407.2
16/03/2025 07:00,1273.8
16/03/2025 08:00,1143.7
16/03/2025 09:00,963.0
16/03/2025 10:00,404.3
16/03/2025 11:00,230.2
16/03/2025 12:00,190.8
16/03/2025 13:00,276.7
16/03/2025 14:00,337.0
16/03/2025 15:00,876.3
16/03/2025 16:00,911.0
16/03/2025 17:00,1368.3
16/03/2025 18:00,1645.9
16/03/2025 19:00,1523.9
16/03/2025 20:00,1309.8
16/03/2025 21:00,1209.9
16/03/2025 22:00,1215.9
16/03/2025 23:00,1315.8
17/03/2025 00:00,1698.6
17/03/2025 01:00,1859.6
17/03/2025 02:00,1595.5
17/03/2025 03:00,1531.5
17/03/2025 04:00,1458.2
17/03/2025 05:00,1519.1
17/03/2025 06:00,1717.0
17/03/2025 07:00,1819.4
17/03/2025 08:00,1610.5
17/03/2025 09:00,1338.0
17/03/2025 10:00,975.6
17/03/2025 11:00,975.5
17/03/2025 12:00,1119.4
17/03/2025 13:00,1258.9
17/03/2025 14:00,1504.2
17/03/2025 15:00,1505.7
17/03/2025 16:00,1783.4
17/03/2025 17:00,2407.3
17/03/2025 18:00,2477.6
17/03/2025 19:00,2532.2
17/03/2025 20:00,2576.3
17/03/2025 21:00,2668.2
17/03/2025 22:00,2733.9
17/03/2025 23:00,2731.4
18/03/2025 00:00,2700.4
18/03/2025 01:00,2505.7
18/03/2025 02:00,1959.6
18/03/2025 03:00,1760.0
18/03/2025 04:00,1527.0
18/03/2025 05:00,1506.6
18/03/2025 06:00,1635.7
18/03/2025 07:00,1769.2
18/03/2025 08:00,1807.6
18/03/2025 09:00,1587.2
18/03/2025 10:00,1253.6
18/03/2025 11:00,582.2
18/03/2025 12:00,515.1
18/03/2025 13:00,811.1
18/03/2025 14:00,1133.6
18/03/2025 15:00,2078.9
18/03/2025 16:00,2442.4
18/03/2025 17:00,2593.7
18/03/2025 18:00,2535.7
18/03/2025 19:00,2439.9
18/03/2025 20:00,2611.6
18/03/2025 21:00,2851.8
18/03/2025 22:00,2999.4
18/03/2025 23:00,2705.1
19/03/2025 00:00,2036.8
19/03/2025 01:00,1335.9
19/03/2025 02:00,934.4
19/03/2025 03:00,750.3
19/03/2025 04:00,740.8
19/03/2025 05:00,713.2
19/03/2025 06:00,703.6
19/03/2025 07:00,692.1
19/03/2025 08:00,640.3
19/03/2025 09:00,527.2
19/03/2025 10:00,371.5
19/03/2025 11:00,199.3
19/03/2025 12:00,158.4
19/03/2025 13:00,127.9
19/03/2025 14:00,174.2
19/03/2025 15:00,342.6
19/03/2025 16:00,387.8
19/03/2025 17:00,248.7
19/03/2025 18:00,161.5
19/03/2025 19:00,144.3
19/03/2025 20:00,160.7
19/03/2025 21:00,176.1
19/03/2025 22:00,145.8
19/03/2025 23:00,156.2
20/03/2025 00:00,165.1
20/03/2025 01:00,183.8
20/03/2025 02:00,181.4
20/03/2025 03:00,193.6
20/03/2025 04:00,184.2
20/03/2025 05:00,208.0
20/03/2025 06:00,140.9
20/03/2025 07:00,81.3
20/03/2025 08:00,61.9
20/03/2025 09:00,19.1
20/03/2025 10:00,18.6
20/03/2025 11:00,22.2
20/03/2025 12:00,29.5
20/03/2025 13:00,12.3
20/03/2025 14:00,5.2
20/03/2025 15:00,0.1
20/03/2025 16:00,0.0
20/03/2025 17:00,10.6
20/03/2025 18:00,66.0
20/03/2025 19:00,269.9
20/03/2025 20:00,499.7
20/03/2025 21:00,954.3
20/03/2025 22:00,1548.4
20/03/2025 23:00,2244.9
21/03/2025 00:00,2386.2
21/03/2025 01:00,2286.3
21/03/2025 02:00,1985.7
21/03/2025 03:00,2079.2
21/03/2025 04:00,2286.8
21/03/2025 05:00,2293.4
21/03/2025 06:00,2400.5
21/03/2025 07:00,2889.8
21/03/2025 08:00,3108.3
21/03/2025 09:00,2973.8
21/03/2025 10:00,2498.4
21/03/2025 11:00,2479.2
21/03/2025 12:00,1101.8
21/03/2025 13:00,1185.6
21/03/2025 14:00,1478.4
21/03/2025 15:00,3314.4
21/03/2025 16:00,3640.3
21/03/2025 17:00,3603.5
21/03/2025 18:00,3520.1
21/03/2025 19:00,3619.5
21/03/2025 20:00,3774.4
21/03/2025 21:00,3935.1
21/03/2025 22:00,3942.9
21/03/2025 23:00,3955.0
22/03/2025 00:00,3864.3
22/03/2025 01:00,3437.9
22/03/2025 02:00,3127.8
22/03/2025 03:00,3024.9
22/03/2025 04:00,3123.5
22/03/2025 05:00,3082.2
22/03/2025 06:00,2837.2
22/03/2025 07:00,2749.3
22/03/2025 08:00,2529.1
22/03/2025 09:00,1987.2
22/03/2025 10:00,1541.4
22/03/2025 11:00,1198.0
22/03/2025 12:00,771.2
22/03/2025 13:00,882.6
22/03/2025 14:00,1264.7
22/03/2025 15:00,1323.1
22/03/2025 16:00,1243.8
22/03/2025 17:00,1314.1
22/03/2025 18:00,1382.9
22/03/2025 19:00,1462.1
22/03/2025 20:00,1419.6
22/03/2025 21:00,1531.5
22/03/2025 22:00,1666.4
22/03/2025 23:00,1741.3
23/03/2025 00:00,1507.5
23/03/2025 01:00,1496.2
23/03/2025 02:00,1622.0
23/03/2025 03:00,1571.3
23/03/2025 04:00,1489.3
23/03/2025 05:00,1294.5
23/03/2025 06:00,1067.1
23/03/2025 07:00,1114.9
23/03/2025 08:00,1142.1
23/03/2025 09:00,1257.9
23/03/2025 10:00,1024.0
23/03/2025 11:00,689.2
23/03/2025 12:00,485.6
23/03/2025 13:00,196.5
23/03/2025 14:00,82.7
23/03/2025 15:00,54.3
23/03/2025 16:00,64.1
23/03/2025 17:00,68.9
23/03/2025 18:00,55.8
23/03/2025 19:00,34.6
23/03/2025 20:00,56.7
23/03/2025 21:00,75.3
23/03/2025 22:00,102.9
23/03/2025 23:00,81.0
24/03/2025 00:00,44.1
24/03/2025 01:00,16.9
24/03/2025 02:00,1.4
24/03/2025 03:00,74.9
24/03/2025 04:00,470.8
24/03/2025 05:00,721.3
24/03/2025 06:00,674.2
24/03/2025 07:00,609.0
24/03/2025 08:00,529.7
24/03/2025 09:00,475.1
24/03/2025 10:00,505.6
24/03/2025 11:00,476.0
24/03/2025 12:00,824.5
24/03/2025 13:00,967.6
24/03/2025 14:00,804.6
24/03/2025 15:00,803.8
24/03/2025 16:00,731.3
24/03/2025 17:00,704.5
24/03/2025 18:00,642.1
24/03/2025 19:00,442.4
24/03/2025 20:00,203.8
24/03/2025 21:00,208.6
24/03/2025 22:00,165.9
24/03/2025 23:00,101.3
25/03/2025 00:00,106.3
25/03/2025 01:00,177.8
25/03/2025 02:00,217.5
25/03/2025 03:00,419.3
25/03/2025 04:00,580.8
25/03/2025 05:00,744.5
25/03/2025 06:00,973.0
25/03/2025 07:00,1202.6
25/03/2025 08:00,1233.2
25/03/2025 09:00,1206.3
25/03/2025 10:00,1008.2
25/03/2025 11:00,838.5
25/03/2025 12:00,668.7
25/03/2025 13:00,636.6
25/03/2025 14:00,575.0
25/03/2025 15:00,668.4
25/03/2025 16:00,646.6
25/03/2025 17:00,619.0
25/03/2025 18:00,553.6
25/03/2025 19:00,831.0
25/03/2025 20:00,990.1
25/03/2025 21:00,1145.5
25/03/2025 22:00,1190.4
25/03/2025 23:00,965.9
26/03/2025 00:00,733.1
26/03/2025 01:00,652.3
26/03/2025 02:00,757.8
26/03/2025 03:00,766.1
26/03/2025 04:00,924.3
26/03/2025 05:00,887.7
26/03/2025 06:00,918.7
26/03/2025 07:00,787.6
26/03/2025 08:00,470.2
26/03/2025 09:00,451.6
26/03/2025 10:00,298.8
26/03/2025 11:00,97.0
26/03/2025 12:00,109.2
26/03/2025 13:00,102.7
26/03/2025 14:00,59.8
26/03/2025 15:00,30.4
26/03/2025 16:00,24.1
26/03/2025 17:00,34.6
26/03/2025 18:00,39.0
26/03/2025 19:00,38.7
26/03/2025 20:00,54.0
26/03/2025 21:00,70.0
26/03/2025 22:00,128.0
26/03/2025 23:00,209.3
27/03/2025 00:00,345.3
27/03/2025 01:00,454.2
27/03/2025 02:00,553.4
27/03/2025 03:00,626.5
27/03/2025 04:00,722.6
27/03/2025 05:00,794.8
27/03/2025 06:00,861.2
27/03/2025 07:00,893.2
27/03/2025 08:00,853.6
27/03/2025 09:00,887.4
27/03/2025 10:00,842.2
27/03/2025 11:00,1109.4
27/03/2025 12:00,1020.8
27/03/2025 13:00,883.9
27/03/2025 14:00,816.1
27/03/2025 15:00,792.4
27/03/2025 16:00,890.4
27/03/2025 17:00,850.5
27/03/2025 18:00,693.9
27/03/2025 19:00,711.2
27/03/2025 20:00,962.7
27/03/2025 21:00,1381.3
27/03/2025 22:00,1804.6
27/03/2025 23:00,2047.7
28/03/2025 00:00,2305.9
28/03/2025 01:00,2575.6
28/03/2025 02:00,2610.9
28/03/2025 03:00,2401.5
28/03/2025 04:00,2448.4
28/03/2025 05:00,2622.3
28/03/2025 06:00,2831.9
28/03/2025 07:00,2797.4
28/03/2025 08:00,2679.8
28/03/2025 09:00,2145.3
28/03/2025 10:00,1602.7
28/03/2025 11:00,1517.2
28/03/2025 12:00,1305.0
28/03/2025 13:00,1080.2
28/03/2025 14:00,1602.9
28/03/2025 15:00,1785.5
28/03/2025 16:00,1455.2
28/03/2025 17:00,514.5
28/03/2025 18:00,340.5
28/03/2025 19:00,342.2
28/03/2025 20:00,456.8
28/03/2025 21:00,766.5
28/03/2025 22:00,900.0
28/03/2025 23:00,588.9
29/03/2025 00:00,890.7
29/03/2025 01:00,1304.0
29/03/2025 02:00,1245.2
29/03/2025 03:00,1246.3
29/03/2025 04:00,1353.0
29/03/2025 05:00,1375.2
29/03/2025 06:00,1048.4
29/03/2025 07:00,793.3
29/03/2025 08:00,486.5
29/03/2025 09:00,376.4
29/03/2025 10:00,297.8
29/03/2025 11:00,212.1
29/03/2025 12:00,227.2
29/03/2025 13:00,233.9
29/03/2025 14:00,278.7
29/03/2025 15:00,301.5
29/03/2025 16:00,401.4
29/03/2025 17:00,682.8
29/03/2025 18:00,1153.7
29/03/2025 19:00,1791.5
29/03/2025 20:00,2793.9
29/03/2025 21:00,3568.3
29/03/2025 22:00,3744.2
29/03/2025 23:00,3627.5
30/03/2025 00:00,3690.0
30/03/2025 01:00,3700.8
30/03/2025 03:00,3675.4
30/03/2025 04:00,3740.1
30/03/2025 05:00,3639.8
30/03/2025 06:00,3093.9
30/03/2025 07:00,3199.3
30/03/2025 08:00,3254.2
30/03/2025 09:00,3148.7
30/03/2025 10:00,2636.0
30/03/2025 11:00,2437.1
30/03/2025 12:00,1877.0
30/03/2025 13:00,1669.4
30/03/2025 14:00,1605.6
30/03/2025 15:00,1739.8
30/03/2025 16:00,2489.6
30/03/2025 17:00,2955.6
30/03/2025 18:00,3006.8
30/03/2025 19:00,3042.9
30/03/2025 20:00,3054.8
30/03/2025 21:00,3608.1
30/03/2025 22:00,3630.4
30/03/2025 23:00,3384.9
31/03/2025 00:00,3083.6
31/03/2025 01:00,2617.3
31/03/2025 02:00,2312.7
31/03/2025 03:00,2156.5
31/03/2025 04:00,1773.9
31/03/2025 05:00,1615.2
31/03/2025 06:00,1294.7
31/03/2025 07:00,1122.0
31/03/2025 08:00,932.7
31/03/2025 09:00,745.8
31/03/2025 10:00,600.4
31/03/2025 11:00,631.3
31/03/2025 12:00,527.3
31/03/2025 13:00,510.1
31/03/2025 14:00,457.2
31/03/2025 15:00,363.9
31/03/2025 16:00,354.6
31/03/2025 17:00,426.4
31/03/2025 18:00,560.0
31/03/2025 19:00,687.5
31/03/2025 20:00,724.2
31/03/2025 21:00,858.1
31/03/2025 22:00,842.2
31/03/2025 23:00,767.4
01/04/2025 00:00,774.2
01/04/2025 01:00,891.1
01/04/2025 02:00,772.0
01/04/2025 03:00,713.3
01/04/2025 04:00,714.8
01/04/2025 05:00,686.9
01/04/2025 06:00,682.8
01/04/2025 07:00,743.2
01/04/2025 08:00,786.7
01/04/2025 09:00,786.6
01/04/2025 10:00,753.9
01/04/2025 11:00,676.1
01/04/2025 12:00,390.6
01/04/2025 13:00,319.5
01/04/2025 14:00,475.5
01/04/2025 15:00,634.1
01/04/2025 16:00,1462.4
01/04/2025 17:00,2250.3
01/04/2025 18:00,2549.1
01/04/2025 19:00,2400.3
01/04/2025 20:00,2573.2
01/04/2025 21:00,2800.2
01/04/2025 22:00,2868.6
01/04/2025 23:00,2988.6
02/04/2025 00:00,2816.4
02/04/2025 01:00,2320.6
02/04/2025 02:00,1514.2
02/04/2025 03:00,1321.6
02/04/2025 04:00,1319.4
02/04/2025 05:00,1614.1
02/04/2025 06:00,2651.2
02/04/2025 07:00,3101.1
02/04/2025 08:00,3066.4
02/04/2025 09:00,2848.0
02/04/2025 10:00,2755.4
02/04/2025 11:00,1660.7
02/04/2025 12:00,1066.5
02/04/2025 13:00,868.0
02/04/2025 14:00,1032.1
02/04/2025 15:00,1116.4
02/04/2025 16:00,1368.7
02/04/2025 17:00,2692.6
02/04/2025 18:00,3217.0
02/04/2025 19:00,3636.9
02/04/2025 20:00,3727.2
02/04/2025 21:00,3828.5
02/04/2025 22:00,3849.5
02/04/2025 23:00,3815.9
03/04/2025 00:00,3829.5
03/04/2025 01:00,3735.3
03/04/2025 02:00,3610.8
03/04/2025 03:00,3559.4
03/04/2025 04:00,3524.3
03/04/2025 05:00,3465.0
03/04/2025 06:00,3464.5
03/04/2025 07:00,3446.7
03/04/2025 08:00,3310.5
03/04/2025 09:00,3019.7
03/04/2025 10:00,2505.9
03/04/2025 11:00,1712.9
03/04/2025 12:00,996.8
03/04/2025 13:00,718.5
03/04/2025 14:00,916.1
03/04/2025 15:00,1323.8
03/04/2025 16:00,1728.1
03/04/2025 17:00,1776.2
03/04/2025 18:00,1628.9
03/04/2025 19:00,1375.3
03/04/2025 20:00,1120.4
03/04/2025 21:00,1183.4
03/04/2025 22:00,1692.1
03/04/2025 23:00,1869.2
04/04/2025 00:00,2038.5
04/04/2025 01:00,1914.9
04/04/2025 02:00,1287.1
04/04/2025 03:00,743.8
04/04/2025 04:00,433.7
04/04/2025 05:00,375.7
04/04/2025 06:00,418.7
04/04/2025 07:00,414.9
04/04/2025 08:00,447.8
04/04/2025 09:00,576.0
04/04/2025 10:00,758.0
04/04/2025 11:00,982.4
04/04/2025 12:00,835.0
04/04/2025 13:00,643.1
04/04/2025 14:00,576.8
04/04/2025 15:00,1318.1
04/04/2025 16:00,2048.2
04/04/2025 17:00,2504.7
04/04/2025 18:00,3016.6
04/04/2025 19:00,3301.4
04/04/2025 20:00,3562.5
04/04/2025 21:00,3764.8
04/04/2025 22:00,3879.2
04/04/2025 23:00,3817.7
05/04/2025 00:00,3611.7
05/04/2025 01:00,3249.1
05/04/2025 02:00,2686.7
05/04/2025 03:00,2077.2
05/04/2025 04:00,2189.8
05/04/2025 05:00,2346.9
05/04/2025 06:00,2447.9
05/04/2025 07:00,2589.4
05/04/2025 08:00,2621.9
05/04/2025 09:00,2564.1
05/04/2025 10:00,1754.6
05/04/2025 11:00,1407.9
05/04/2025 12:00,894.4
05/04/2025 13:00,822.3
05/04/2025 14:00,943.1
05/04/2025 15:00,1135.1
05/04/2025 16:00,1735.8
05/04/2025 17:00,3166.2
05/04/2025 18:00,3927.2
05/04/2025 19:00,4070.4
05/04/2025 20:00,4248.9
05/04/2025 21:00,4106.7
05/04/2025 22:00,3913.2
05/04/2025 23:00,3741.8
06/04/2025 00:00,3722.3
06/04/2025 01:00,3654.7
06/04/2025 02:00,3339.6
06/04/2025 03:00,3276.4
06/04/2025 04:00,3202.4
06/04/2025 05:00,3137.8
06/04/2025 06:00,3078.0
06/04/2025 07:00,2872.4
06/04/2025 08:00,2176.1
06/04/2025 09:00,2080.4
06/04/2025 10:00,1267.8
06/04/2025 11:00,813.4
06/04/2025 12:00,605.4
06/04/2025 13:00,540.9
06/04/2025 14:00,566.7
06/04/2025 15:00,624.3
06/04/2025 16:00,878.1
06/04/2025 17:00,1919.9
06/04/2025 18:00,2154.5
06/04/2025 19:00,2428.2
06/04/2025 20:00,2292.6
06/04/2025 21:00,2291.0
06/04/2025 22:00,2374.8
06/04/2025 23:00,1997.2
07/04/2025 00:00,2137.1
07/04/2025 01:00,1857.6
07/04/2025 02:00,1365.7
07/04/2025 03:00,1093.8
07/04/2025 04:00,790.4
07/04/2025 05:00,690.6
07/04/2025 06:00,658.7
07/04/2025 07:00,593.7
07/04/2025 08:00,563.9
07/04/2025 09:00,319.4
07/04/2025 10:00,168.7
07/04/2025 11:00,55.7
07/04/2025 12:00,39.9
07/04/2025 13:00,62.9
07/04/2025 14:00,157.0
07/04/2025 15:00,428.2
07/04/2025 16:00,829.0
07/04/2025 17:00,1286.1
07/04/2025 18:00,1683.2
07/04/2025 19:00,1944.3
07/04/2025 20:00,2196.7
07/04/2025 21:00,2030.2
07/04/2025 22:00,1811.7
07/04/2025 23:00,1852.6
08/04/2025 00:00,1584.6
08/04/2025 01:00,1163.9
08/04/2025 02:00,925.9
08/04/2025 03:00,708.6
08/04/2025 04:00,697.1
08/04/2025 05:00,663.1
08/04/2025 06:00,605.9
08/04/2025 07:00,570.5
08/04/2025 08:00,548.0
08/04/2025 09:00,499.5
08/04/2025 10:00,322.3
08/04/2025 11:00,152.8
08/04/2025 12:00,120.2
08/04/2025 13:00,124.7
08/04/2025 14:00,392.9
08/04/2025 15:00,539.7
08/04/2025 16:00,890.2
08/04/2025 17:00,1163.7
08/04/2025 18:00,1274.4
08/04/2025 19:00,1469.2
08/04/2025 20:00,1588.1
08/04/2025 21:00,1662.2
08/04/2025 22:00,1640.2
08/04/2025 23:00,1348.9
09/04/2025 00:00,1198.3
09/04/2025 01:00,997.9
09/04/2025 02:00,831.3
09/04/2025 03:00,696.2
09/04/2025 04:00,742.2
09/04/2025 05:00,697.8
09/04/2025 06:00,785.1
09/04/2025 07:00,992.4
09/04/2025 08:00,1167.5
09/04/2025 09:00,1336.0
09/04/2025 10:00,1368.3
09/04/2025 11:00,1312.1
09/04/2025 12:00,1474.0
09/04/2025 13:00,1629.5
09/04/2025 14:00,1677.8
09/04/2025 15:00,1716.8
09/04/2025 16:00,1729.3
09/04/2025 17:00,1837.4
09/04/2025 18:00,2245.9
09/04/2025 19:00,2465.4
09/04/2025 20:00,2504.3
09/04/2025 21:00,2287.1
09/04/2025 22:00,2160.0
09/04/2025 23:00,2135.3
10/04/2025 00:00,2009.8
10/04/2025 01:00,1841.7
10/04/2025 02:00,1757.9
10/04/2025 03:00,1641.3
10/04/2025 04:00,1757.7
10/04/2025 05:00,1596.4
10/04/2025 06:00,1715.9
10/04/2025 07:00,1827.3
10/04/2025 08:00,1751.9
10/04/2025 09:00,1829.7
10/04/2025 10:00,1679.9
10/04/2025 11:00,1284.2
10/04/2025 12:00,1054.2
10/04/2025 13:00,881.8
10/04/2025 14:00,632.3
10/04/2025 15:00,484.8
10/04/2025 16:00,473.0
10/04/2025 17:00,411.9
10/04/2025 18:00,379.4
10/04/2025 19:00,484.3
10/04/2025 20:00,438.2
10/04/2025 21:00,367.3
10/04/2025 22:00,436.9
10/04/2025 23:00,485.2
11/04/2025 00:00,494.2
11/04/2025 01:00,601.1
11/04/2025 02:00,600.3
11/04/2025 03:00,580.2
11/04/2025 04:00,540.8
11/04/2025 05:00,622.4
11/04/2025 06:00,719.9
11/04/2025 07:00,821.3
11/04/2025 08:00,811.5
11/04/2025 09:00,768.5
11/04/2025 10:00,867.5
11/04/2025 11:00,771.5
11/04/2025 12:00,552.6
11/04/2025 13:00,389.8
11/04/2025 14:00,123.4
11/04/2025 15:00,68.5
11/04/2025 16:00,29.5
11/04/2025 17:00,46.0
11/04/2025 18:00,35.1
11/04/2025 19:00,21.8
11/04/2025 20:00,13.2
11/04/2025 21:00,6.7
11/04/2025 22:00,11.5
11/04/2025 23:00,15.0
12/04/2025 00:00,71.3
12/04/2025 01:00,193.6
12/04/2025 02:00,247.3
12/04/2025 03:00,303.0
12/04/2025 04:00,289.3
12/04/2025 05:00,388.4
12/04/2025 06:00,603.0
12/04/2025 07:00,782.0
12/04/2025 08:00,952.6
12/04/2025 09:00,1224.6
12/04/2025 10:00,1098.2
12/04/2025 11:00,924.8
12/04/2025 12:00,492.9
12/04/2025 13:00,467.8
12/04/2025 14:00,574.7
12/04/2025 15:00,761.3
12/04/2025 16:00,1057.4
12/04/2025 17:00,2150.2
12/04/2025 18:00,2469.8
12/04/2025 19:00,2714.6
12/04/2025 20:00,2900.4
12/04/2025 21:00,3517.6
12/04/2025 22:00,3826.8
12/04/2025 23:00,3790.2
13/04/2025 00:00,3589.9
13/04/2025 01:00,3487.2
13/04/2025 02:00,3246.0
13/04/2025 03:00,3300.0
13/04/2025 04:00,3141.2
13/04/2025 05:00,3328.6
13/04/2025 06:00,3039.8
13/04/2025 07:00,3119.3
13/04/2025 08:00,3102.8
13/04/2025 09:00,2765.2
13/04/2025 10:00,2443.1
13/04/2025 11:00,1993.1
13/04/2025 12:00,1487.5
13/04/2025 13:00,1364.4
13/04/2025 14:00,1685.6
13/04/2025 15:00,1922.8
13/04/2025 16:00,2293.5
13/04/2025 17:00,2759.5
13/04/2025 18:00,3329.7
13/04/2025 19:00,3506.8
13/04/2025 20:00,3445.8
13/04/2025 21:00,3366.1
13/04/2025 22:00,3278.3
13/04/2025 23:00,3043.7
14/04/2025 00:00,2890.5
14/04/2025 01:00,2283.4
14/04/2025 02:00,1364.2
14/04/2025 03:00,745.6
14/04/2025 04:00,728.9
14/04/2025 05:00,808.7
14/04/2025 06:00,644.1
14/04/2025 07:00,592.9
14/04/2025 08:00,546.6
14/04/2025 09:00,329.9
14/04/2025 10:00,327.0
14/04/2025 11:00,409.5
14/04/2025 12:00,482.0
14/04/2025 13:00,283.5
14/04/2025 14:00,130.2
14/04/2025 15:00,82.7
14/04/2025 16:00,84.0
14/04/2025 17:00,158.6
14/04/2025 18:00,360.9
14/04/2025 19:00,777.7
14/04/2025 20:00,1279.1
14/04/2025 21:00,1733.5
14/04/2025 22:00,2038.2
14/04/2025 23:00,2828.3
15/04/2025 00:00,3034.2
15/04/2025 01:00,3053.4
15/04/2025 02:00,2865.7
15/04/2025 03:00,2902.3
15/04/2025 04:00,3101.1
15/04/2025 05:00,3332.8
15/04/2025 06:00,3467.3
15/04/2025 07:00,3564.0
15/04/2025 08:00,3102.9
15/04/2025 09:00,2651.8
15/04/2025 10:00,1898.4
15/04/2025 11:00,978.3
15/04/2025 12:00,868.0
15/04/2025 13:00,910.9
15/04/2025 14:00,933.6
15/04/2025 15:00,835.9
15/04/2025 16:00,1040.4
15/04/2025 17:00,1130.5
15/04/2025 18:00,821.6
15/04/2025 19:00,621.0
15/04/2025 20:00,359.3
15/04/2025 21:00,71.5
15/04/2025 22:00,105.4
15/04/2025 23:00,277.3
16/04/2025 00:00,915.2
16/04/2025 01:00,1718.6
16/04/2025 02:00,2548.5
16/04/2025 03:00,2710.6
16/04/2025 04:00,2987.6
16/04/2025 05:00,2931.0
16/04/2025 06:00,2539.8
16/04/2025 07:00,2357.2
16/04/2025 08:00,1927.4
16/04/2025 09:00,1725.6
16/04/2025 10:00,2026.0
16/04/2025 11:00,2037.5
16/04/2025 12:00,1972.7
16/04/2025 13:00,1752.0
16/04/2025 14:00,1570.8
16/04/2025 15:00,1475.5
16/04/2025 16:00,1308.0
16/04/2025 17:00,1303.9
16/04/2025 18:00,1253.5
16/04/2025 19:00,1042.7
16/04/2025 20:00,739.8
16/04/2025 21:00,798.1
16/04/2025 22:00,724.1
16/04/2025 23:00,557.2
17/04/2025 00:00,367.7
17/04/2025 01:00,264.7
17/04/2025 02:00,196.2
17/04/2025 03:00,163.4
17/04/2025 04:00,157.8
17/04/2025 05:00,174.7
17/04/2025 06:00,118.0
17/04/2025 07:00,151.5
17/04/2025 08:00,260.8
17/04/2025 09:00,454.0
17/04/2025 10:00,279.7
17/04/2025 11:00,192.1
17/04/2025 12:00,161.1
17/04/2025 13:00,157.3
17/04/2025 14:00,289.6
17/04/2025 15:00,209.1
17/04/2025 16:00,125.4
17/04/2025 17:00,98.8
17/04/2025 18:00,52.4
17/04/2025 19:00,41.8
17/04/2025 20:00,28.0
17/04/2025 21:00,27.1
17/04/2025 22:00,15.3
17/04/2025 23:00,39.6
18/04/2025 00:00,81.3
18/04/2025 01:00,65.8
18/04/2025 02:00,109.1
18/04/2025 03:00,108.2
18/04/2025 04:00,130.3
18/04/2025 05:00,77.8
18/04/2025 06:00,111.4
18/04/2025 07:00,57.2
18/04/2025 08:00,24.5
18/04/2025 09:00,55.3
18/04/2025 10:00,61.6
18/04/2025 11:00,137.8
18/04/2025 12:00,127.4
18/04/2025 13:00,77.4
18/04/2025 14:00,67.4
18/04/2025 15:00,77.2
18/04/2025 16:00,172.2
18/04/2025 17:00,469.9
18/04/2025 18:00,829.7
18/04/2025 19:00,1191.1
18/04/2025 20:00,1593.9
18/04/2025 21:00,1930.8
18/04/2025 22:00,1970.6
18/04/2025 23:00,1485.1
19/04/2025 00:00,1295.3
19/04/2025 01:00,1131.3
19/04/2025 02:00,1191.3
19/04/2025 03:00,1084.7
19/04/2025 04:00,913.2
19/04/2025 05:00,892.3
19/04/2025 06:00,904.7
19/04/2025 07:00,756.7
19/04/2025 08:00,769.2
19/04/2025 09:00,715.0
19/04/2025 10:00,691.6
19/04/2025 11:00,625.9
19/04/2025 12:00,906.1
19/04/2025 13:00,1286.0
19/04/2025 14:00,1601.7
19/04/2025 15:00,1936.6
19/04/2025 16:00,2589.3
19/04/2025 17:00,2741.2
19/04/2025 18:00,2721.7
19/04/2025 19:00,2664.2
19/04/2025 20:00,2593.9
19/04/2025 21:00,2415.2
19/04/2025 22:00,2235.5
19/04/2025 23:00,2194.0
20/04/2025 00:00,2165.1
20/04/2025 01:00,1932.9
20/04/2025 02:00,1682.4
20/04/2025 03:00,1443.6
20/04/2025 04:00,1277.2
20/04/2025 05:00,1047.6
20/04/2025 06:00,925.5
20/04/2025 07:00,632.7
20/04/2025 08:00,561.2
20/04/2025 09:00,505.2
20/04/2025 10:00,400.0
20/04/2025 11:00,423.1
20/04/2025 12:00,461.3
20/04/2025 13:00,360.3
20/04/2025 14:00,481.5
20/04/2025 15:00,543.5
20/04/2025 16:00,663.2
20/04/2025 17:00,796.3
20/04/2025 18:00,784.3
20/04/2025 19:00,714.1
20/04/2025 20:00,621.1
20/04/2025 21:00,453.0
20/04/2025 22:00,367.2
20/04/2025 23:00,275.6
21/04/2025 00:00,186.4
21/04/2025 01:00,116.7
21/04/2025 02:00,48.3
21/04/2025 03:00,50.9
21/04/2025 04:00,57.2
21/04/2025 05:00,47.5
21/04/2025 06:00,27.3
21/04/2025 07:00,7.7
21/04/2025 08:00,3.6
21/04/2025 09:00,1.3
21/04/2025 10:00,7.6
21/04/2025 11:00,31.2
21/04/2025 12:00,18.0
21/04/2025 13:00,10.0
21/04/2025 14:00,13.0
21/04/2025 15:00,18.5
21/04/2025 16:00,24.4
21/04/2025 17:00,48.4
21/04/2025 18:00,16.4
21/04/2025 19:00,55.4
21/04/2025 20:00,91.1
21/04/2025 21:00,209.6
21/04/2025 22:00,478.7
21/04/2025 23:00,545.3
22/04/2025 00:00,523.9
22/04/2025 01:00,439.8
22/04/2025 02:00,380.0
22/04/2025 03:00,286.9
22/04/2025 04:00,315.6
22/04/2025 05:00,381.9
22/04/2025 06:00,383.4
22/04/2025 07:00,324.4
22/04/2025 08:00,259.0
22/04/2025 09:00,245.7
22/04/2025 10:00,228.7
22/04/2025 11:00,230.4
22/04/2025 12:00,194.3
22/04/2025 13:00,165.9
22/04/2025 14:00,197.1
22/04/2025 15:00,235.2
22/04/2025 16:00,174.2
22/04/2025 17:00,72.4
22/04/2025 18:00,77.6
22/04/2025 19:00,117.9
22/04/2025 20:00,172.5
22/04/2025 21:00,256.6
22/04/2025 22:00,426.5
22/04/2025 23:00,419.9
23/04/2025 00:00,384.8
23/04/2025 01:00,265.3
23/04/2025 02:00,196.7
23/04/2025 03:00,164.4
23/04/2025 04:00,154.8
23/04/2025 05:00,160.3
23/04/2025 06:00,305.8
23/04/2025 07:00,206.8
23/04/2025 08:00,174.9
23/04/2025 09:00,278.1
23/04/2025 10:00,380.1
23/04/2025 11:00,298.5
23/04/2025 12:00,231.1
23/04/2025 13:00,290.3
23/04/2025 14:00,512.7
23/04/2025 15:00,627.4
23/04/2025 16:00,568.3
23/04/2025 17:00,616.6
23/04/2025 18:00,809.5
23/04/2025 19:00,1003.4
23/04/2025 20:00,1283.9
23/04/2025 21:00,1567.0
23/04/2025 22:00,1787.1
23/04/2025 23:00,2084.3
24/04/2025 00:00,2176.3
24/04/2025 01:00,2413.0
24/04/2025 02:00,2546.8
24/04/2025 03:00,2915.3
24/04/2025 04:00,3039.4
24/04/2025 05:00,3200.6
24/04/2025 06:00,3356.3
24/04/2025 07:00,3390.5
24/04/2025 08:00,3296.0
24/04/2025 09:00,2911.9
24/04/2025 10:00,2638.0
24/04/2025 11:00,2809.2
24/04/2025 12:00,2732.4
24/04/2025 13:00,2715.7
24/04/2025 14:00,2835.4
24/04/2025 15:00,2865.4
24/04/2025 16:00,2755.5
24/04/2025 17:00,2598.7
24/04/2025 18:00,2395.9
24/04/2025 19:00,2110.5
24/04/2025 20:00,1832.9
24/04/2025 21:00,1896.6
24/04/2025 22:00,1658.7
24/04/2025 23:00,1556.8
25/04/2025 00:00,1247.0
25/04/2025 01:00,957.9
25/04/2025 02:00,773.9
25/04/2025 03:00,720.4
25/04/2025 04:00,743.6
25/04/2025 05:00,988.1
25/04/2025 06:00,1170.4
25/04/2025 07:00,1182.1
25/04/2025 08:00,1024.4
25/04/2025 09:00,857.1
25/04/2025 10:00,693.5
25/04/2025 11:00,719.6
25/04/2025 12:00,568.6
25/04/2025 13:00,547.7
25/04/2025 14:00,561.8
25/04/2025 15:00,586.6
25/04/2025 16:00,587.2
25/04/2025 17:00,639.5
25/04/2025 18:00,667.0
25/04/2025 19:00,736.5
25/04/2025 20:00,732.9
25/04/2025 21:00,708.2
25/04/2025 22:00,708.6
25/04/2025 23:00,690.0
26/04/2025 00:00,568.8
26/04/2025 01:00,531.6
26/04/2025 02:00,608.9
26/04/2025 03:00,664.2
26/04/2025 04:00,631.6
26/04/2025 05:00,491.5
26/04/2025 06:00,437.6
26/04/2025 07:00,354.4
26/04/2025 08:00,296.8
26/04/2025 09:00,248.2
26/04/2025 10:00,251.9
26/04/2025 11:00,309.5
26/04/2025 12:00,292.3
26/04/2025 13:00,235.3
26/04/2025 14:00,354.8
26/04/2025 15:00,491.4
26/04/2025 16:00,1048.2
26/04/2025 17:00,925.4
26/04/2025 18:00,1021.1
26/04/2025 19:00,1139.3
26/04/2025 20:00,1254.7
26/04/2025 21:00,1286.1
26/04/2025 22:00,1088.5
26/04/2025 23:00,910.9
27/04/2025 00:00,664.0
27/04/2025 01:00,507.9
27/04/2025 02:00,456.8
27/04/2025 03:00,473.2
27/04/2025 04:00,498.3
27/04/2025 05:00,397.9
27/04/2025 06:00,319.4
27/04/2025 07:00,244.5
27/04/2025 08:00,141.0
27/04/2025 09:00,84.2
27/04/2025 10:00,76.4
27/04/2025 11:00,97.2
27/04/2025 12:00,74.4
27/04/2025 13:00,68.3
27/04/2025 14:00,66.9
27/04/2025 15:00,55.0
27/04/2025 16:00,107.4
27/04/2025 17:00,184.3
27/04/2025 18:00,205.8
27/04/2025 19:00,128.7
27/04/2025 20:00,99.6
27/04/2025 21:00,30.6
27/04/2025 22:00,8.9
27/04/2025 23:00,4.4
28/04/2025 00:00,2.7
28/04/2025 01:00,0.8
28/04/2025 02:00,1.5
28/04/2025 03:00,0.0
28/04/2025 04:00,0.0
28/04/2025 05:00,0.9
28/04/2025 06:00,4.9
28/04/2025 07:00,6.0
28/04/2025 08:00,9.3
28/04/2025 09:00,22.6
28/04/2025 10:00,38.6
28/04/2025 11:00,41.7
28/04/2025 12:00,60.7
28/04/2025 13:00,101.2
28/04/2025 14:00,120.5
28/04/2025 15:00,123.2
28/04/2025 16:00,70.7
28/04/2025 17:00,39.5
28/04/2025 18:00,39.3
28/04/2025 19:00,92.2
28/04/2025 20:00,120.6
28/04/2025 21:00,120.0
28/04/2025 22:00,145.8
28/04/2025 23:00,192.8
29/04/2025 00:00,195.7
29/04/2025 01:00,191.6
29/04/2025 02:00,162.9
29/04/2025 03:00,158.6
29/04/2025 04:00,197.1
29/04/2025 05:00,196.6
29/04/2025 06:00,221.4
29/04/2025 07:00,243.2
29/04/2025 08:00,210.7
29/04/2025 09:00,195.3
29/04/2025 10:00,137.2
29/04/2025 11:00,66.2
29/04/2025 12:00,78.2
29/04/2025 13:00,81.8
29/04/2025 14:00,126.2
29/04/2025 15:00,177.9
29/04/2025 16:00,347.3
29/04/2025 17:00,635.7
29/04/2025 18:00,879.8
29/04/2025 19:00,1017.1
29/04/2025 20:00,1210.8
29/04/2025 21:00,1435.3
29/04/2025 22:00,1562.9
29/04/2025 23:00,1535.8
30/04/2025 00:00,1446.8
30/04/2025 01:00,1281.8
30/04/2025 02:00,1240.6
30/04/2025 03:00,1007.4
30/04/2025 04:00,764.5
30/04/2025 05:00,571.1
30/04/2025 06:00,363.9
30/04/2025 07:00,256.2
30/04/2025 08:00,168.5
30/04/2025 09:00,39.2
30/04/2025 10:00,2.7
30/04/2025 11:00,0.0
30/04/2025 12:00,2.9
30/04/2025 13:00,11.1
30/04/2025 14:00,15.5
30/04/2025 15:00,121.3
30/04/2025 16:00,334.1
30/04/2025 17:00,503.4
30/04/2025 18:00,606.9
30/04/2025 19:00,566.0
30/04/2025 20:00,617.3
30/04/2025 21:00,568.2
30/04/2025 22:00,595.1
30/04/2025 23:00,569.1
01/05/2025 00:00,573.7
01/05/2025 01:00,481.2
01/05/2025 02:00,395.9
01/05/2025 03:00,224.6
01/05/2025 04:00,156.7
01/05/2025 05:00,176.2
01/05/2025 06:00,191.6
01/05/2025 07:00,204.4
01/05/2025 08:00,178.1
01/05/2025 09:00,125.4
01/05/2025 10:00,87.4
01/05/2025 11:00,70.9
01/05/2025 12:00,42.1
01/05/2025 13:00,27.0
01/05/2025 14:00,11.7
01/05/2025 15:00,1.0
01/05/2025 16:00,0.0
01/05/2025 17:00,0.0
01/05/2025 18:00,0.0
01/05/2025 19:00,0.1
01/05/2025 20:00,0.3
01/05/2025 21:00,5.3
01/05/2025 22:00,20.4
01/05/2025 23:00,60.9
02/05/2025 00:00,97.7
02/05/2025 01:00,182.4
02/05/2025 02:00,222.0
02/05/2025 03:00,302.7
02/05/2025 04:00,481.2
02/05/2025 05:00,763.7
02/05/2025 06:00,643.4
02/05/2025 07:00,414.0
02/05/2025 08:00,155.8
02/05/2025 09:00,94.2
02/05/2025 10:00,165.0
02/05/2025 11:00,469.0
02/05/2025 12:00,381.8
02/05/2025 13:00,364.2
02/05/2025 14:00,424.6
02/05/2025 15:00,708.8
02/05/2025 16:00,737.0
02/05/2025 17:00,651.4
02/05/2025 18:00,460.7
02/05/2025 19:00,521.4
02/05/2025 20:00,766.0
02/05/2025 21:00,937.1
02/05/2025 22:00,1090.5
02/05/2025 23:00,1210.4
03/05/2025 00:00,993.9
03/05/2025 01:00,827.4
03/05/2025 02:00,743.2
03/05/2025 03:00,586.8
03/05/2025 04:00,541.9
03/05/2025 05:00,402.6
03/05/2025 06:00,206.7
03/05/2025 07:00,113.2
03/05/2025 08:00,76.3
03/05/2025 09:00,69.2
03/05/2025 10:00,70.6
03/05/2025 11:00,82.5
03/05/2025 12:00,70.7
03/05/2025 13:00,87.6
03/05/2025 14:00,190.3
03/05/2025 15:00,445.9
03/05/2025 16:00,931.4
03/05/2025 17:00,1870.1
03/05/2025 18:00,3034.6
03/05/2025 19:00,3705.3
03/05/2025 20:00,3959.7
03/05/2025 21:00,3768.7
03/05/2025 22:00,3702.7
03/05/2025 23:00,3429.3
04/05/2025 00:00,2979.6
04/05/2025 01:00,2671.7
04/05/2025 02:00,2735.2
04/05/2025 03:00,2629.2
04/05/2025 04:00,2607.5
04/05/2025 05:00,2914.0
04/05/2025 06:00,2590.2
04/05/2025 07:00,2350.1
04/05/2025 08:00,2246.1
04/05/2025 09:00,1404.5
04/05/2025 10:00,1848.1
04/05/2025 11:00,1468.7
04/05/2025 12:00,1579.7
04/05/2025 13:00,1586.0
04/05/2025 14:00,1616.3
04/05/2025 15:00,1613.2
04/05/2025 16:00,2137.4
04/05/2025 17:00,2329.4
04/05/2025 18:00,2441.0
04/05/2025 19:00,2385.0
04/05/2025 20:00,2196.4
04/05/2025 21:00,2122.0
04/05/2025 22:00,2070.0
04/05/2025 23:00,2045.8
05/05/2025 00:00,2202.6
05/05/2025 01:00,1983.3
05/05/2025 02:00,1590.9
05/05/2025 03:00,1276.7
05/05/2025 04:00,1044.7
05/05/2025 05:00,1005.7
05/05/2025 06:00,901.9
05/05/2025 07:00,718.1
05/05/2025 08:00,1109.5
05/05/2025 09:00,1524.4
05/05/2025 10:00,2261.2
05/05/2025 11:00,2445.6
05/05/2025 12:00,2156.1
05/05/2025 13:00,2492.4
05/05/2025 14:00,3130.0
05/05/2025 15:00,3494.0
05/05/2025 16:00,3701.1
05/05/2025 17:00,3741.3
05/05/2025 18:00,3841.4
05/05/2025 19:00,3735.7
05/05/2025 20:00,3698.5
05/05/2025 21:00,3564.5
05/05/2025 22:00,3332.4
05/05/2025 23:00,3058.7
06/05/2025 00:00,2827.3
06/05/2025 01:00,2468.0
06/05/2025 02:00,2155.0
06/05/2025 03:00,1944.1
06/05/2025 04:00,1915.6
06/05/2025 05:00,1745.7
06/05/2025 06:00,1754.6
06/05/2025 07:00,1432.8
06/05/2025 08:00,1289.2
06/05/2025 09:00,965.3
06/05/2025 10:00,1035.3
06/05/2025 11:00,846.7
06/05/2025 12:00,894.1
06/05/2025 13:00,904.6
06/05/2025 14:00,1085.0
06/05/2025 15:00,1701.9
06/05/2025 16:00,2213.8
06/05/2025 17:00,2655.3
06/05/2025 18:00,2892.7
06/05/2025 19:00,2811.8
06/05/2025 20:00,2519.7
06/05/2025 21:00,2444.9
06/05/2025 22:00,2306.7
06/05/2025 23:00,2205.2
07/05/2025 00:00,1967.9
07/05/2025 01:00,1740.7
07/05/2025 02:00,1444.4
07/05/2025 03:00,1606.1
07/05/2025 04:00,1564.6
07/05/2025 05:00,1459.1
07/05/2025 06:00,1511.6
07/05/2025 07:00,1449.4
07/05/2025 08:00,1459.5
07/05/2025 09:00,1355.6
07/05/2025 10:00,1186.7
07/05/2025 11:00,927.7
07/05/2025 12:00,850.1
07/05/2025 13:00,1090.6
07/05/2025 14:00,1169.9
07/05/2025 15:00,1412.0
07/05/2025 16:00,1841.9
07/05/2025 17:00,2230.7
07/05/2025 18:00,2507.3
07/05/2025 19:00,2530.8
07/05/2025 20:00,2554.2
07/05/2025 21:00,2601.1
07/05/2025 22:00,2743.6
07/05/2025 23:00,2681.9
08/05/2025 00:00,2376.9
08/05/2025 01:00,2352.4
08/05/2025 02:00,2150.0
08/05/2025 03:00,2031.0
08/05/2025 04:00,1768.8
08/05/2025 05:00,1675.6
08/05/2025 06:00,1697.2
08/05/2025 07:00,1799.0
08/05/2025 08:00,1721.9
08/05/2025 09:00,1568.2
08/05/2025 10:00,1414.4
08/05/2025 11:00,1392.8
08/05/2025 12:00,1204.1
08/05/2025 13:00,1204.1
08/05/2025 14:00,1299.4
08/05/2025 15:00,1426.2
08/05/2025 16:00,1488.0
08/05/2025 17:00,1810.3
08/05/2025 18:00,2231.7
08/05/2025 19:00,2291.8
08/05/2025 20:00,2168.8
08/05/2025 21:00,1965.6
08/05/2025 22:00,1797.6
08/05/2025 23:00,2154.7
09/05/2025 00:00,1995.2
09/05/2025 01:00,1721.0
09/05/2025 02:00,1501.2
09/05/2025 03:00,1460.9
09/05/2025 04:00,1412.6
09/05/2025 05:00,1129.7
09/05/2025 06:00,826.9
09/05/2025 07:00,599.9
09/05/2025 08:00,548.8
09/05/2025 09:00,561.1
09/05/2025 10:00,561.1
09/05/2025 11:00,458.6
09/05/2025 12:00,240.1
09/05/2025 13:00,314.6
09/05/2025 14:00,446.1
09/05/2025 15:00,406.2
09/05/2025 16:00,1525.2
09/05/2025 17:00,2778.3
09/05/2025 18:00,3087.2
09/05/2025 19:00,3195.8
09/05/2025 20:00,3200.4
09/05/2025 21:00,3022.3
09/05/2025 22:00,2773.4
09/05/2025 23:00,2800.7
10/05/2025 00:00,2659.2
10/05/2025 01:00,2357.8
10/05/2025 02:00,2138.1
10/05/2025 03:00,1816.4
10/05/2025 04:00,1396.7
10/05/2025 05:00,1132.4
10/05/2025 06:00,919.5
10/05/2025 07:00,651.5
10/05/2025 08:00,413.1
10/05/2025 09:00,240.3
10/05/2025 10:00,199.0
10/05/2025 11:00,163.5
10/05/2025 12:00,89.6
10/05/2025 13:00,151.4
10/05/2025 14:00,267.2
10/05/2025 15:00,349.1
10/05/2025 16:00,819.3
10/05/2025 17:00,1708.8
10/05/2025 18:00,2128.4
10/05/2025 19:00,2342.2
10/05/2025 20:00,2516.5
10/05/2025 21:00,2468.4
10/05/2025 22:00,2433.3
10/05/2025 23:00,2365.8
11/05/2025 00:00,2460.5
11/05/2025 01:00,2818.9
11/05/2025 02:00,2804.9
11/05/2025 03:00,2389.9
11/05/2025 04:00,1957.0
11/05/2025 05:00,1631.0
11/05/2025 06:00,1420.0
11/05/2025 07:00,1310.0
11/05/2025 08:00,1234.0
11/05/2025 09:00,1037.2
11/05/2025 10:00,575.4
11/05/2025 11:00,521.1
11/05/2025 12:00,350.7
11/05/2025 13:00,358.4
11/05/2025 14:00,344.3
11/05/2025 15:00,376.3
11/05/2025 16:00,517.2
11/05/2025 17:00,836.1
11/05/2025 18:00,1329.5
11/05/2025 19:00,1570.4
11/05/2025 20:00,1852.8
11/05/2025 21:00,1984.6
11/05/2025 22:00,2403.4
11/05/2025 23:00,3059.4
12/05/2025 00:00,3444.9
12/05/2025 01:00,3444.1
12/05/2025 02:00,3126.8
12/05/2025 03:00,2777.6
12/05/2025 04:00,2374.5
12/05/2025 05:00,2072.2
12/05/2025 06:00,2163.1
12/05/2025 07:00,2000.1
12/05/2025 08:00,1737.6
12/05/2025 09:00,1360.5
12/05/2025 10:00,914.2
12/05/2025 11:00,1041.9
12/05/2025 12:00,835.1
12/05/2025 13:00,913.6
12/05/2025 14:00,860.3
12/05/2025 15:00,887.8
12/05/2025 16:00,1237.6
12/05/2025 17:00,2161.5
12/05/2025 18:00,2653.0
12/05/2025 19:00,3028.5
12/05/2025 20:00,3099.6
12/05/2025 21:00,2618.9
12/05/2025 22:00,2433.1
12/05/2025 23:00,2617.0
13/05/2025 00:00,2854.5
13/05/2025 01:00,2364.9
13/05/2025 02:00,1943.1
13/05/2025 03:00,2052.5
13/05/2025 04:00,2289.5
13/05/2025 05:00,2181.5
13/05/2025 06:00,1995.5
13/05/2025 07:00,1813.9
13/05/2025 08:00,1352.7
13/05/2025 09:00,1088.8
13/05/2025 10:00,712.4
13/05/2025 11:00,395.3
13/05/2025 12:00,455.6
13/05/2025 13:00,512.0
13/05/2025 14:00,469.5
13/05/2025 15:00,551.6
13/05/2025 16:00,1559.3
13/05/2025 17:00,2248.1
13/05/2025 18:00,2828.9
13/05/2025 19:00,3051.6
13/05/2025 20:00,3222.3
13/05/2025 21:00,3372.5
13/05/2025 22:00,3137.8
13/05/2025 23:00,2994.6
14/05/2025 00:00,2782.5
14/05/2025 01:00,2055.0
14/05/2025 02:00,1457.7
14/05/2025 03:00,1128.4
14/05/2025 04:00,894.9
14/05/2025 05:00,817.2
14/05/2025 06:00,886.3
14/05/2025 07:00,824.6
14/05/2025 08:00,906.9
14/05/2025 09:00,929.3
14/05/2025 10:00,866.6
14/05/2025 11:00,818.0
14/05/2025 12:00,1093.1
14/05/2025 13:00,1375.5
14/05/2025 14:00,933.2
14/05/2025 15:00,1287.8
14/05/2025 16:00,1851.3
14/05/2025 17:00,2151.2
14/05/2025 18:00,2713.1
14/05/2025 19:00,2695.9
14/05/2025 20:00,2848.4
14/05/2025 21:00,2836.4
14/05/2025 22:00,3101.4
14/05/2025 23:00,3096.5
15/05/2025 00:00,2930.9
15/05/2025 01:00,2790.0
15/05/2025 02:00,2558.1
15/05/2025 03:00,2519.1
15/05/2025 04:00,2473.5
15/05/2025 05:00,2340.9
15/05/2025 06:00,2440.9
15/05/2025 07:00,2352.7
15/05/2025 08:00,1899.5
15/05/2025 09:00,1717.1
15/05/2025 10:00,1122.7
15/05/2025 11:00,575.0
15/05/2025 12:00,560.5
15/05/2025 13:00,944.0
15/05/2025 14:00,1030.0
15/05/2025 15:00,1224.7
15/05/2025 16:00,1879.7
15/05/2025 17:00,2414.2
15/05/2025 18:00,3205.7
15/05/2025 19:00,3516.8
15/05/2025 20:00,3600.2
15/05/2025 21:00,3413.4
15/05/2025 22:00,3266.4
15/05/2025 23:00,3085.3
16/05/2025 00:00,2836.7
16/05/2025 01:00,2329.3
16/05/2025 02:00,1801.4
16/05/2025 03:00,1251.8
16/05/2025 04:00,989.4
16/05/2025 05:00,947.3
16/05/2025 06:00,1037.2
16/05/2025 07:00,1111.2
16/05/2025 08:00,1071.5
16/05/2025 09:00,1095.2
16/05/2025 10:00,1132.3
16/05/2025 11:00,1297.7
16/05/2025 12:00,1138.8
16/05/2025 13:00,1053.5
16/05/2025 14:00,1150.9
16/05/2025 15:00,1267.7
16/05/2025 16:00,1753.6
16/05/2025 17:00,2510.4
16/05/2025 18:00,2709.9
16/05/2025 19:00,2744.3
16/05/2025 20:00,2583.6
16/05/2025 21:00,2455.6
16/05/2025 22:00,2351.0
16/05/2025 23:00,2433.4
17/05/2025 00:00,2416.0
17/05/2025 01:00,2207.0
17/05/2025 02:00,1897.3
17/05/2025 03:00,1593.4
17/05/2025 04:00,1570.8
17/05/2025 05:00,1595.6
17/05/2025 06:00,1616.2
17/05/2025 07:00,1413.0
17/05/2025 08:00,1326.6
17/05/2025 09:00,1150.7
17/05/2025 10:00,1283.2
17/05/2025 11:00,895.1
17/05/2025 12:00,700.7
17/05/2025 13:00,710.1
17/05/2025 14:00,775.8
17/05/2025 15:00,745.2
17/05/2025 16:00,944.9
17/05/2025 17:00,1337.9
17/05/2025 18:00,1259.1
17/05/2025 19:00,1217.4
17/05/2025 20:00,1101.4
17/05/2025 21:00,1440.4
17/05/2025 22:00,1758.1
17/05/2025 23:00,1714.7
18/05/2025 00:00,1629.3
18/05/2025 01:00,1408.9
18/05/2025 02:00,1317.0
18/05/2025 03:00,1104.6
18/05/2025 04:00,986.6
18/05/2025 05:00,927.2
18/05/2025 06:00,849.3
18/05/2025 07:00,632.8
18/05/2025 08:00,478.6
18/05/2025 09:00,363.8
18/05/2025 10:00,390.8
18/05/2025 11:00,325.3
18/05/2025 12:00,286.8
18/05/2025 13:00,275.9
18/05/2025 14:00,363.3
18/05/2025 15:00,488.6
18/05/2025 16:00,1021.9
18/05/2025 17:00,994.1
18/05/2025 18:00,961.0
18/05/2025 19:00,966.1
18/05/2025 20:00,876.7
18/05/2025 21:00,748.5
18/05/2025 22:00,580.6
18/05/2025 23:00,475.7
19/05/2025 00:00,384.5
19/05/2025 01:00,296.8
19/05/2025 02:00,300.7
19/05/2025 03:00,354.9
19/05/2025 04:00,424.3
19/05/2025 05:00,468.5
19/05/2025 06:00,527.9
19/05/2025 07:00,498.2
19/05/2025 08:00,366.1
19/05/2025 09:00,297.5
19/05/2025 10:00,207.6
19/05/2025 11:00,203.1
19/05/2025 12:00,346.7
19/05/2025 13:00,445.1
19/05/2025 14:00,629.3
19/05/2025 15:00,808.8
19/05/2025 16:00,1428.0
19/05/2025 17:00,2029.9
19/05/2025 18:00,2093.5
19/05/2025 19:00,1986.1
19/05/2025 20:00,1938.9
19/05/2025 21:00,1892.6
19/05/2025 22:00,1630.3
19/05/2025 23:00,1421.9
20/05/2025 00:00,1222.8
20/05/2025 01:00,1150.1
20/05/2025 02:00,1117.8
20/05/2025 03:00,997.1
20/05/2025 04:00,795.0
20/05/2025 05:00,671.5
20/05/2025 06:00,518.1
20/05/2025 07:00,373.6
20/05/2025 08:00,258.6
20/05/2025 09:00,234.9
20/05/2025 10:00,291.1
20/05/2025 11:00,296.5
20/05/2025 12:00,301.5
20/05/2025 13:00,307.2
20/05/2025 14:00,306.3
20/05/2025 15:00,556.9
20/05/2025 16:00,864.3
20/05/2025 17:00,1181.8
20/05/2025 18:00,1137.0
20/05/2025 19:00,1060.8
20/05/2025 20:00,895.2
20/05/2025 21:00,655.7
20/05/2025 22:00,584.7
20/05/2025 23:00,532.4
21/05/2025 00:00,448.9
21/05/2025 01:00,437.1
21/05/2025 02:00,486.4
21/05/2025 03:00,634.3
21/05/2025 04:00,927.8
21/05/2025 05:00,1024.9
21/05/2025 06:00,1032.2
21/05/2025 07:00,874.7
21/05/2025 08:00,735.8
21/05/2025 09:00,574.1
21/05/2025 10:00,598.0
21/05/2025 11:00,613.4
21/05/2025 12:00,753.6
21/05/2025 13:00,1011.4
21/05/2025 14:00,1059.3
21/05/2025 15:00,1506.2
21/05/2025 16:00,1829.0
21/05/2025 17:00,2184.0
21/05/2025 18:00,2230.0
21/05/2025 19:00,2397.1
21/05/2025 20:00,2427.8
21/05/2025 21:00,2099.8
21/05/2025 22:00,1893.6
21/05/2025 23:00,1847.3
22/05/2025 00:00,1851.3
22/05/2025 01:00,1869.1
22/05/2025 02:00,2033.9
22/05/2025 03:00,2186.0
22/05/2025 04:00,2216.6
22/05/2025 05:00,2332.9
22/05/2025 06:00,2449.1
22/05/2025 07:00,2626.1
22/05/2025 08:00,2467.6
22/05/2025 09:00,2172.9
22/05/2025 10:00,2337.6
22/05/2025 11:00,2164.0
22/05/2025 12:00,2369.5
22/05/2025 13:00,2205.9
22/05/2025 14:00,2159.6
22/05/2025 15:00,2063.6
22/05/2025 16:00,2147.1
22/05/2025 17:00,2310.2
22/05/2025 18:00,2282.3
22/05/2025 19:00,2422.1
22/05/2025 20:00,2389.9
22/05/2025 21:00,2365.4
22/05/2025 22:00,2524.6
22/05/2025 23:00,2433.2
23/05/2025 00:00,2491.6
23/05/2025 01:00,2625.7
23/05/2025 02:00,2847.8
23/05/2025 03:00,3009.5
23/05/2025 04:00,3091.6
23/05/2025 05:00,3404.3
23/05/2025 06:00,3445.1
23/05/2025 07:00,3402.3
23/05/2025 08:00,3119.9
23/05/2025 09:00,2945.7
23/05/2025 10:00,2513.9
23/05/2025 11:00,2334.0
23/05/2025 12:00,2082.1
23/05/2025 13:00,1719.6
23/05/2025 14:00,1778.2
23/05/2025 15:00,1274.7
23/05/2025 16:00,1562.5
23/05/2025 17:00,1545.3
23/05/2025 18:00,1167.7
23/05/2025 19:00,779.2
23/05/2025 20:00,638.9
23/05/2025 21:00,817.2
23/05/2025 22:00,1261.2
23/05/2025 23:00,1374.1
24/05/2025 00:00,1818.6
24/05/2025 01:00,2580.2
24/05/2025 02:00,3183.5
24/05/2025 03:00,3320.9
24/05/2025 04:00,3280.4
24/05/2025 05:00,3213.1
24/05/2025 06:00,3008.0
24/05/2025 07:00,2802.6
24/05/2025 08:00,2527.2
24/05/2025 09:00,2149.7
24/05/2025 10:00,1728.7
24/05/2025 11:00,1404.2
24/05/2025 12:00,2048.7
24/05/2025 13:00,1744.2
24/05/2025 14:00,2110.5
24/05/2025 15:00,1505.6
24/05/2025 16:00,2123.3
24/05/2025 17:00,3307.2
24/05/2025 18:00,3864.1
24/05/2025 19:00,3844.2
24/05/2025 20:00,3760.0
24/05/2025 21:00,3901.1
24/05/2025 22:00,4023.2
24/05/2025 23:00,4243.0
25/05/2025 00:00,4239.7
25/05/2025 01:00,4299.4
25/05/2025 02:00,4252.3
25/05/2025 03:00,4313.7
25/05/2025 04:00,4273.5
25/05/2025 05:00,4334.2
25/05/2025 06:00,4218.8
25/05/2025 07:00,4173.0
25/05/2025 08:00,4216.8
25/05/2025 09:00,3755.0
25/05/2025 10:00,3606.3
25/05/2025 11:00,2518.4
25/05/2025 12:00,1776.6
25/05/2025 13:00,1718.8
25/05/2025 14:00,1788.1
25/05/2025 15:00,1952.8
25/05/2025 16:00,1283.1
25/05/2025 17:00,819.1
25/05/2025 18:00,785.5
25/05/2025 19:00,777.7
25/05/2025 20:00,993.0
25/05/2025 21:00,1297.4
25/05/2025 22:00,1542.1
25/05/2025 23:00,1728.2
26/05/2025 00:00,2256.0
26/05/2025 01:00,2447.1
26/05/2025 02:00,3064.3
26/05/2025 03:00,3249.1
26/05/2025 04:00,2784.9
26/05/2025 05:00,2144.9
26/05/2025 06:00,2279.6
26/05/2025 07:00,2179.0
26/05/2025 08:00,1896.1
26/05/2025 09:00,1551.3
26/05/2025 10:00,1612.4
26/05/2025 11:00,1553.3
26/05/2025 12:00,1399.7
26/05/2025 13:00,1904.8
26/05/2025 14:00,2191.7
26/05/2025 15:00,2173.9
26/05/2025 16:00,2402.4
26/05/2025 17:00,3403.7
26/05/2025 18:00,3737.4
26/05/2025 19:00,4293.5
26/05/2025 20:00,4308.3
26/05/2025 21:00,4312.6
26/05/2025 22:00,4343.8
26/05/2025 23:00,4384.6
27/05/2025 00:00,4380.5
27/05/2025 01:00,4369.7
27/05/2025 02:00,4379.8
27/05/2025 03:00,4348.2
27/05/2025 04:00,4317.2
27/05/2025 05:00,4393.2
27/05/2025 06:00,4320.4
27/05/2025 07:00,4348.3
27/05/2025 08:00,4326.0
27/05/2025 09:00,4356.7
27/05/2025 10:00,3936.0
27/05/2025 11:00,3627.5
27/05/2025 12:00,3558.2
27/05/2025 13:00,2942.3
27/05/2025 14:00,3206.2
27/05/2025 15:00,3553.3
27/05/2025 16:00,3729.3
27/05/2025 17:00,3047.3
27/05/2025 18:00,3231.3
27/05/2025 19:00,3544.8
27/05/2025 20:00,3910.8
27/05/2025 21:00,3827.5
27/05/2025 22:00,3783.4
27/05/2025 23:00,3763.1
28/05/2025 00:00,3758.3
28/05/2025 01:00,3743.7
28/05/2025 02:00,3737.8
28/05/2025 03:00,3747.3
28/05/2025 04:00,3760.7
28/05/2025 05:00,3601.1
28/05/2025 06:00,3359.2
28/05/2025 07:00,3047.6
28/05/2025 08:00,2724.6
28/05/2025 09:00,2506.9
28/05/2025 10:00,2357.0
28/05/2025 11:00,2092.7
28/05/2025 12:00,1725.5
28/05/2025 13:00,888.8
28/05/2025 14:00,302.4
28/05/2025 15:00,260.8
28/05/2025 16:00,247.4
28/05/2025 17:00,266.1
28/05/2025 18:00,194.5
28/05/2025 19:00,210.4
28/05/2025 20:00,148.7
28/05/2025 21:00,201.2
28/05/2025 22:00,169.7
28/05/2025 23:00,152.6
29/05/2025 00:00,133.1
29/05/2025 01:00,125.7
29/05/2025 02:00,139.0
29/05/2025 03:00,121.1
29/05/2025 04:00,280.2
29/05/2025 05:00,509.4
29/05/2025 06:00,662.8
29/05/2025 07:00,926.8
29/05/2025 08:00,1310.8
29/05/2025 09:00,2094.8
29/05/2025 10:00,2143.7
29/05/2025 11:00,2727.1
29/05/2025 12:00,3309.4
29/05/2025 13:00,2026.0
29/05/2025 14:00,1957.0
29/05/2025 15:00,1987.7
29/05/2025 16:00,3057.1
29/05/2025 17:00,3618.8
29/05/2025 18:00,4376.7
29/05/2025 19:00,4378.3
29/05/2025 20:00,4387.8
29/05/2025 21:00,4394.1
29/05/2025 22:00,4380.8
29/05/2025 23:00,4332.9
30/05/2025 00:00,4192.9
30/05/2025 01:00,3958.9
30/05/2025 02:00,3755.9
30/05/2025 03:00,3527.9
30/05/2025 04:00,3332.4
30/05/2025 05:00,3299.9
30/05/2025 06:00,3214.9
30/05/2025 07:00,2932.7
30/05/2025 08:00,2839.0
30/05/2025 09:00,2178.3
30/05/2025 10:00,1607.7
30/05/2025 11:00,1514.8
30/05/2025 12:00,1536.6
30/05/2025 13:00,1316.3
30/05/2025 14:00,1341.7
30/05/2025 15:00,1925.7
30/05/2025 16:00,2096.9
30/05/2025 17:00,1670.9
30/05/2025 18:00,1910.0
30/05/2025 19:00,1538.2
30/05/2025 20:00,1204.7
30/05/2025 21:00,851.8
30/05/2025 22:00,706.9
30/05/2025 23:00,452.7
31/05/2025 00:00,266.9
31/05/2025 01:00,181.2
31/05/2025 02:00,194.2
31/05/2025 03:00,233.2
31/05/2025 04:00,247.2
31/05/2025 05:00,232.9
31/05/2025 06:00,212.1
31/05/2025 07:00,198.4
31/05/2025 08:00,150.9
31/05/2025 09:00,143.4
31/05/2025 10:00,152.1
31/05/2025 11:00,168.5
31/05/2025 12:00,117.8
31/05/2025 13:00,78.9
31/05/2025 14:00,62.8
31/05/2025 15:00,68.2
31/05/2025 16:00,73.7
31/05/2025 17:00,45.3
31/05/2025 18:00,16.0
31/05/2025 19:00,62.8
31/05/2025 20:00,235.8
31/05/2025 21:00,499.1
31/05/2025 22:00,926.9
31/05/2025 23:00,1046.2
01/06/2025 00:00,1236.8
01/06/2025 01:00,1594.1
01/06/2025 02:00,1786.2
01/06/2025 03:00,1850.2
01/06/2025 04:00,1714.4
01/06/2025 05:00,1636.3
01/06/2025 06:00,1384.5
01/06/2025 07:00,1450.0
01/06/2025 08:00,1244.4
01/06/2025 09:00,1028.6
01/06/2025 10:00,984.3
01/06/2025 11:00,732.1
01/06/2025 12:00,953.3
01/06/2025 13:00,1123.0
01/06/2025 14:00,1220.8
01/06/2025 15:00,1295.7
01/06/2025 16:00,2019.5
01/06/2025 17:00,2963.0
01/06/2025 18:00,2737.1
01/06/2025 19:00,2572.1
01/06/2025 20:00,2789.7
01/06/2025 21:00,2899.7
01/06/2025 22:00,3138.4
01/06/2025 23:00,3130.2
02/06/2025 00:00,2981.6
02/06/2025 01:00,2853.3
02/06/2025 02:00,2347.6
02/06/2025 03:00,1689.6
02/06/2025 04:00,1247.8
02/06/2025 05:00,1079.0
02/06/2025 06:00,724.7
02/06/2025 07:00,673.0
02/06/2025 08:00,648.4
02/06/2025 09:00,658.5
02/06/2025 10:00,640.9
02/06/2025 11:00,639.7
02/06/2025 12:00,557.1
02/06/2025 13:00,606.1
02/06/2025 14:00,508.9
02/06/2025 15:00,418.4
02/06/2025 16:00,286.2
02/06/2025 17:00,269.6
02/06/2025 18:00,202.2
02/06/2025 19:00,122.0
02/06/2025 20:00,106.7
02/06/2025 21:00,135.9
02/06/2025 22:00,234.2
02/06/2025 23:00,425.1
03/06/2025 00:00,808.6
03/06/2025 01:00,1205.4
03/06/2025 02:00,1455.8
03/06/2025 03:00,1532.4
03/06/2025 04:00,1784.0
03/06/2025 05:00,2063.8
03/06/2025 06:00,2170.3
03/06/2025 07:00,2301.4
03/06/2025 08:00,2604.6
03/06/2025 09:00,2641.7
03/06/2025 10:00,2177.9
03/06/2025 11:00,2166.4
03/06/2025 12:00,1805.2
03/06/2025 13:00,1935.5
03/06/2025 14:00,1759.7
03/06/2025 15:00,1972.2
03/06/2025 16:00,2392.6
03/06/2025 17:00,3331.5
03/06/2025 18:00,4288.5
03/06/2025 19:00,4380.1
03/06/2025 20:00,4382.8
03/06/2025 21:00,4380.5
03/06/2025 22:00,4226.2
03/06/2025 23:00,4125.9
04/06/2025 00:00,4150.9
04/06/2025 01:00,3783.8
04/06/2025 02:00,3722.5
04/06/2025 03:00,3282.8
04/06/2025 04:00,2786.1
04/06/2025 05:00,2507.3
04/06/2025 06:00,2043.4
04/06/2025 07:00,1852.2
04/06/2025 08:00,1556.5
04/06/2025 09:00,1300.0
04/06/2025 10:00,1462.8
04/06/2025 11:00,1685.6
04/06/2025 12:00,1754.3
04/06/2025 13:00,2010.3
04/06/2025 14:00,2116.4
04/06/2025 15:00,2426.4
04/06/2025 16:00,2574.2
04/06/2025 17:00,2690.0
04/06/2025 18:00,2800.7
04/06/2025 19:00,2735.1
04/06/2025 20:00,2742.1
04/06/2025 21:00,2890.4
04/06/2025 22:00,2968.1
04/06/2025 23:00,2946.4
05/06/2025 00:00,3215.3
05/06/2025 01:00,3505.0
05/06/2025 02:00,3607.8
05/06/2025 03:00,3366.6
05/06/2025 04:00,3415.1
05/06/2025 05:00,3492.8
05/06/2025 06:00,3311.3
05/06/2025 07:00,3137.1
05/06/2025 08:00,3008.6
05/06/2025 09:00,2497.6
05/06/2025 10:00,2757.9
05/06/2025 11:00,2902.6
05/06/2025 12:00,3113.8
05/06/2025 13:00,3370.5
05/06/2025 14:00,2694.4
05/06/2025 15:00,2595.4
05/06/2025 16:00,2441.6
05/06/2025 17:00,2183.3
05/06/2025 18:00,2308.1
05/06/2025 19:00,2446.6
05/06/2025 20:00,2864.3
05/06/2025 21:00,3096.8
05/06/2025 22:00,3663.4
05/06/2025 23:00,3277.3
06/06/2025 00:00,3078.0
06/06/2025 01:00,3463.1
06/06/2025 02:00,3661.9
06/06/2025 03:00,3874.2
06/06/2025 04:00,3940.8
06/06/2025 05:00,3917.6
06/06/2025 06:00,3870.3
06/06/2025 07:00,3783.4
06/06/2025 08:00,3370.7
06/06/2025 09:00,2676.2
06/06/2025 10:00,2722.9
06/06/2025 11:00,2143.4
06/06/2025 12:00,2098.7
06/06/2025 13:00,1967.6
06/06/2025 14:00,1839.4
06/06/2025 15:00,2023.5
06/06/2025 16:00,3345.7
06/06/2025 17:00,3452.7
06/06/2025 18:00,3074.5
06/06/2025 19:00,2529.9
06/06/2025 20:00,1666.1
06/06/2025 21:00,1681.4
06/06/2025 22:00,1864.9
06/06/2025 23:00,1907.8
07/06/2025 00:00,2098.9
07/06/2025 01:00,2203.0
07/06/2025 02:00,1597.1
07/06/2025 03:00,1649.4
07/06/2025 04:00,1680.9
07/06/2025 05:00,1755.8
07/06/2025 06:00,968.9
07/06/2025 07:00,555.6
07/06/2025 08:00,550.1
07/06/2025 09:00,731.0
07/06/2025 10:00,835.3
07/06/2025 11:00,1035.6
07/06/2025 12:00,1267.3
07/06/2025 13:00,1773.1
07/06/2025 14:00,1913.9
07/06/2025 15:00,2706.5
07/06/2025 16:00,1909.4
07/06/2025 17:00,2457.1
07/06/2025 18:00,2429.7
07/06/2025 19:00,2293.3
07/06/2025 20:00,2121.6
07/06/2025 21:00,1830.5
07/06/2025 22:00,1661.0
07/06/2025 23:00,1419.7
08/06/2025 00:00,687.1
08/06/2025 01:00,1112.4
08/06/2025 02:00,2091.2
08/06/2025 03:00,2221.7
08/06/2025 04:00,2154.8
08/06/2025 05:00,1731.1
08/06/2025 06:00,1780.1
08/06/2025 07:00,1370.6
08/06/2025 08:00,1575.4
08/06/2025 09:00,2102.8
08/06/2025 10:00,1803.7
08/06/2025 11:00,1594.8
08/06/2025 12:00,1103.7
08/06/2025 13:00,1121.9
08/06/2025 14:00,1059.1
08/06/2025 15:00,1184.4
08/06/2025 16:00,1326.7
08/06/2025 17:00,1281.9
08/06/2025 18:00,1840.9
08/06/2025 19:00,1416.4
08/06/2025 20:00,1407.8
08/06/2025 21:00,1409.8
08/06/2025 22:00,1683.2
08/06/2025 23:00,2050.9
09/06/2025 00:00,1661.8
09/06/2025 01:00,1565.2
09/06/2025 02:00,1483.0
09/06/2025 03:00,1214.1
09/06/2025 04:00,1230.8
09/06/2025 05:00,1044.5
09/06/2025 06:00,609.4
09/06/2025 07:00,430.2
09/06/2025 08:00,418.1
09/06/2025 09:00,501.8
09/06/2025 10:00,494.5
09/06/2025 11:00,440.6
09/06/2025 12:00,521.8
09/06/2025 13:00,765.1
09/06/2025 14:00,533.2
09/06/2025 15:00,583.5
09/06/2025 16:00,1016.1
09/06/2025 17:00,1238.3
09/06/2025 18:00,1638.2
09/06/2025 19:00,1640.0
09/06/2025 20:00,1741.8
09/06/2025 21:00,2057.9
09/06/2025 22:00,2384.5
09/06/2025 23:00,2798.8
10/06/2025 00:00,3144.5
10/06/2025 01:00,3426.1
10/06/2025 02:00,3978.5
10/06/2025 03:00,4106.8
10/06/2025 04:00,4097.5
10/06/2025 05:00,4210.7
10/06/2025 06:00,4200.8
10/06/2025 07:00,4250.8
10/06/2025 08:00,4287.1
10/06/2025 09:00,4196.2
10/06/2025 10:00,4057.7
10/06/2025 11:00,3891.2
10/06/2025 12:00,3745.0
10/06/2025 13:00,4060.7
10/06/2025 14:00,3663.5
10/06/2025 15:00,3337.2
10/06/2025 16:00,2067.7
10/06/2025 17:00,1626.7
10/06/2025 18:00,1750.9
10/06/2025 19:00,1498.6
10/06/2025 20:00,1326.5
10/06/2025 21:00,1173.1
10/06/2025 22:00,947.0
10/06/2025 23:00,678.5
11/06/2025 00:00,516.1
11/06/2025 01:00,321.4
11/06/2025 02:00,239.7
11/06/2025 03:00,177.6
11/06/2025 04:00,141.0
11/06/2025 05:00,128.3
11/06/2025 06:00,72.0
11/06/2025 07:00,40.1
11/06/2025 08:00,61.7
11/06/2025 09:00,67.2
11/06/2025 10:00,130.0
11/06/2025 11:00,105.7
11/06/2025 12:00,74.3
11/06/2025 13:00,16.3
11/06/2025 14:00,31.4
11/06/2025 15:00,91.8
11/06/2025 16:00,381.0
11/06/2025 17:00,674.5
11/06/2025 18:00,840.7
11/06/2025 19:00,988.8
11/06/2025 20:00,1433.6
11/06/2025 21:00,1612.6
11/06/2025 22:00,2199.5
11/06/2025 23:00,2985.8
12/06/2025 00:00,2844.5
12/06/2025 01:00,2824.1
12/06/2025 02:00,2967.4
12/06/2025 03:00,2951.1
12/06/2025 04:00,2847.0
12/06/2025 05:00,2675.3
12/06/2025 06:00,2859.4
12/06/2025 07:00,3031.3
12/06/2025 08:00,2895.0
12/06/2025 09:00,2532.1
12/06/2025 10:00,1730.8
12/06/2025 11:00,1075.7
12/06/2025 12:00,984.2
12/06/2025 13:00,1120.1
12/06/2025 14:00,1184.8
12/06/2025 15:00,1499.6
12/06/2025 16:00,1737.6
12/06/2025 17:00,2856.3
12/06/2025 18:00,2950.3
12/06/2025 19:00,2549.9
12/06/2025 20:00,2461.3
12/06/2025 21:00,2377.6
12/06/2025 22:00,2408.6
12/06/2025 23:00,1923.8
13/06/2025 00:00,1387.7
13/06/2025 01:00,1230.9
13/06/2025 02:00,1011.9
13/06/2025 03:00,826.1
13/06/2025 04:00,664.9
13/06/2025 05:00,601.6
13/06/2025 06:00,597.2
13/06/2025 07:00,547.9
13/06/2025 08:00,508.8
13/06/2025 09:00,385.2
13/06/2025 10:00,141.1
13/06/2025 11:00,94.1
13/06/2025 12:00,105.1
13/06/2025 13:00,60.9
13/06/2025 14:00,134.6
13/06/2025 15:00,288.8
13/06/2025 16:00,316.2
13/06/2025 17:00,516.8
13/06/2025 18:00,797.6
13/06/2025 19:00,1118.7
13/06/2025 20:00,1372.8
13/06/2025 21:00,1718.3
13/06/2025 22:00,2463.8
13/06/2025 23:00,3331.3
14/06/2025 00:00,3686.1
14/06/2025 01:00,3493.6
14/06/2025 02:00,3103.0
14/06/2025 03:00,2241.1
14/06/2025 04:00,1282.9
14/06/2025 05:00,658.3
14/06/2025 06:00,733.8
14/06/2025 07:00,950.3
14/06/2025 08:00,1072.9
14/06/2025 09:00,990.9
14/06/2025 10:00,1094.1
14/06/2025 11:00,981.6
14/06/2025 12:00,1329.7
14/06/2025 13:00,818.6
14/06/2025 14:00,1461.4
14/06/2025 15:00,1720.7
14/06/2025 16:00,2535.9
14/06/2025 17:00,3010.1
14/06/2025 18:00,3389.2
14/06/2025 19:00,3405.9
14/06/2025 20:00,3587.9
14/06/2025 21:00,3468.0
14/06/2025 22:00,2782.7
14/06/2025 23:00,2085.2
15/06/2025 00:00,1980.8
15/06/2025 01:00,2059.5
15/06/2025 02:00,1965.7
15/06/2025 03:00,1896.9
15/06/2025 04:00,1691.2
15/06/2025 05:00,1608.6
15/06/2025 06:00,1338.8
15/06/2025 07:00,1214.7
15/06/2025 08:00,995.7
15/06/2025 09:00,775.3
15/06/2025 10:00,574.4
15/06/2025 11:00,689.2
15/06/2025 12:00,556.4
15/06/2025 13:00,449.8
15/06/2025 14:00,273.9
15/06/2025 15:00,426.4
15/06/2025 16:00,606.8
15/06/2025 17:00,707.9
15/06/2025 18:00,935.9
15/06/2025 19:00,1053.4
15/06/2025 20:00,821.4
15/06/2025 21:00,703.4
15/06/2025 22:00,549.1
15/06/2025 23:00,444.8
16/06/2025 00:00,506.3
16/06/2025 01:00,543.9
16/06/2025 02:00,412.8
16/06/2025 03:00,281.4
16/06/2025 04:00,337.4
16/06/2025 05:00,397.5
16/06/2025 06:00,377.8
16/06/2025 07:00,304.5
16/06/2025 08:00,293.7
16/06/2025 09:00,409.5
16/06/2025 10:00,205.3
16/06/2025 11:00,174.7
16/06/2025 12:00,211.8
16/06/2025 13:00,129.9
16/06/2025 14:00,195.9
16/06/2025 15:00,205.8
16/06/2025 16:00,143.7
16/06/2025 17:00,157.4
16/06/2025 18:00,95.9
16/06/2025 19:00,64.8
16/06/2025 20:00,32.4
16/06/2025 21:00,15.2
16/06/2025 22:00,21.8
16/06/2025 23:00,54.3
17/06/2025 00:00,112.4
17/06/2025 01:00,151.0
17/06/2025 02:00,165.7
17/06/2025 03:00,215.8
17/06/2025 04:00,235.7
17/06/2025 05:00,343.4
17/06/2025 06:00,570.3
17/06/2025 07:00,744.8
17/06/2025 08:00,983.1
17/06/2025 09:00,1045.4
17/06/2025 10:00,932.6
17/06/2025 11:00,905.0
17/06/2025 12:00,842.8
17/06/2025 13:00,772.0
17/06/2025 14:00,553.1
17/06/2025 15:00,517.2
17/06/2025 16:00,601.6
17/06/2025 17:00,608.3
17/06/2025 18:00,508.3
17/06/2025 19:00,355.8
17/06/2025 20:00,285.1
17/06/2025 21:00,268.9
17/06/2025 22:00,325.9
17/06/2025 23:00,450.0
18/06/2025 00:00,576.7
18/06/2025 01:00,617.9
18/06/2025 02:00,624.2
18/06/2025 03:00,600.8
18/06/2025 04:00,583.8
18/06/2025 05:00,405.1
18/06/2025 06:00,190.8
18/06/2025 07:00,70.1
18/06/2025 08:00,411.3
18/06/2025 09:00,457.5
18/06/2025 10:00,397.0
18/06/2025 11:00,231.7
18/06/2025 12:00,262.1
18/06/2025 13:00,176.9
18/06/2025 14:00,143.8
18/06/2025 15:00,146.4
18/06/2025 16:00,178.0
18/06/2025 17:00,222.8
18/06/2025 18:00,232.1
18/06/2025 19:00,166.5
18/06/2025 20:00,130.7
18/06/2025 21:00,114.4
18/06/2025 22:00,71.7
18/06/2025 23:00,78.8
19/06/2025 00:00,94.5
19/06/2025 01:00,118.5
19/06/2025 02:00,98.6
19/06/2025 03:00,187.2
19/06/2025 04:00,177.7
19/06/2025 05:00,185.8
19/06/2025 06:00,192.6
19/06/2025 07:00,174.6
19/06/2025 08:00,202.2
19/06/2025 09:00,188.8
19/06/2025 10:00,83.8
19/06/2025 11:00,49.2
19/06/2025 12:00,40.8
19/06/2025 13:00,61.5
19/06/2025 14:00,155.8
19/06/2025 15:00,219.1
19/06/2025 16:00,374.7
19/06/2025 17:00,420.7
19/06/2025 18:00,601.9
19/06/2025 19:00,770.7
19/06/2025 20:00,902.9
19/06/2025 21:00,916.9
19/06/2025 22:00,950.4
19/06/2025 23:00,1013.4
20/06/2025 00:00,967.4
20/06/2025 01:00,980.0
20/06/2025 02:00,957.9
20/06/2025 03:00,969.3
20/06/2025 04:00,1005.2
20/06/2025 05:00,1054.4
20/06/2025 06:00,937.6
20/06/2025 07:00,675.9
20/06/2025 08:00,483.3
20/06/2025 09:00,282.0
20/06/2025 10:00,129.7
20/06/2025 11:00,52.1
20/06/2025 12:00,46.8
20/06/2025 13:00,21.9
20/06/2025 14:00,65.6
20/06/2025 15:00,196.5
20/06/2025 16:00,620.1
20/06/2025 17:00,1050.0
20/06/2025 18:00,1155.5
20/06/2025 19:00,965.9
20/06/2025 20:00,715.5
20/06/2025 21:00,613.8
20/06/2025 22:00,695.3
20/06/2025 23:00,971.6
21/06/2025 00:00,1142.6
21/06/2025 01:00,1426.4
21/06/2025 02:00,1480.4
21/06/2025 03:00,1237.8
21/06/2025 04:00,1086.9
21/06/2025 05:00,885.2
21/06/2025 06:00,653.0
21/06/2025 07:00,772.8
21/06/2025 08:00,539.1
21/06/2025 09:00,286.8
21/06/2025 10:00,155.4
21/06/2025 11:00,74.1
21/06/2025 12:00,39.6
21/06/2025 13:00,24.3
21/06/2025 14:00,3.1
21/06/2025 15:00,3.9
21/06/2025 16:00,27.1
21/06/2025 17:00,25.1
21/06/2025 18:00,33.4
21/06/2025 19:00,40.9
21/06/2025 20:00,140.3
21/06/2025 21:00,442.6
21/06/2025 22:00,718.9
21/06/2025 23:00,1050.8
22/06/2025 00:00,1528.5
22/06/2025 01:00,1797.3
22/06/2025 02:00,1948.4
22/06/2025 03:00,2245.1
22/06/2025 04:00,2645.2
22/06/2025 05:00,2900.1
22/06/2025 06:00,2972.6
22/06/2025 07:00,2195.9
22/06/2025 08:00,1549.4
22/06/2025 09:00,1323.9
22/06/2025 10:00,1082.9
22/06/2025 11:00,627.3
22/06/2025 12:00,1157.2
22/06/2025 13:00,910.4
22/06/2025 14:00,1034.0
22/06/2025 15:00,1087.7
22/06/2025 16:00,1188.8
22/06/2025 17:00,2579.6
22/06/2025 18:00,3811.8
22/06/2025 19:00,3848.1
22/06/2025 20:00,3959.5
22/06/2025 21:00,3971.4
22/06/2025 22:00,4121.1
22/06/2025 23:00,4175.0
23/06/2025 00:00,4173.3
23/06/2025 01:00,4099.8
23/06/2025 02:00,4153.3
23/06/2025 03:00,4064.6
23/06/2025 04:00,4057.1
23/06/2025 05:00,3737.3
23/06/2025 06:00,3441.7
23/06/2025 07:00,3461.4
23/06/2025 08:00,2901.6
23/06/2025 09:00,2978.5
23/06/2025 10:00,2309.9
23/06/2025 11:00,2451.7
23/06/2025 12:00,1692.8
23/06/2025 13:00,1581.0
23/06/2025 14:00,1417.5
23/06/2025 15:00,1203.2
23/06/2025 16:00,1244.1
23/06/2025 17:00,1410.0
23/06/2025 18:00,1918.9
23/06/2025 19:00,2051.7
23/06/2025 20:00,2215.6
23/06/2025 21:00,2325.9
23/06/2025 22:00,2145.6
23/06/2025 23:00,2014.4
24/06/2025 00:00,1903.8
24/06/2025 01:00,1760.5
24/06/2025 02:00,1830.8
24/06/2025 03:00,1764.4
24/06/2025 04:00,1753.4
24/06/2025 05:00,1922.3
24/06/2025 06:00,1971.0
24/06/2025 07:00,1956.8
24/06/2025 08:00,1780.9
24/06/2025 09:00,2138.0
24/06/2025 10:00,2432.3
24/06/2025 11:00,2605.5
24/06/2025 12:00,2926.4
24/06/2025 13:00,2506.4
24/06/2025 14:00,3026.9
24/06/2025 15:00,3150.3
24/06/2025 16:00,3270.3
24/06/2025 17:00,3254.0
24/06/2025 18:00,3035.7
24/06/2025 19:00,3402.7
24/06/2025 20:00,3583.3
24/06/2025 21:00,3571.1
24/06/2025 22:00,3385.3
24/06/2025 23:00,3161.3
25/06/2025 00:00,2996.3
25/06/2025 01:00,2769.4
25/06/2025 02:00,2625.2
25/06/2025 03:00,2296.9
25/06/2025 04:00,2155.7
25/06/2025 05:00,1764.8
25/06/2025 06:00,1433.9
25/06/2025 07:00,1222.9
25/06/2025 08:00,1042.7
25/06/2025 09:00,741.7
25/06/2025 10:00,495.1
25/06/2025 11:00,374.6
25/06/2025 12:00,317.1
25/06/2025 13:00,139.4
25/06/2025 14:00,124.2
25/06/2025 15:00,66.1
25/06/2025 16:00,28.9
25/06/2025 17:00,23.9
25/06/2025 18:00,1.4
25/06/2025 19:00,1.2
25/06/2025 20:00,0.5
25/06/2025 21:00,8.9
25/06/2025 22:00,45.9
25/06/2025 23:00,163.8
26/06/2025 00:00,395.1
26/06/2025 01:00,616.9
26/06/2025 02:00,778.4
26/06/2025 03:00,616.1
26/06/2025 04:00,383.8
26/06/2025 05:00,712.2
26/06/2025 06:00,959.1
26/06/2025 07:00,974.2
26/06/2025 08:00,1329.1
26/06/2025 09:00,1408.8
26/06/2025 10:00,1708.1
26/06/2025 11:00,1971.8
26/06/2025 12:00,2232.7
26/06/2025 13:00,2147.2
26/06/2025 14:00,2458.0
26/06/2025 15:00,2210.8
26/06/2025 16:00,3335.4
26/06/2025 17:00,3358.2
26/06/2025 18:00,3463.3
26/06/2025 19:00,3462.6
26/06/2025 20:00,3549.1
26/06/2025 21:00,3214.7
26/06/2025 22:00,1964.7
26/06/2025 23:00,1451.9
27/06/2025 00:00,1285.1
27/06/2025 01:00,1033.1
27/06/2025 02:00,826.1
27/06/2025 03:00,844.9
27/06/2025 04:00,1079.9
27/06/2025 05:00,1036.6
27/06/2025 06:00,693.4
27/06/2025 07:00,350.9
27/06/2025 08:00,416.0
27/06/2025 09:00,496.8
27/06/2025 10:00,633.6
27/06/2025 11:00,825.5
27/06/2025 12:00,1180.4
27/06/2025 13:00,1379.6
27/06/2025 14:00,1239.8
27/06/2025 15:00,1052.1
27/06/2025 16:00,1493.0
27/06/2025 17:00,1844.6
27/06/2025 18:00,2580.1
27/06/2025 19:00,3006.5
27/06/2025 20:00,3349.8
27/06/2025 21:00,3463.1
27/06/2025 22:00,3459.8
27/06/2025 23:00,3557.8
28/06/2025 00:00,3556.7
28/06/2025 01:00,3599.2
28/06/2025 02:00,3708.3
28/06/2025 03:00,3568.0
28/06/2025 04:00,3254.3
28/06/2025 05:00,2898.6
28/06/2025 06:00,2538.9
28/06/2025 07:00,2506.4
28/06/2025 08:00,2245.6
28/06/2025 09:00,1885.6
28/06/2025 10:00,1804.9
28/06/2025 11:00,2048.3
28/06/2025 12:00,2224.3
28/06/2025 13:00,1592.2
28/06/2025 14:00,1376.3
28/06/2025 15:00,2088.6
28/06/2025 16:00,2214.8
28/06/2025 17:00,2244.3
28/06/2025 18:00,3062.3
28/06/2025 19:00,3405.0
28/06/2025 20:00,3480.4
28/06/2025 21:00,3381.0
28/06/2025 22:00,3379.3
28/06/2025 23:00,3474.9
29/06/2025 00:00,3142.5
29/06/2025 01:00,2616.5
29/06/2025 02:00,2130.9
29/06/2025 03:00,1622.4
29/06/2025 04:00,1299.6
29/06/2025 05:00,1201.2
29/06/2025 06:00,1167.0
29/06/2025 07:00,922.3
29/06/2025 08:00,492.9
29/06/2025 09:00,260.4
29/06/2025 10:00,130.8
29/06/2025 11:00,141.3
29/06/2025 12:00,41.6
29/06/2025 13:00,91.7
29/06/2025 14:00,89.1
29/06/2025 15:00,84.1
29/06/2025 16:00,111.0
29/06/2025 17:00,103.9
29/06/2025 18:00,96.2
29/06/2025 19:00,88.4
29/06/2025 20:00,173.0
29/06/2025 21:00,217.6
29/06/2025 22:00,250.8
29/06/2025 23:00,327.3
30/06/2025 00:00,300.7
30/06/2025 01:00,318.7
30/06/2025 02:00,296.6
30/06/2025 03:00,206.7
30/06/2025 04:00,168.9
30/06/2025 05:00,225.2
30/06/2025 06:00,289.7
30/06/2025 07:00,249.9
30/06/2025 08:00,240.2
30/06/2025 09:00,226.4
30/06/2025 10:00,235.5
30/06/2025 11:00,280.9
30/06/2025 12:00,204.6
30/06/2025 13:00,181.6
30/06/2025 14:00,210.5
30/06/2025 15:00,185.6
30/06/2025 16:00,187.0
30/06/2025 17:00,202.9
30/06/2025 18:00,289.8
30/06/2025 19:00,328.4
30/06/2025 20:00,479.1
30/06/2025 21:00,775.2
30/06/2025 22:00,1059.6
30/06/2025 23:00,1267.1
01/07/2025 00:00,1622.2
01/07/2025 01:00,1883.8
01/07/2025 02:00,1964.2
01/07/2025 03:00,1961.0
01/07/2025 04:00,1724.9
01/07/2025 05:00,1306.0
01/07/2025 06:00,854.4
01/07/2025 07:00,619.1
01/07/2025 08:00,425.1
01/07/2025 09:00,187.8
01/07/2025 10:00,47.6
01/07/2025 11:00,13.8
01/07/2025 12:00,4.1
01/07/2025 13:00,21.6
01/07/2025 14:00,42.2
01/07/2025 15:00,69.5
01/07/2025 16:00,177.0
01/07/2025 17:00,245.0
01/07/2025 18:00,327.8
01/07/2025 19:00,508.7
01/07/2025 20:00,860.7
01/07/2025 21:00,1413.3
01/07/2025 22:00,1317.6
01/07/2025 23:00,731.1
02/07/2025 00:00,349.9
02/07/2025 01:00,243.2
02/07/2025 02:00,81.5
02/07/2025 03:00,137.0
02/07/2025 04:00,286.6
02/07/2025 05:00,225.6
02/07/2025 06:00,136.4
02/07/2025 07:00,48.7
02/07/2025 08:00,33.2
02/07/2025 09:00,91.1
02/07/2025 10:00,97.0
02/07/2025 11:00,67.9
02/07/2025 12:00,91.9
02/07/2025 13:00,731.1
02/07/2025 14:00,445.2
02/07/2025 15:00,434.0
02/07/2025 16:00,466.1
02/07/2025 17:00,1362.0
02/07/2025 18:00,1690.6
02/07/2025 19:00,2241.8
02/07/2025 20:00,2421.5
02/07/2025 21:00,1904.8
02/07/2025 22:00,1496.4
02/07/2025 23:00,1649.1
03/07/2025 00:00,2386.8
03/07/2025 01:00,2793.1
03/07/2025 02:00,2778.4
03/07/2025 03:00,3080.3
03/07/2025 04:00,3007.1
03/07/2025 05:00,2954.2
03/07/2025 06:00,2805.7
03/07/2025 07:00,2457.4
03/07/2025 08:00,1793.5
03/07/2025 09:00,1103.2
03/07/2025 10:00,653.9
03/07/2025 11:00,548.9
03/07/2025 12:00,311.7
03/07/2025 13:00,308.0
03/07/2025 14:00,126.4
03/07/2025 15:00,117.1
03/07/2025 16:00,115.4
03/07/2025 17:00,114.9
03/07/2025 18:00,92.9
03/07/2025 19:00,66.6
03/07/2025 20:00,43.5
03/07/2025 21:00,52.4
03/07/2025 22:00,35.2
03/07/2025 23:00,49.4
04/07/2025 00:00,74.5
04/07/2025 01:00,128.7
04/07/2025 02:00,258.5
04/07/2025 03:00,375.6
04/07/2025 04:00,458.1
04/07/2025 05:00,604.9
04/07/2025 06:00,839.6
04/07/2025 07:00,1153.0
04/07/2025 08:00,1314.7
04/07/2025 09:00,1143.7
04/07/2025 10:00,702.4
04/07/2025 11:00,321.1
04/07/2025 12:00,178.2
04/07/2025 13:00,184.1
04/07/2025 14:00,286.0
04/07/2025 15:00,418.0
04/07/2025 16:00,826.5
04/07/2025 17:00,1408.8
04/07/2025 18:00,1860.2
04/07/2025 19:00,2341.7
04/07/2025 20:00,3069.9
04/07/2025 21:00,3642.0
04/07/2025 22:00,4006.4
04/07/2025 23:00,4091.5
05/07/2025 00:00,3852.8
05/07/2025 01:00,3546.9
05/07/2025 02:00,3335.2
05/07/2025 03:00,2873.1
05/07/2025 04:00,2788.6
05/07/2025 05:00,2883.0
05/07/2025 06:00,2686.6
05/07/2025 07:00,3131.7
05/07/2025 08:00,3084.9
05/07/2025 09:00,2398.5
05/07/2025 10:00,1920.7
05/07/2025 11:00,2187.6
05/07/2025 12:00,1735.9
05/07/2025 13:00,1947.3
05/07/2025 14:00,2160.4
05/07/2025 15:00,2784.5
05/07/2025 16:00,2057.8
05/07/2025 17:00,3166.0
05/07/2025 18:00,3996.1
05/07/2025 19:00,4105.4
05/07/2025 20:00,4162.6
05/07/2025 21:00,4196.1
05/07/2025 22:00,4200.0
05/07/2025 23:00,4172.9
06/07/2025 00:00,4187.2
06/07/2025 01:00,4208.7
06/07/2025 02:00,4131.2
06/07/2025 03:00,3701.2
06/07/2025 04:00,3011.9
06/07/2025 05:00,2125.3
06/07/2025 06:00,1460.3
06/07/2025 07:00,1070.7
06/07/2025 08:00,638.2
06/07/2025 09:00,296.9
06/07/2025 10:00,140.2
06/07/2025 11:00,133.0
06/07/2025 12:00,113.0
06/07/2025 13:00,43.5
06/07/2025 14:00,81.2
06/07/2025 15:00,152.8
06/07/2025 16:00,122.7
06/07/2025 17:00,96.9
06/07/2025 18:00,170.1
06/07/2025 19:00,252.0
06/07/2025 20:00,53.8
06/07/2025 21:00,83.7
06/07/2025 22:00,144.8
06/07/2025 23:00,251.2
07/07/2025 00:00,319.5
07/07/2025 01:00,333.4
07/07/2025 02:00,356.4
07/07/2025 03:00,828.9
07/07/2025 04:00,1350.1
07/07/2025 05:00,1856.2
07/07/2025 06:00,1972.7
07/07/2025 07:00,2725.9
07/07/2025 08:00,2929.0
07/07/2025 09:00,3093.0
07/07/2025 10:00,3401.8
07/07/2025 11:00,3556.2
07/07/2025 12:00,3197.6
07/07/2025 13:00,3338.6
07/07/2025 14:00,3318.6
07/07/2025 15:00,2791.0
07/07/2025 16:00,3058.6
07/07/2025 17:00,3655.2
07/07/2025 18:00,3791.0
07/07/2025 19:00,3483.0
07/07/2025 20:00,2811.5
07/07/2025 21:00,1951.2
07/07/2025 22:00,1415.8
07/07/2025 23:00,1104.6
08/07/2025 00:00,1016.3
08/07/2025 01:00,1644.5
08/07/2025 02:00,2502.6
08/07/2025 03:00,1224.1
08/07/2025 04:00,855.9
08/07/2025 05:00,1561.7
08/07/2025 06:00,2315.7
08/07/2025 07:00,2525.8
08/07/2025 08:00,2128.3
08/07/2025 09:00,2043.0
08/07/2025 10:00,2324.5
08/07/2025 11:00,2712.3
08/07/2025 12:00,2367.9
08/07/2025 13:00,2309.3
08/07/2025 14:00,2269.7
08/07/2025 15:00,1897.1
08/07/2025 16:00,2062.1
08/07/2025 17:00,2192.8
08/07/2025 18:00,2015.6
08/07/2025 19:00,1687.4
08/07/2025 20:00,1221.6
08/07/2025 21:00,967.7
08/07/2025 22:00,812.1
08/07/2025 23:00,702.3
09/07/2025 00:00,735.1
09/07/2025 01:00,491.9
09/07/2025 02:00,333.4
09/07/2025 03:00,293.8
09/07/2025 04:00,286.6
09/07/2025 05:00,274.0
09/07/2025 06:00,245.6
09/07/2025 07:00,180.4
09/07/2025 08:00,98.0
09/07/2025 09:00,63.0
09/07/2025 10:00,126.2
09/07/2025 11:00,111.6
09/07/2025 12:00,89.1
09/07/2025 13:00,56.1
09/07/2025 14:00,62.3
09/07/2025 15:00,77.8
09/07/2025 16:00,47.8
09/07/2025 17:00,35.2
09/07/2025 18:00,27.4
09/07/2025 19:00,32.4
09/07/2025 20:00,27.0
09/07/2025 21:00,23.4
09/07/2025 22:00,12.4
09/07/2025 23:00,28.0
10/07/2025 00:00,36.9
10/07/2025 01:00,32.0
10/07/2025 02:00,59.5
10/07/2025 03:00,72.0
10/07/2025 04:00,130.6
10/07/2025 05:00,99.5
10/07/2025 06:00,52.2
10/07/2025 07:00,30.8
10/07/2025 08:00,12.5
10/07/2025 09:00,21.9
10/07/2025 10:00,14.3
10/07/2025 11:00,10.5
10/07/2025 12:00,32.6
10/07/2025 13:00,25.6
10/07/2025 14:00,51.3
10/07/2025 15:00,107.5
10/07/2025 16:00,155.5
10/07/2025 17:00,203.6
10/07/2025 18:00,265.4
10/07/2025 19:00,280.3
10/07/2025 20:00,264.8
10/07/2025 21:00,306.7
10/07/2025 22:00,300.8
10/07/2025 23:00,266.1
11/07/2025 00:00,151.1
11/07/2025 01:00,109.0
11/07/2025 02:00,88.2
11/07/2025 03:00,105.2
11/07/2025 04:00,117.0
11/07/2025 05:00,163.2
11/07/2025 06:00,189.6
11/07/2025 07:00,117.8
11/07/2025 08:00,87.8
11/07/2025 09:00,64.8
11/07/2025 10:00,55.3
11/07/2025 11:00,38.6
11/07/2025 12:00,41.6
11/07/2025 13:00,68.2
11/07/2025 14:00,93.3
11/07/2025 15:00,108.9
11/07/2025 16:00,83.7
11/07/2025 17:00,99.7
11/07/2025 18:00,84.8
11/07/2025 19:00,116.1
11/07/2025 20:00,209.0
11/07/2025 21:00,222.1
11/07/2025 22:00,294.1
11/07/2025 23:00,417.6
12/07/2025 00:00,511.3
12/07/2025 01:00,523.9
12/07/2025 02:00,623.2
12/07/2025 03:00,588.1
12/07/2025 04:00,671.5
12/07/2025 05:00,602.3
12/07/2025 06:00,534.7
12/07/2025 07:00,471.5
12/07/2025 08:00,579.2
12/07/2025 09:00,576.5
12/07/2025 10:00,565.1
12/07/2025 11:00,423.5
12/07/2025 12:00,438.2
12/07/2025 13:00,409.1
12/07/2025 14:00,346.9
12/07/2025 15:00,627.3
12/07/2025 16:00,839.8
12/07/2025 17:00,973.5
12/07/2025 18:00,889.3
12/07/2025 19:00,828.4
12/07/2025 20:00,993.1
12/07/2025 21:00,947.4
12/07/2025 22:00,721.2
12/07/2025 23:00,670.0
13/07/2025 00:00,578.6
13/07/2025 01:00,415.5
13/07/2025 02:00,375.8
13/07/2025 03:00,419.6
13/07/2025 04:00,298.1
13/07/2025 05:00,230.8
13/07/2025 06:00,175.7
13/07/2025 07:00,247.0
13/07/2025 08:00,183.9
13/07/2025 09:00,88.8
13/07/2025 10:00,54.7
13/07/2025 11:00,64.1
13/07/2025 12:00,85.2
13/07/2025 13:00,107.5
13/07/2025 14:00,153.9
13/07/2025 15:00,187.8
13/07/2025 16:00,135.6
13/07/2025 17:00,157.4
13/07/2025 18:00,214.0
13/07/2025 19:00,254.2
13/07/2025 20:00,245.4
13/07/2025 21:00,320.9
13/07/2025 22:00,242.4
13/07/2025 23:00,174.0
14/07/2025 00:00,215.5
14/07/2025 01:00,161.5
14/07/2025 02:00,24.0
14/07/2025 03:00,6.1
14/07/2025 04:00,4.7
14/07/2025 05:00,1.8
14/07/2025 06:00,0.9
14/07/2025 07:00,0.5
14/07/2025 08:00,0.0
14/07/2025 09:00,85.1
14/07/2025 10:00,383.2
14/07/2025 11:00,496.8
14/07/2025 12:00,674.5
14/07/2025 13:00,1071.8
14/07/2025 14:00,1944.6
14/07/2025 15:00,2419.6
14/07/2025 16:00,3251.5
14/07/2025 17:00,3345.9
14/07/2025 18:00,3493.7
14/07/2025 19:00,3701.1
14/07/2025 20:00,3724.9
14/07/2025 21:00,3755.0
14/07/2025 22:00,3811.9
14/07/2025 23:00,3872.0
15/07/2025 00:00,3808.6
15/07/2025 01:00,3702.9
15/07/2025 02:00,3713.4
15/07/2025 03:00,3635.4
15/07/2025 04:00,3232.5
15/07/2025 05:00,2259.2
15/07/2025 06:00,1881.9
15/07/2025 07:00,1684.2
15/07/2025 08:00,1542.0
15/07/2025 09:00,1400.4
15/07/2025 10:00,1312.8
15/07/2025 11:00,1497.3
15/07/2025 12:00,1845.5
15/07/2025 13:00,2374.8
15/07/2025 14:00,1900.5
15/07/2025 15:00,2761.4
15/07/2025 16:00,3549.8
15/07/2025 17:00,3532.3
15/07/2025 18:00,3753.7
15/07/2025 19:00,3838.3
15/07/2025 20:00,3802.0
15/07/2025 21:00,3859.1
15/07/2025 22:00,3841.7
15/07/2025 23:00,3780.0
16/07/2025 00:00,3974.0
16/07/2025 01:00,3672.7
16/07/2025 02:00,2088.6
16/07/2025 03:00,1315.7
16/07/2025 04:00,1852.1
16/07/2025 05:00,2659.2
16/07/2025 06:00,2531.2
16/07/2025 07:00,2342.1
16/07/2025 08:00,2095.8
16/07/2025 09:00,1982.2
16/07/2025 10:00,1859.0
16/07/2025 11:00,1986.1
16/07/2025 12:00,1836.6
16/07/2025 13:00,1691.5
16/07/2025 14:00,1474.0
16/07/2025 15:00,1292.1
16/07/2025 16:00,1098.1
16/07/2025 17:00,1023.2
16/07/2025 18:00,818.7
16/07/2025 19:00,574.4
16/07/2025 20:00,466.8
16/07/2025 21:00,544.9
16/07/2025 22:00,520.7
16/07/2025 23:00,509.5
17/07/2025 00:00,457.7
17/07/2025 01:00,416.5
17/07/2025 02:00,303.0
17/07/2025 03:00,209.2
17/07/2025 04:00,204.7
17/07/2025 05:00,198.8
17/07/2025 06:00,269.9
17/07/2025 07:00,260.5
17/07/2025 08:00,272.9
17/07/2025 09:00,258.5
17/07/2025 10:00,261.5
17/07/2025 11:00,259.7
17/07/2025 12:00,245.7
17/07/2025 13:00,262.4
17/07/2025 14:00,311.4
17/07/2025 15:00,292.7
17/07/2025 16:00,237.1
17/07/2025 17:00,155.2
17/07/2025 18:00,152.3
17/07/2025 19:00,145.8
17/07/2025 20:00,88.8
17/07/2025 21:00,67.5
17/07/2025 22:00,63.9
17/07/2025 23:00,66.8
18/07/2025 00:00,48.4
18/07/2025 01:00,41.2
18/07/2025 02:00,39.3
18/07/2025 03:00,22.7
18/07/2025 04:00,25.3
18/07/2025 05:00,85.5
18/07/2025 06:00,110.0
18/07/2025 07:00,141.1
18/07/2025 08:00,175.6
18/07/2025 09:00,121.8
18/07/2025 10:00,50.4
18/07/2025 11:00,30.1
18/07/2025 12:00,14.2
18/07/2025 13:00,8.8
18/07/2025 14:00,1.3
18/07/2025 15:00,0.5
18/07/2025 16:00,0.0
18/07/2025 17:00,0.2
18/07/2025 18:00,1.0
18/07/2025 19:00,11.2
18/07/2025 20:00,81.2
18/07/2025 21:00,305.9
18/07/2025 22:00,600.6
18/07/2025 23:00,1017.7
19/07/2025 00:00,1517.3
19/07/2025 01:00,1757.3
19/07/2025 02:00,1519.3
19/07/2025 03:00,1570.5
19/07/2025 04:00,1573.1
19/07/2025 05:00,1289.5
19/07/2025 06:00,946.1
19/07/2025 07:00,866.7
19/07/2025 08:00,865.0
19/07/2025 09:00,784.9
19/07/2025 10:00,720.7
19/07/2025 11:00,795.3
19/07/2025 12:00,990.9
19/07/2025 13:00,711.7
19/07/2025 14:00,771.2
19/07/2025 15:00,1490.7
19/07/2025 16:00,2220.0
19/07/2025 17:00,2158.3
19/07/2025 18:00,2138.9
19/07/2025 19:00,2253.3
19/07/2025 20:00,2330.5
19/07/2025 21:00,2206.9
19/07/2025 22:00,1820.9
19/07/2025 23:00,1544.9
20/07/2025 00:00,1685.8
20/07/2025 01:00,1409.1
20/07/2025 02:00,1032.2
20/07/2025 03:00,535.7
20/07/2025 04:00,352.2
20/07/2025 05:00,354.9
20/07/2025 06:00,130.6
20/07/2025 07:00,71.5
20/07/2025 08:00,125.8
20/07/2025 09:00,166.7
20/07/2025 10:00,159.3
20/07/2025 11:00,135.0
20/07/2025 12:00,158.1
20/07/2025 13:00,140.6
20/07/2025 14:00,799.0
20/07/2025 15:00,804.7
20/07/2025 16:00,928.5
20/07/2025 17:00,541.4
20/07/2025 18:00,230.7
20/07/2025 19:00,263.5
20/07/2025 20:00,204.4
20/07/2025 21:00,172.6
20/07/2025 22:00,323.5
20/07/2025 23:00,425.4
21/07/2025 00:00,661.7
21/07/2025 01:00,511.4
21/07/2025 02:00,461.8
21/07/2025 03:00,683.3
21/07/2025 04:00,1137.8
21/07/2025 05:00,1210.8
21/07/2025 06:00,1492.8
21/07/2025 07:00,1562.1
21/07/2025 08:00,1780.5
21/07/2025 09:00,2079.4
21/07/2025 10:00,1717.2
21/07/2025 11:00,1267.8
21/07/2025 12:00,1127.1
21/07/2025 13:00,1104.6
21/07/2025 14:00,826.0
21/07/2025 15:00,638.0
21/07/2025 16:00,558.4
21/07/2025 17:00,493.6
21/07/2025 18:00,429.6
21/07/2025 19:00,403.0
21/07/2025 20:00,361.5
21/07/2025 21:00,411.8
21/07/2025 22:00,515.7
21/07/2025 23:00,499.5
22/07/2025 00:00,609.1
22/07/2025 01:00,750.7
22/07/2025 02:00,849.7
22/07/2025 03:00,932.0
22/07/2025 04:00,805.9
22/07/2025 05:00,731.8
22/07/2025 06:00,649.2
22/07/2025 07:00,922.2
22/07/2025 08:00,1054.9
22/07/2025 09:00,1191.8
22/07/2025 10:00,1164.6
22/07/2025 11:00,1024.4
22/07/2025 12:00,1047.0
22/07/2025 13:00,1289.3
22/07/2025 14:00,1399.2
22/07/2025 15:00,900.8
22/07/2025 16:00,1085.4
22/07/2025 17:00,1351.0
22/07/2025 18:00,1397.5
22/07/2025 19:00,1297.4
22/07/2025 20:00,1340.9
22/07/2025 21:00,1795.3
22/07/2025 22:00,1831.5
22/07/2025 23:00,1040.9
23/07/2025 00:00,742.1
23/07/2025 01:00,973.6
23/07/2025 02:00,1057.9
23/07/2025 03:00,936.6
23/07/2025 04:00,682.0
23/07/2025 05:00,469.7
23/07/2025 06:00,320.1
23/07/2025 07:00,298.0
23/07/2025 08:00,284.7
23/07/2025 09:00,248.4
23/07/2025 10:00,331.1
23/07/2025 11:00,317.3
23/07/2025 12:00,302.1
23/07/2025 13:00,288.3
23/07/2025 14:00,269.0
23/07/2025 15:00,334.9
23/07/2025 16:00,406.4
23/07/2025 17:00,535.4
23/07/2025 18:00,527.6
23/07/2025 19:00,517.7
23/07/2025 20:00,404.2
23/07/2025 21:00,382.9
23/07/2025 22:00,392.4
23/07/2025 23:00,524.4
24/07/2025 00:00,470.7
24/07/2025 01:00,369.7
24/07/2025 02:00,433.2
24/07/2025 03:00,548.9
24/07/2025 04:00,379.9
24/07/2025 05:00,220.8
24/07/2025 06:00,344.5
24/07/2025 07:00,430.7
24/07/2025 08:00,338.1
24/07/2025 09:00,220.9
24/07/2025 10:00,146.9
24/07/2025 11:00,85.9
24/07/2025 12:00,110.8
24/07/2025 13:00,100.6
24/07/2025 14:00,214.0
24/07/2025 15:00,228.2
24/07/2025 16:00,171.5
24/07/2025 17:00,128.1
24/07/2025 18:00,176.9
24/07/2025 19:00,281.3
24/07/2025 20:00,497.2
24/07/2025 21:00,575.9
24/07/2025 22:00,611.9
24/07/2025 23:00,537.8
25/07/2025 00:00,554.9
25/07/2025 01:00,727.3
25/07/2025 02:00,767.8
25/07/2025 03:00,759.2
25/07/2025 04:00,1122.0
25/07/2025 05:00,937.7
25/07/2025 06:00,774.7
25/07/2025 07:00,842.4
25/07/2025 08:00,763.7
25/07/2025 09:00,507.3
25/07/2025 10:00,425.8
25/07/2025 11:00,467.2
25/07/2025 12:00,455.8
25/07/2025 13:00,321.5
25/07/2025 14:00,132.3
25/07/2025 15:00,152.2
25/07/2025 16:00,215.6
25/07/2025 17:00,179.9
25/07/2025 18:00,82.4
25/07/2025 19:00,49.4
25/07/2025 20:00,21.7
25/07/2025 21:00,11.5
25/07/2025 22:00,26.9
25/07/2025 23:00,101.5
26/07/2025 00:00,182.8
26/07/2025 01:00,296.6
26/07/2025 02:00,389.7
26/07/2025 03:00,483.0
26/07/2025 04:00,604.8
26/07/2025 05:00,692.6
26/07/2025 06:00,789.6
26/07/2025 07:00,835.9
26/07/2025 08:00,912.7
26/07/2025 09:00,1130.0
26/07/2025 10:00,1055.3
26/07/2025 11:00,1235.4
26/07/2025 12:00,1258.1
26/07/2025 13:00,1281.4
26/07/2025 14:00,980.2
26/07/2025 15:00,764.6
26/07/2025 16:00,716.5
26/07/2025 17:00,737.3
26/07/2025 18:00,657.2
26/07/2025 19:00,663.9
26/07/2025 20:00,612.9
26/07/2025 21:00,462.0
26/07/2025 22:00,453.8
26/07/2025 23:00,454.7
27/07/2025 00:00,433.5
27/07/2025 01:00,396.1
27/07/2025 02:00,389.8
27/07/2025 03:00,561.1
27/07/2025 04:00,766.5
27/07/2025 05:00,698.9
27/07/2025 06:00,661.4
27/07/2025 07:00,549.7
27/07/2025 08:00,492.5
27/07/2025 09:00,387.5
27/07/2025 10:00,294.3
27/07/2025 11:00,203.3
27/07/2025 12:00,201.8
27/07/2025 13:00,274.0
27/07/2025 14:00,300.4
27/07/2025 15:00,438.7
27/07/2025 16:00,783.3
27/07/2025 17:00,1279.4
27/07/2025 18:00,1361.4
27/07/2025 19:00,1250.7
27/07/2025 20:00,1176.9
27/07/2025 21:00,1227.7
27/07/2025 22:00,1137.8
27/07/2025 23:00,1413.8
28/07/2025 00:00,1392.0
28/07/2025 01:00,1596.7
28/07/2025 02:00,2133.6
28/07/2025 03:00,2051.5
28/07/2025 04:00,1939.1
28/07/2025 05:00,1845.8
28/07/2025 06:00,1632.4
28/07/2025 07:00,1574.6
28/07/2025 08:00,1198.8
28/07/2025 09:00,1146.6
28/07/2025 10:00,1296.9
28/07/2025 11:00,1477.5
28/07/2025 12:00,1511.8
28/07/2025 13:00,1453.5
28/07/2025 14:00,1439.1
28/07/2025 15:00,1498.4
28/07/2025 16:00,1495.7
28/07/2025 17:00,1354.6
28/07/2025 18:00,973.7
28/07/2025 19:00,786.4
28/07/2025 20:00,514.8
28/07/2025 21:00,361.0
28/07/2025 22:00,418.1
28/07/2025 23:00,795.1
29/07/2025 00:00,824.1
29/07/2025 01:00,746.6
29/07/2025 02:00,581.4
29/07/2025 03:00,583.1
29/07/2025 04:00,586.2
29/07/2025 05:00,513.8
29/07/2025 06:00,553.2
29/07/2025 07:00,493.2
29/07/2025 08:00,375.7
29/07/2025 09:00,477.1
29/07/2025 10:00,465.1
29/07/2025 11:00,300.3
29/07/2025 12:00,230.1
29/07/2025 13:00,281.4
29/07/2025 14:00,347.8
29/07/2025 15:00,400.8
29/07/2025 16:00,441.2
29/07/2025 17:00,730.1
29/07/2025 18:00,780.2
29/07/2025 19:00,629.8
29/07/2025 20:00,645.6
29/07/2025 21:00,580.2
29/07/2025 22:00,356.6
29/07/2025 23:00,326.2
30/07/2025 00:00,452.8
30/07/2025 01:00,660.0
30/07/2025 02:00,717.0
30/07/2025 03:00,979.4
30/07/2025 04:00,1085.8
30/07/2025 05:00,1229.1
30/07/2025 06:00,1257.3
30/07/2025 07:00,1417.3
30/07/2025 08:00,1461.2
30/07/2025 09:00,1449.8
30/07/2025 10:00,1444.8
30/07/2025 11:00,1418.4
30/07/2025 12:00,1429.9
30/07/2025 13:00,1603.9
30/07/2025 14:00,1318.0
30/07/2025 15:00,1319.2
30/07/2025 16:00,1254.5
30/07/2025 17:00,1082.1
30/07/2025 18:00,1161.1
30/07/2025 19:00,1582.2
30/07/2025 20:00,1813.7
30/07/2025 21:00,2002.4
30/07/2025 22:00,2155.0
30/07/2025 23:00,2237.3
31/07/2025 00:00,2313.3
31/07/2025 01:00,2396.9
31/07/2025 02:00,2009.1
31/07/2025 03:00,2050.1
31/07/2025 04:00,1492.0
31/07/2025 05:00,1188.6
31/07/2025 06:00,1094.4
31/07/2025 07:00,940.7
31/07/2025 08:00,1000.5
31/07/2025 09:00,892.0
31/07/2025 10:00,678.0
31/07/2025 11:00,776.0
31/07/2025 12:00,1147.3
31/07/2025 13:00,1215.4
31/07/2025 14:00,1035.5
31/07/2025 15:00,1152.4
31/07/2025 16:00,1010.8
31/07/2025 17:00,1111.3
31/07/2025 18:00,1121.1
31/07/2025 19:00,1216.2
31/07/2025 20:00,1089.8
31/07/2025 21:00,936.9
31/07/2025 22:00,681.8
31/07/2025 23:00,510.0
01/08/2025 00:00,443.4
01/08/2025 01:00,545.7
01/08/2025 02:00,694.4
01/08/2025 03:00,770.8
01/08/2025 04:00,841.8
01/08/2025 05:00,962.1
01/08/2025 06:00,1433.3
01/08/2025 07:00,2127.0
01/08/2025 08:00,2030.1
01/08/2025 09:00,1977.3
01/08/2025 10:00,1993.2
01/08/2025 11:00,1641.3
01/08/2025 12:00,2003.2
01/08/2025 13:00,2166.0
01/08/2025 14:00,2082.6
01/08/2025 15:00,2975.9
01/08/2025 16:00,3256.6
01/08/2025 17:00,3265.3
01/08/2025 18:00,3193.1
01/08/2025 19:00,3449.8
01/08/2025 20:00,3405.3
01/08/2025 21:00,3104.1
01/08/2025 22:00,3230.8
01/08/2025 23:00,3333.3
02/08/2025 00:00,3124.6
02/08/2025 01:00,3270.9
02/08/2025 02:00,3566.0
02/08/2025 03:00,4016.3
02/08/2025 04:00,4158.0
02/08/2025 05:00,4162.6
02/08/2025 06:00,4265.8
02/08/2025 07:00,4244.4
02/08/2025 08:00,4284.8
02/08/2025 09:00,4205.7
02/08/2025 10:00,3816.4
02/08/2025 11:00,2183.6
02/08/2025 12:00,1890.9
02/08/2025 13:00,1665.5
02/08/2025 14:00,1784.7
02/08/2025 15:00,1610.6
02/08/2025 16:00,2607.9
02/08/2025 17:00,2870.8
02/08/2025 18:00,2390.4
02/08/2025 19:00,2346.2
02/08/2025 20:00,1837.9
02/08/2025 21:00,1491.4
02/08/2025 22:00,1435.7
02/08/2025 23:00,1484.4
03/08/2025 00:00,1596.7
03/08/2025 01:00,1976.8
03/08/2025 02:00,2157.2
03/08/2025 03:00,2455.5
03/08/2025 04:00,2664.4
03/08/2025 05:00,2948.4
03/08/2025 06:00,2472.0
03/08/2025 07:00,1855.4
03/08/2025 08:00,1256.5
03/08/2025 09:00,1020.5
03/08/2025 10:00,1104.7
03/08/2025 11:00,1162.9
03/08/2025 12:00,1137.6
03/08/2025 13:00,1101.1
03/08/2025 14:00,1222.3
03/08/2025 15:00,1270.3
03/08/2025 16:00,2611.0
03/08/2025 17:00,3149.7
03/08/2025 18:00,3629.4
03/08/2025 19:00,3548.4
03/08/2025 20:00,3313.0
03/08/2025 21:00,2864.5
03/08/2025 22:00,2409.8
03/08/2025 23:00,1972.8
04/08/2025 00:00,1820.0
04/08/2025 01:00,1641.3
04/08/2025 02:00,1249.7
04/08/2025 03:00,836.1
04/08/2025 04:00,523.6
04/08/2025 05:00,337.3
04/08/2025 06:00,264.6
04/08/2025 07:00,190.6
04/08/2025 08:00,144.2
04/08/2025 09:00,313.0
04/08/2025 10:00,470.6
04/08/2025 11:00,831.8
04/08/2025 12:00,1507.3
04/08/2025 13:00,1758.0
04/08/2025 14:00,2031.1
04/08/2025 15:00,2366.1
04/08/2025 16:00,3139.8
04/08/2025 17:00,4269.3
04/08/2025 18:00,4417.9
04/08/2025 19:00,4463.3
04/08/2025 20:00,4443.1
04/08/2025 21:00,4036.9
04/08/2025 22:00,2929.3
04/08/2025 23:00,2517.3
05/08/2025 00:00,2475.3
05/08/2025 01:00,2802.7
05/08/2025 02:00,2969.3
05/08/2025 03:00,3221.1
05/08/2025 04:00,3373.9
05/08/2025 05:00,3319.8
05/08/2025 06:00,3428.6
05/08/2025 07:00,3417.2
05/08/2025 08:00,3453.3
05/08/2025 09:00,3062.0
05/08/2025 10:00,3314.4
05/08/2025 11:00,2145.2
05/08/2025 12:00,2059.5
05/08/2025 13:00,1886.8
05/08/2025 14:00,1614.0
05/08/2025 15:00,1609.8
05/08/2025 16:00,2300.0
05/08/2025 17:00,2809.7
05/08/2025 18:00,2259.9
05/08/2025 19:00,2109.2
05/08/2025 20:00,2287.3
05/08/2025 21:00,2763.9
05/08/2025 22:00,2680.0
05/08/2025 23:00,3073.1
06/08/2025 00:00,3007.9
06/08/2025 01:00,2583.2
06/08/2025 02:00,2441.1
06/08/2025 03:00,2492.3
06/08/2025 04:00,2329.9
06/08/2025 05:00,2064.1
06/08/2025 06:00,1519.1
06/08/2025 07:00,1324.2
06/08/2025 08:00,1267.9
06/08/2025 09:00,1033.8
06/08/2025 10:00,959.2
06/08/2025 11:00,915.6
06/08/2025 12:00,690.0
06/08/2025 13:00,714.6
06/08/2025 14:00,654.7
06/08/2025 15:00,496.1
06/08/2025 16:00,415.7
06/08/2025 17:00,445.6
06/08/2025 18:00,388.6
06/08/2025 19:00,291.3
06/08/2025 20:00,184.2
06/08/2025 21:00,137.0
06/08/2025 22:00,157.7
06/08/2025 23:00,255.5
07/08/2025 00:00,364.3
07/08/2025 01:00,519.6
07/08/2025 02:00,732.2
07/08/2025 03:00,931.8
07/08/2025 04:00,830.9
07/08/2025 05:00,825.7
07/08/2025 06:00,768.8
07/08/2025 07:00,810.4
07/08/2025 08:00,1036.7
07/08/2025 09:00,1030.9
07/08/2025 10:00,881.3
07/08/2025 11:00,741.5
07/08/2025 12:00,1153.4
07/08/2025 13:00,1142.8
07/08/2025 14:00,1310.7
07/08/2025 15:00,1835.8
07/08/2025 16:00,2542.8
07/08/2025 17:00,3174.9
07/08/2025 18:00,3434.9
07/08/2025 19:00,3318.8
07/08/2025 20:00,3480.9
07/08/2025 21:00,3315.7
07/08/2025 22:00,3008.7
07/08/2025 23:00,2810.6
08/08/2025 00:00,2655.6
08/08/2025 01:00,2492.0
08/08/2025 02:00,2403.9
08/08/2025 03:00,2221.9
08/08/2025 04:00,1907.2
08/08/2025 05:00,1867.3
08/08/2025 06:00,1392.0
08/08/2025 07:00,866.6
08/08/2025 08:00,693.4
08/08/2025 09:00,551.9
08/08/2025 10:00,327.8
08/08/2025 11:00,268.2
08/08/2025 12:00,161.8
08/08/2025 13:00,158.0
08/08/2025 14:00,182.5
08/08/2025 15:00,191.0
08/08/2025 16:00,183.3
08/08/2025 17:00,176.2
08/08/2025 18:00,139.5
08/08/2025 19:00,118.1
08/08/2025 20:00,137.8
08/08/2025 21:00,107.5
08/08/2025 22:00,94.7
08/08/2025 23:00,67.2
09/08/2025 00:00,91.5
09/08/2025 01:00,91.1
09/08/2025 02:00,122.9
09/08/2025 03:00,160.2
09/08/2025 04:00,232.3
09/08/2025 05:00,332.5
09/08/2025 06:00,441.0
09/08/2025 07:00,541.8
09/08/2025 08:00,562.3
09/08/2025 09:00,538.0
09/08/2025 10:00,616.5
09/08/2025 11:00,637.1
09/08/2025 12:00,440.5
09/08/2025 13:00,450.0
09/08/2025 14:00,528.8
09/08/2025 15:00,470.9
09/08/2025 16:00,721.2
09/08/2025 17:00,622.4
09/08/2025 18:00,947.6
09/08/2025 19:00,1114.5
09/08/2025 20:00,1121.2
09/08/2025 21:00,1149.7
09/08/2025 22:00,1253.8
09/08/2025 23:00,1131.1
10/08/2025 00:00,1089.5
10/08/2025 01:00,947.0
10/08/2025 02:00,705.0
10/08/2025 03:00,729.7
10/08/2025 04:00,870.6
10/08/2025 05:00,919.3
10/08/2025 06:00,776.0
10/08/2025 07:00,488.3
10/08/2025 08:00,354.5
10/08/2025 09:00,221.5
10/08/2025 10:00,129.6
10/08/2025 11:00,99.9
10/08/2025 12:00,73.6
10/08/2025 13:00,69.3
10/08/2025 14:00,95.7
10/08/2025 15:00,116.5
10/08/2025 16:00,83.4
10/08/2025 17:00,64.7
10/08/2025 18:00,71.9
10/08/2025 19:00,117.2
10/08/2025 20:00,155.5
10/08/2025 21:00,175.1
10/08/2025 22:00,242.6
10/08/2025 23:00,378.3
11/08/2025 00:00,356.6
11/08/2025 01:00,369.2
11/08/2025 02:00,414.9
11/08/2025 03:00,400.3
11/08/2025 04:00,368.1
11/08/2025 05:00,304.5
11/08/2025 06:00,252.1
11/08/2025 07:00,147.1
11/08/2025 08:00,58.6
11/08/2025 09:00,41.6
11/08/2025 10:00,67.9
11/08/2025 11:00,71.4
11/08/2025 12:00,77.4
11/08/2025 13:00,32.9
11/08/2025 14:00,48.8
11/08/2025 15:00,115.3
11/08/2025 16:00,264.0
11/08/2025 17:00,328.2
11/08/2025 18:00,427.2
11/08/2025 19:00,745.0
11/08/2025 20:00,994.5
11/08/2025 21:00,1231.1
11/08/2025 22:00,1307.3
11/08/2025 23:00,1386.1
12/08/2025 00:00,1647.7
12/08/2025 01:00,1871.1
12/08/2025 02:00,1966.7
12/08/2025 03:00,1605.8
12/08/2025 04:00,1266.9
12/08/2025 05:00,1345.1
12/08/2025 06:00,893.6
12/08/2025 07:00,537.8
12/08/2025 08:00,369.8
12/08/2025 09:00,244.3
12/08/2025 10:00,225.1
12/08/2025 11:00,205.7
12/08/2025 12:00,220.2
12/08/2025 13:00,286.9
12/08/2025 14:00,416.4
12/08/2025 15:00,598.3
12/08/2025 16:00,626.0
12/08/2025 17:00,625.4
12/08/2025 18:00,696.9
12/08/2025 19:00,701.9
12/08/2025 20:00,697.6
12/08/2025 21:00,877.4
12/08/2025 22:00,919.3
12/08/2025 23:00,720.7
13/08/2025 00:00,461.5
13/08/2025 01:00,292.9
13/08/2025 02:00,201.5
13/08/2025 03:00,104.7
13/08/2025 04:00,68.8
13/08/2025 05:00,100.2
13/08/2025 06:00,70.3
13/08/2025 07:00,177.4
13/08/2025 08:00,61.2
13/08/2025 09:00,113.1
13/08/2025 10:00,126.3
13/08/2025 11:00,161.6
13/08/2025 12:00,157.4
13/08/2025 13:00,111.8
13/08/2025 14:00,90.1
13/08/2025 15:00,172.1
13/08/2025 16:00,324.5
13/08/2025 17:00,238.9
13/08/2025 18:00,260.8
13/08/2025 19:00,178.2
13/08/2025 20:00,64.6
13/08/2025 21:00,36.2
13/08/2025 22:00,30.1
13/08/2025 23:00,54.3
14/08/2025 00:00,90.8
14/08/2025 01:00,222.6
14/08/2025 02:00,337.5
14/08/2025 03:00,396.6
14/08/2025 04:00,197.0
14/08/2025 05:00,635.0
14/08/2025 06:00,423.1
14/08/2025 07:00,311.5
14/08/2025 08:00,626.8
14/08/2025 09:00,1149.5
14/08/2025 10:00,1109.1
14/08/2025 11:00,730.0
14/08/2025 12:00,411.1
14/08/2025 13:00,491.7
14/08/2025 14:00,523.3
14/08/2025 15:00,536.6
14/08/2025 16:00,690.0
14/08/2025 17:00,615.1
14/08/2025 18:00,411.2
14/08/2025 19:00,331.0
14/08/2025 20:00,195.7
14/08/2025 21:00,68.9
14/08/2025 22:00,77.2
14/08/2025 23:00,132.5
15/08/2025 00:00,151.4
15/08/2025 01:00,247.2
15/08/2025 02:00,244.8
15/08/2025 03:00,189.3
15/08/2025 04:00,169.6
15/08/2025 05:00,150.0
15/08/2025 06:00,163.8
15/08/2025 07:00,157.3
15/08/2025 08:00,117.6
15/08/2025 09:00,75.0
15/08/2025 10:00,105.6
15/08/2025 11:00,117.9
15/08/2025 12:00,127.4
15/08/2025 13:00,230.5
15/08/2025 14:00,397.2
15/08/2025 15:00,646.8
15/08/2025 16:00,903.4
15/08/2025 17:00,1180.2
15/08/2025 18:00,1327.5
15/08/2025 19:00,1120.7
15/08/2025 20:00,828.1
15/08/2025 21:00,708.3
15/08/2025 22:00,856.7
15/08/2025 23:00,1108.5
16/08/2025 00:00,1321.9
16/08/2025 01:00,1418.2
16/08/2025 02:00,1490.4
16/08/2025 03:00,1642.2
16/08/2025 04:00,1857.4
16/08/2025 05:00,1961.7
16/08/2025 06:00,1834.1
16/08/2025 07:00,1991.6
16/08/2025 08:00,1844.3
16/08/2025 09:00,1708.0
16/08/2025 10:00,1693.3
16/08/2025 11:00,1474.9
16/08/2025 12:00,1389.8
16/08/2025 13:00,1324.5
16/08/2025 14:00,1248.5
16/08/2025 15:00,1354.9
16/08/2025 16:00,1470.9
16/08/2025 17:00,1629.1
16/08/2025 18:00,1699.1
16/08/2025 19:00,1932.8
16/08/2025 20:00,1896.2
16/08/2025 21:00,1767.6
16/08/2025 22:00,1644.6
16/08/2025 23:00,1338.8
17/08/2025 00:00,1228.1
17/08/2025 01:00,1147.7
17/08/2025 02:00,1192.1
17/08/2025 03:00,1093.5
17/08/2025 04:00,1110.3
17/08/2025 05:00,1010.9
17/08/2025 06:00,911.0
17/08/2025 07:00,856.1
17/08/2025 08:00,743.7
17/08/2025 09:00,638.9
17/08/2025 10:00,596.3
17/08/2025 11:00,503.8
17/08/2025 12:00,587.9
17/08/2025 13:00,456.6
17/08/2025 14:00,432.9
17/08/2025 15:00,649.2
17/08/2025 16:00,713.0
17/08/2025 17:00,758.0
17/08/2025 18:00,926.4
17/08/2025 19:00,1172.3
17/08/2025 20:00,1064.5
17/08/2025 21:00,975.9
17/08/2025 22:00,801.7
17/08/2025 23:00,726.6
18/08/2025 00:00,697.5
18/08/2025 01:00,488.7
18/08/2025 02:00,389.7
18/08/2025 03:00,303.3
18/08/2025 04:00,250.0
18/08/2025 05:00,199.7
18/08/2025 06:00,165.4
18/08/2025 07:00,111.0
18/08/2025 08:00,81.2
18/08/2025 09:00,129.2
18/08/2025 10:00,174.5
18/08/2025 11:00,136.4
18/08/2025 12:00,136.6
18/08/2025 13:00,198.7
18/08/2025 14:00,324.3
18/08/2025 15:00,513.5
18/08/2025 16:00,809.4
18/08/2025 17:00,1002.2
18/08/2025 18:00,1282.9
18/08/2025 19:00,1640.3
18/08/2025 20:00,1826.2
18/08/2025 21:00,1985.4
18/08/2025 22:00,2081.1
18/08/2025 23:00,1954.7
19/08/2025 00:00,1603.6
19/08/2025 01:00,1252.7
19/08/2025 02:00,859.4
19/08/2025 03:00,729.9
19/08/2025 04:00,743.5
19/08/2025 05:00,807.4
19/08/2025 06:00,895.4
19/08/2025 07:00,974.0
19/08/2025 08:00,1071.4
19/08/2025 09:00,1016.2
19/08/2025 10:00,902.4
19/08/2025 11:00,879.2
19/08/2025 12:00,805.6
19/08/2025 13:00,783.1
19/08/2025 14:00,1642.6
19/08/2025 15:00,2472.1
19/08/2025 16:00,2694.6
19/08/2025 17:00,2786.4
19/08/2025 18:00,2780.9
19/08/2025 19:00,2681.2
19/08/2025 20:00,2603.4
19/08/2025 21:00,2711.8
19/08/2025 22:00,2774.7
19/08/2025 23:00,2600.0
20/08/2025 00:00,2519.8
20/08/2025 01:00,2378.8
20/08/2025 02:00,2223.0
20/08/2025 03:00,1846.7
20/08/2025 04:00,1655.3
20/08/2025 05:00,1511.2
20/08/2025 06:00,1903.4
20/08/2025 07:00,2203.8
20/08/2025 08:00,2111.9
20/08/2025 09:00,1731.8
20/08/2025 10:00,1485.3
20/08/2025 11:00,1422.1
20/08/2025 12:00,1145.7
20/08/2025 13:00,710.1
20/08/2025 14:00,970.1
20/08/2025 15:00,1247.3
20/08/2025 16:00,1542.9
20/08/2025 17:00,2032.9
20/08/2025 18:00,2792.3
20/08/2025 19:00,3327.9
20/08/2025 20:00,3553.9
20/08/2025 21:00,3546.8
20/08/2025 22:00,3288.9
20/08/2025 23:00,3034.6
21/08/2025 00:00,2561.8
21/08/2025 01:00,2130.5
21/08/2025 02:00,1912.1
21/08/2025 03:00,1846.3
21/08/2025 04:00,1881.0
21/08/2025 05:00,1930.7
21/08/2025 06:00,2362.1
21/08/2025 07:00,2621.7
21/08/2025 08:00,2483.9
21/08/2025 09:00,2270.0
21/08/2025 10:00,2191.4
21/08/2025 11:00,2237.2
21/08/2025 12:00,2719.2
21/08/2025 13:00,2103.4
21/08/2025 14:00,2034.8
21/08/2025 15:00,2539.6
21/08/2025 16:00,2424.4
21/08/2025 17:00,2523.2
21/08/2025 18:00,2569.7
21/08/2025 19:00,2611.6
21/08/2025 20:00,2139.5
21/08/2025 21:00,2196.6
21/08/2025 22:00,1996.6
21/08/2025 23:00,1805.7
22/08/2025 00:00,1875.3
22/08/2025 01:00,1533.1
22/08/2025 02:00,1309.9
22/08/2025 03:00,1387.2
22/08/2025 04:00,1278.1
22/08/2025 05:00,1192.8
22/08/2025 06:00,1126.9
22/08/2025 07:00,1065.0
22/08/2025 08:00,1207.0
22/08/2025 09:00,1217.2
22/08/2025 10:00,1258.0
22/08/2025 11:00,1115.7
22/08/2025 12:00,849.9
22/08/2025 13:00,835.0
22/08/2025 14:00,893.3
22/08/2025 15:00,879.5
22/08/2025 16:00,869.3
22/08/2025 17:00,781.9
22/08/2025 18:00,480.4
22/08/2025 19:00,564.0
22/08/2025 20:00,853.9
22/08/2025 21:00,882.6
22/08/2025 22:00,1004.3
22/08/2025 23:00,1351.1
23/08/2025 00:00,1308.3
23/08/2025 01:00,1352.0
23/08/2025 02:00,1515.0
23/08/2025 03:00,1220.9
23/08/2025 04:00,1265.6
23/08/2025 05:00,1346.9
23/08/2025 06:00,1790.9
23/08/2025 07:00,1857.9
23/08/2025 08:00,1737.9
23/08/2025 09:00,1545.6
23/08/2025 10:00,1210.2
23/08/2025 11:00,761.0
23/08/2025 12:00,741.9
23/08/2025 13:00,494.3
23/08/2025 14:00,506.4
23/08/2025 15:00,419.5
23/08/2025 16:00,506.9
23/08/2025 17:00,643.7
23/08/2025 18:00,699.9
23/08/2025 19:00,593.0
23/08/2025 20:00,521.7
23/08/2025 21:00,418.2
23/08/2025 22:00,277.9
23/08/2025 23:00,160.5
24/08/2025 00:00,118.0
24/08/2025 01:00,81.2
24/08/2025 02:00,42.4
24/08/2025 03:00,149.5
24/08/2025 04:00,25.6
24/08/2025 05:00,59.4
24/08/2025 06:00,105.8
24/08/2025 07:00,153.6
24/08/2025 08:00,171.7
24/08/2025 09:00,95.4
24/08/2025 10:00,82.4
24/08/2025 11:00,60.4
24/08/2025 12:00,86.7
24/08/2025 13:00,57.0
24/08/2025 14:00,40.0
24/08/2025 15:00,43.8
24/08/2025 16:00,39.8
24/08/2025 17:00,58.7
24/08/2025 18:00,68.9
24/08/2025 19:00,74.0
24/08/2025 20:00,55.7
24/08/2025 21:00,34.8
24/08/2025 22:00,31.7
24/08/2025 23:00,17.3
25/08/2025 00:00,14.7
25/08/2025 01:00,37.9
25/08/2025 02:00,110.2
25/08/2025 03:00,178.6
25/08/2025 04:00,224.1
25/08/2025 05:00,260.9
25/08/2025 06:00,326.0
25/08/2025 07:00,334.0
25/08/2025 08:00,379.6
25/08/2025 09:00,365.2
25/08/2025 10:00,304.9
25/08/2025 11:00,183.6
25/08/2025 12:00,98.6
25/08/2025 13:00,91.6
25/08/2025 14:00,58.5
25/08/2025 15:00,70.0
25/08/2025 16:00,106.4
25/08/2025 17:00,85.2
25/08/2025 18:00,102.0
25/08/2025 19:00,122.7
25/08/2025 20:00,177.6
25/08/2025 21:00,278.9
25/08/2025 22:00,412.9
25/08/2025 23:00,667.1
26/08/2025 00:00,902.2
26/08/2025 01:00,1314.7
26/08/2025 02:00,1701.9
26/08/2025 03:00,1934.0
26/08/2025 04:00,2172.9
26/08/2025 05:00,2011.8
26/08/2025 06:00,1563.3
26/08/2025 07:00,1406.3
26/08/2025 08:00,1333.6
26/08/2025 09:00,1362.3
26/08/2025 10:00,1404.5
26/08/2025 11:00,1408.5
26/08/2025 12:00,1339.2
26/08/2025 13:00,1690.7
26/08/2025 14:00,1929.3
26/08/2025 15:00,2186.2
26/08/2025 16:00,2551.5
26/08/2025 17:00,2942.2
26/08/2025 18:00,3167.0
26/08/2025 19:00,3392.4
26/08/2025 20:00,3525.6
26/08/2025 21:00,2873.9
26/08/2025 22:00,2613.2
26/08/2025 23:00,2203.3
27/08/2025 00:00,1968.5
27/08/2025 01:00,1776.0
27/08/2025 02:00,1821.3
27/08/2025 03:00,1926.1
27/08/2025 04:00,1945.7
27/08/2025 05:00,2084.5
27/08/2025 06:00,1566.3
27/08/2025 07:00,1224.0
27/08/2025 08:00,1130.5
27/08/2025 09:00,1192.4
27/08/2025 10:00,1287.6
27/08/2025 11:00,1413.5
27/08/2025 12:00,1373.7
27/08/2025 13:00,991.0
27/08/2025 14:00,892.1
27/08/2025 15:00,653.7
27/08/2025 16:00,562.7
27/08/2025 17:00,511.2
27/08/2025 18:00,833.3
27/08/2025 19:00,833.4
27/08/2025 20:00,723.4
27/08/2025 21:00,499.0
27/08/2025 22:00,304.1
27/08/2025 23:00,342.7
28/08/2025 00:00,254.5
28/08/2025 01:00,234.3
28/08/2025 02:00,235.4
28/08/2025 03:00,284.1
28/08/2025 04:00,370.3
28/08/2025 05:00,220.1
28/08/2025 06:00,79.8
28/08/2025 07:00,34.3
28/08/2025 08:00,70.5
28/08/2025 09:00,98.5
28/08/2025 10:00,235.2
28/08/2025 11:00,194.7
28/08/2025 12:00,205.7
28/08/2025 13:00,580.5
28/08/2025 14:00,649.8
28/08/2025 15:00,708.9
28/08/2025 16:00,1142.3
28/08/2025 17:00,1897.5
28/08/2025 18:00,2424.3
28/08/2025 19:00,2648.7
28/08/2025 20:00,2913.3
28/08/2025 21:00,3253.8
28/08/2025 22:00,3492.7
28/08/2025 23:00,3408.3
29/08/2025 00:00,3090.1
29/08/2025 01:00,3013.7
29/08/2025 02:00,2874.8
29/08/2025 03:00,2532.1
29/08/2025 04:00,2454.4
29/08/2025 05:00,2443.3
29/08/2025 06:00,2362.5
29/08/2025 07:00,2459.7
29/08/2025 08:00,2276.4
29/08/2025 09:00,2366.3
29/08/2025 10:00,2360.1
29/08/2025 11:00,2119.1
29/08/2025 12:00,2412.9
29/08/2025 13:00,2674.6
29/08/2025 14:00,2529.9
29/08/2025 15:00,2411.4
29/08/2025 16:00,2438.4
29/08/2025 17:00,2001.7
29/08/2025 18:00,1590.4
29/08/2025 19:00,1917.0
29/08/2025 20:00,2266.3
29/08/2025 21:00,1813.9
29/08/2025 22:00,1916.1
29/08/2025 23:00,1758.5
30/08/2025 00:00,1730.7
30/08/2025 01:00,1670.5
30/08/2025 02:00,1845.6
30/08/2025 03:00,1717.1
30/08/2025 04:00,1530.6
30/08/2025 05:00,1162.9
30/08/2025 06:00,857.8
30/08/2025 07:00,738.4
30/08/2025 08:00,842.9
30/08/2025 09:00,982.4
30/08/2025 10:00,1121.1
30/08/2025 11:00,1741.9
30/08/2025 12:00,1965.5
30/08/2025 13:00,2236.7
30/08/2025 14:00,2143.9
30/08/2025 15:00,2145.1
30/08/2025 16:00,2346.2
30/08/2025 17:00,2130.5
30/08/2025 18:00,1971.8
30/08/2025 19:00,1812.0
30/08/2025 20:00,1980.0
30/08/2025 21:00,2601.2
30/08/2025 22:00,3582.5
30/08/2025 23:00,3960.7
31/08/2025 00:00,4094.5
31/08/2025 01:00,4250.8
31/08/2025 02:00,4345.0
31/08/2025 03:00,4245.6
31/08/2025 04:00,4198.0
31/08/2025 05:00,3884.7
31/08/2025 06:00,3552.7
31/08/2025 07:00,3214.0
31/08/2025 08:00,2325.7
31/08/2025 09:00,1380.1
31/08/2025 10:00,759.9
31/08/2025 11:00,787.9
31/08/2025 12:00,948.5
31/08/2025 13:00,649.8
31/08/2025 14:00,302.9
31/08/2025 15:00,237.7
31/08/2025 16:00,236.4
31/08/2025 17:00,389.0
31/08/2025 18:00,433.4
31/08/2025 19:00,381.7
31/08/2025 20:00,523.7
31/08/2025 21:00,752.8
31/08/2025 22:00,765.0
31/08/2025 23:00,664.8
01/09/2025 00:00,527.4
01/09/2025 01:00,548.4
01/09/2025 02:00,597.6
01/09/2025 03:00,699.1
01/09/2025 04:00,736.9
01/09/2025 05:00,676.5
01/09/2025 06:00,747.0
01/09/2025 07:00,869.7
01/09/2025 08:00,1238.6
01/09/2025 09:00,1509.5
01/09/2025 10:00,1895.8
01/09/2025 11:00,2087.5
01/09/2025 12:00,2370.6
01/09/2025 13:00,2779.2
01/09/2025 14:00,2435.4
01/09/2025 15:00,2660.9
01/09/2025 16:00,2349.6
01/09/2025 17:00,2140.5
01/09/2025 18:00,1763.0
01/09/2025 19:00,1319.1
01/09/2025 20:00,1192.8
01/09/2025 21:00,1240.7
01/09/2025 22:00,1534.9
01/09/2025 23:00,1730.4
02/09/2025 00:00,2078.3
02/09/2025 01:00,2449.0
02/09/2025 02:00,2379.6
02/09/2025 03:00,2178.3
02/09/2025 04:00,1795.7
02/09/2025 05:00,2077.9
02/09/2025 06:00,2423.1
02/09/2025 07:00,2541.6
02/09/2025 08:00,2125.8
02/09/2025 09:00,2309.2
02/09/2025 10:00,2258.3
02/09/2025 11:00,1786.2
02/09/2025 12:00,1760.7
02/09/2025 13:00,1212.0
02/09/2025 14:00,2302.8
02/09/2025 15:00,2119.4
02/09/2025 16:00,1980.2
02/09/2025 17:00,1818.0
02/09/2025 18:00,2537.2
02/09/2025 19:00,3016.7
02/09/2025 20:00,2847.2
02/09/2025 21:00,3067.1
02/09/2025 22:00,3619.0
02/09/2025 23:00,3790.2
03/09/2025 00:00,3784.2
03/09/2025 01:00,3736.0
03/09/2025 02:00,4018.7
03/09/2025 03:00,4247.1
03/09/2025 04:00,4335.9
03/09/2025 05:00,4332.6
03/09/2025 06:00,4411.7
03/09/2025 07:00,4432.7
03/09/2025 08:00,4413.5
03/09/2025 09:00,4275.2
03/09/2025 10:00,4226.2
03/09/2025 11:00,4125.9
03/09/2025 12:00,2469.1
03/09/2025 13:00,2298.9
03/09/2025 14:00,2146.7
03/09/2025 15:00,3487.3
03/09/2025 16:00,4265.7
03/09/2025 17:00,4165.0
03/09/2025 18:00,4319.4
03/09/2025 19:00,4326.4
03/09/2025 20:00,4262.9
03/09/2025 21:00,4220.6
03/09/2025 22:00,4316.0
03/09/2025 23:00,4363.7
04/09/2025 00:00,4366.8
04/09/2025 01:00,4397.1
04/09/2025 02:00,4362.1
04/09/2025 03:00,4295.5
04/09/2025 04:00,4171.8
04/09/2025 05:00,4083.9
04/09/2025 06:00,3851.5
04/09/2025 07:00,3860.7
04/09/2025 08:00,3711.4
04/09/2025 09:00,3424.3
04/09/2025 10:00,3309.3
04/09/2025 11:00,3422.6
04/09/2025 12:00,1982.0
04/09/2025 13:00,2008.4
04/09/2025 14:00,3281.6
04/09/2025 15:00,3499.4
04/09/2025 16:00,3189.3
04/09/2025 17:00,3182.0
04/09/2025 18:00,3189.7
04/09/2025 19:00,3415.7
04/09/2025 20:00,3345.5
04/09/2025 21:00,3564.3
04/09/2025 22:00,2684.3
04/09/2025 23:00,2656.8
05/09/2025 00:00,2704.1
05/09/2025 01:00,2618.2
05/09/2025 02:00,2271.2
05/09/2025 03:00,1903.8
05/09/2025 04:00,1599.9
05/09/2025 05:00,1292.3
05/09/2025 06:00,1087.6
05/09/2025 07:00,1043.6
05/09/2025 08:00,969.4
05/09/2025 09:00,939.7
05/09/2025 10:00,974.6
05/09/2025 11:00,990.7
05/09/2025 12:00,1034.9
05/09/2025 13:00,937.5
05/09/2025 14:00,813.6
05/09/2025 15:00,850.6
05/09/2025 16:00,656.8
05/09/2025 17:00,432.7
05/09/2025 18:00,276.1
05/09/2025 19:00,181.4
05/09/2025 20:00,136.5
05/09/2025 21:00,70.1
05/09/2025 22:00,43.9
05/09/2025 23:00,48.6
06/09/2025 00:00,79.4
06/09/2025 01:00,123.4
06/09/2025 02:00,142.8
06/09/2025 03:00,163.8
06/09/2025 04:00,225.3
06/09/2025 05:00,259.4
06/09/2025 06:00,246.1
06/09/2025 07:00,348.0
06/09/2025 08:00,479.9
06/09/2025 09:00,507.0
06/09/2025 10:00,351.3
06/09/2025 11:00,170.1
06/09/2025 12:00,114.6
06/09/2025 13:00,109.0
06/09/2025 14:00,137.3
06/09/2025 15:00,183.7
06/09/2025 16:00,339.8
06/09/2025 17:00,727.6
06/09/2025 18:00,1375.1
06/09/2025 19:00,2117.8
06/09/2025 20:00,2884.9
06/09/2025 21:00,3147.7
06/09/2025 22:00,3328.8
06/09/2025 23:00,3490.5
07/09/2025 00:00,3142.3
07/09/2025 01:00,3326.4
07/09/2025 02:00,3124.4
07/09/2025 03:00,3028.7
07/09/2025 04:00,3098.0
07/09/2025 05:00,3094.1
07/09/2025 06:00,3121.9
07/09/2025 07:00,3326.2
07/09/2025 08:00,3166.1
07/09/2025 09:00,2901.3
07/09/2025 10:00,1514.9
07/09/2025 11:00,1258.1
07/09/2025 12:00,1028.5
07/09/2025 13:00,947.3
07/09/2025 14:00,1010.9
07/09/2025 15:00,1411.3
07/09/2025 16:00,1865.2
07/09/2025 17:00,2822.3
07/09/2025 18:00,3196.2
07/09/2025 19:00,2994.5
07/09/2025 20:00,2921.9
07/09/2025 21:00,2988.3
07/09/2025 22:00,2620.9
07/09/2025 23:00,1693.0
08/09/2025 00:00,973.5
08/09/2025 01:00,777.1
08/09/2025 02:00,971.3
08/09/2025 03:00,998.9
08/09/2025 04:00,1305.2
08/09/2025 05:00,1354.7
08/09/2025 06:00,1182.6
08/09/2025 07:00,921.5
08/09/2025 08:00,749.9
08/09/2025 09:00,701.4
08/09/2025 10:00,693.9
08/09/2025 11:00,723.6
08/09/2025 12:00,774.7
08/09/2025 13:00,889.1
08/09/2025 14:00,753.6
08/09/2025 15:00,709.0
08/09/2025 16:00,526.7
08/09/2025 17:00,307.6
08/09/2025 18:00,122.6
08/09/2025 19:00,74.9
08/09/2025 20:00,53.0
08/09/2025 21:00,75.3
08/09/2025 22:00,138.1
08/09/2025 23:00,107.9
09/09/2025 00:00,23.7
09/09/2025 01:00,29.9
09/09/2025 02:00,37.5
09/09/2025 03:00,4.0
09/09/2025 04:00,0.2
09/09/2025 05:00,5.9
09/09/2025 06:00,17.6
09/09/2025 07:00,41.1
09/09/2025 08:00,42.1
09/09/2025 09:00,55.8
09/09/2025 10:00,94.1
09/09/2025 11:00,204.6
09/09/2025 12:00,222.3
09/09/2025 13:00,319.9
09/09/2025 14:00,273.2
09/09/2025 15:00,161.8
09/09/2025 16:00,184.7
09/09/2025 17:00,233.5
09/09/2025 18:00,332.2
09/09/2025 19:00,667.1
09/09/2025 20:00,391.4
09/09/2025 21:00,334.3
09/09/2025 22:00,675.9
09/09/2025 23:00,590.0
10/09/2025 00:00,538.6
10/09/2025 01:00,385.8
10/09/2025 02:00,328.7
10/09/2025 03:00,303.9
10/09/2025 04:00,360.7
10/09/2025 05:00,447.8
10/09/2025 06:00,532.4
10/09/2025 07:00,551.8
10/09/2025 08:00,665.0
10/09/2025 09:00,938.8
10/09/2025 10:00,1084.0
10/09/2025 11:00,1157.7
10/09/2025 12:00,981.6
10/09/2025 13:00,615.8
10/09/2025 14:00,735.8
10/09/2025 15:00,1241.0
10/09/2025 16:00,2119.5
10/09/2025 17:00,1718.1
10/09/2025 18:00,1723.7
10/09/2025 19:00,1739.8
10/09/2025 20:00,1730.9
10/09/2025 21:00,2323.7
10/09/2025 22:00,2437.4
10/09/2025 23:00,3239.2
11/09/2025 00:00,3947.4
11/09/2025 01:00,4305.8
11/09/2025 02:00,4335.3
11/09/2025 03:00,4276.8
11/09/2025 04:00,4208.2
11/09/2025 05:00,4204.6
11/09/2025 06:00,4049.2
11/09/2025 07:00,3566.9
11/09/2025 08:00,3141.8
11/09/2025 09:00,3177.8
11/09/2025 10:00,3403.5
11/09/2025 11:00,3290.4
11/09/2025 12:00,1400.1
11/09/2025 13:00,1583.0
11/09/2025 14:00,1765.5
11/09/2025 15:00,3259.2
11/09/2025 16:00,4055.3
11/09/2025 17:00,4247.9
11/09/2025 18:00,4330.2
11/09/2025 19:00,4100.9
11/09/2025 20:00,3892.1
11/09/2025 21:00,4234.7
11/09/2025 22:00,4264.8
11/09/2025 23:00,4255.4
12/09/2025 00:00,4236.6
12/09/2025 01:00,4081.2
12/09/2025 02:00,4072.3
12/09/2025 03:00,4124.8
12/09/2025 04:00,4055.1
12/09/2025 05:00,4244.1
12/09/2025 06:00,4215.4
12/09/2025 07:00,4089.6
12/09/2025 08:00,4052.8
12/09/2025 09:00,3921.4
12/09/2025 10:00,3787.1
12/09/2025 11:00,3029.6
12/09/2025 12:00,1986.1
12/09/2025 13:00,2006.4
12/09/2025 14:00,1739.3
12/09/2025 15:00,1725.6
12/09/2025 16:00,3832.1
12/09/2025 17:00,4066.6
12/09/2025 18:00,4107.7
12/09/2025 19:00,4335.2
12/09/2025 20:00,4362.9
12/09/2025 21:00,4347.9
12/09/2025 22:00,4244.6
12/09/2025 23:00,3970.4
13/09/2025 00:00,3709.5
13/09/2025 01:00,3784.3
13/09/2025 02:00,4006.0
13/09/2025 03:00,3907.8
13/09/2025 04:00,3512.8
13/09/2025 05:00,3681.7
13/09/2025 06:00,3812.0
13/09/2025 07:00,4011.6
13/09/2025 08:00,4045.8
13/09/2025 09:00,3647.5
13/09/2025 10:00,3230.5
13/09/2025 11:00,2335.9
13/09/2025 12:00,2311.3
13/09/2025 13:00,2095.1
13/09/2025 14:00,2334.7
13/09/2025 15:00,2628.4
13/09/2025 16:00,3908.2
13/09/2025 17:00,3973.9
13/09/2025 18:00,3791.8
13/09/2025 19:00,3775.3
13/09/2025 20:00,3463.6
13/09/2025 21:00,3243.4
13/09/2025 22:00,2083.8
13/09/2025 23:00,2421.2
14/09/2025 00:00,2055.6
14/09/2025 01:00,2007.2
14/09/2025 02:00,2288.5
14/09/2025 03:00,1821.1
14/09/2025 04:00,1443.8
14/09/2025 05:00,1114.1
14/09/2025 06:00,1049.4
14/09/2025 07:00,983.2
14/09/2025 08:00,1056.6
14/09/2025 09:00,1218.2
14/09/2025 10:00,1238.4
14/09/2025 11:00,1393.0
14/09/2025 12:00,1509.2
14/09/2025 13:00,1745.2
14/09/2025 14:00,1590.8
14/09/2025 15:00,1622.1
14/09/2025 16:00,1651.9
14/09/2025 17:00,1686.4
14/09/2025 18:00,2600.8
14/09/2025 19:00,2893.2
14/09/2025 20:00,3671.6
14/09/2025 21:00,4174.8
14/09/2025 22:00,4326.6
14/09/2025 23:00,4373.1
15/09/2025 00:00,4270.7
15/09/2025 01:00,4207.4
15/09/2025 02:00,4132.6
15/09/2025 03:00,4147.5
15/09/2025 04:00,3644.8
15/09/2025 05:00,3577.5
15/09/2025 06:00,4220.2
15/09/2025 07:00,4214.6
15/09/2025 08:00,4226.1
15/09/2025 09:00,4116.0
15/09/2025 10:00,3407.5
15/09/2025 11:00,2437.7
15/09/2025 12:00,1934.7
15/09/2025 13:00,1756.8
15/09/2025 14:00,1904.1
15/09/2025 15:00,1905.3
15/09/2025 16:00,1838.3
15/09/2025 17:00,4074.5
15/09/2025 18:00,4174.9
15/09/2025 19:00,4134.3
15/09/2025 20:00,4164.4
15/09/2025 21:00,4132.3
15/09/2025 22:00,4107.6
15/09/2025 23:00,4088.8
16/09/2025 00:00,3914.9
16/09/2025 01:00,3514.4
16/09/2025 02:00,3716.1
16/09/2025 03:00,3720.7
16/09/2025 04:00,3727.6
16/09/2025 05:00,4026.8
16/09/2025 06:00,3979.4
16/09/2025 07:00,4021.0
16/09/2025 08:00,4032.5
16/09/2025 09:00,4033.0
16/09/2025 10:00,4113.2
16/09/2025 11:00,3768.8
16/09/2025 12:00,2415.0
16/09/2025 13:00,3208.2
16/09/2025 14:00,3682.8
16/09/2025 15:00,3310.3
16/09/2025 16:00,3652.4
16/09/2025 17:00,3788.8
16/09/2025 18:00,3688.2
16/09/2025 19:00,3630.5
16/09/2025 20:00,3660.8
16/09/2025 21:00,3323.4
16/09/2025 22:00,3442.3
16/09/2025 23:00,3468.6
17/09/2025 00:00,3616.2
17/09/2025 01:00,3205.3
17/09/2025 02:00,2874.5
17/09/2025 03:00,2442.5
17/09/2025 04:00,2170.2
17/09/2025 05:00,2098.7
17/09/2025 06:00,1806.5
17/09/2025 07:00,1911.3
17/09/2025 08:00,1771.9
17/09/2025 09:00,1478.0
17/09/2025 10:00,1463.5
17/09/2025 11:00,1780.7
17/09/2025 12:00,2016.8
17/09/2025 13:00,3025.6
17/09/2025 14:00,3901.0
17/09/2025 15:00,4004.9
17/09/2025 16:00,4282.9
17/09/2025 17:00,4269.2
17/09/2025 18:00,4279.2
17/09/2025 19:00,4267.3
17/09/2025 20:00,4274.2
17/09/2025 21:00,4268.0
17/09/2025 22:00,4269.3
17/09/2025 23:00,4258.6
18/09/2025 00:00,4176.7
18/09/2025 01:00,4131.5
18/09/2025 02:00,4141.4
18/09/2025 03:00,4163.0
18/09/2025 04:00,4164.1
18/09/2025 05:00,4135.0
18/09/2025 06:00,4076.0
18/09/2025 07:00,4034.4
18/09/2025 08:00,4033.5
18/09/2025 09:00,3948.2
18/09/2025 10:00,3934.4
18/09/2025 11:00,4005.0
18/09/2025 12:00,4028.8
18/09/2025 13:00,4089.7
18/09/2025 14:00,4051.8
18/09/2025 15:00,4061.4
18/09/2025 16:00,4180.2
18/09/2025 17:00,4176.3
18/09/2025 18:00,4164.9
18/09/2025 19:00,4107.9
18/09/2025 20:00,4006.5
18/09/2025 21:00,3755.6
18/09/2025 22:00,3653.6
18/09/2025 23:00,3551.7
19/09/2025 00:00,3371.3
19/09/2025 01:00,3205.5
19/09/2025 02:00,3016.7
19/09/2025 03:00,2676.8
19/09/2025 04:00,2325.9
19/09/2025 05:00,1969.8
19/09/2025 06:00,1709.9
19/09/2025 07:00,1356.4
19/09/2025 08:00,1051.8
19/09/2025 09:00,1093.0
19/09/2025 10:00,1217.4
19/09/2025 11:00,970.4
19/09/2025 12:00,758.7
19/09/2025 13:00,800.1
19/09/2025 14:00,1071.3
19/09/2025 15:00,1234.9
19/09/2025 16:00,1357.1
19/09/2025 17:00,1154.9
19/09/2025 18:00,1064.4
19/09/2025 19:00,1208.2
19/09/2025 20:00,1671.7
19/09/2025 21:00,2044.0
19/09/2025 22:00,2554.6
19/09/2025 23:00,3037.3
20/09/2025 00:00,2987.5
20/09/2025 01:00,2515.4
20/09/2025 02:00,2534.8
20/09/2025 03:00,1961.5
20/09/2025 04:00,1892.0
20/09/2025 05:00,1846.2
20/09/2025 06:00,1405.2
20/09/2025 07:00,1253.8
20/09/2025 08:00,1289.1
20/09/2025 09:00,1183.2
20/09/2025 10:00,1562.8
20/09/2025 11:00,1521.1
20/09/2025 12:00,2503.6
20/09/2025 13:00,2067.0
20/09/2025 14:00,1965.6
20/09/2025 15:00,2779.7
20/09/2025 16:00,2475.5
20/09/2025 17:00,2659.6
20/09/2025 18:00,3152.5
20/09/2025 19:00,3867.1
20/09/2025 20:00,4069.3
20/09/2025 21:00,4191.7
20/09/2025 22:00,4245.5
20/09/2025 23:00,4150.7
21/09/2025 00:00,4302.5
21/09/2025 01:00,4324.7
21/09/2025 02:00,4314.7
21/09/2025 03:00,4315.8
21/09/2025 04:00,4313.8
21/09/2025 05:00,4328.9
21/09/2025 06:00,3992.0
21/09/2025 07:00,3517.3
21/09/2025 08:00,3918.6
21/09/2025 09:00,3451.3
21/09/2025 10:00,2976.9
21/09/2025 11:00,1786.7
21/09/2025 12:00,1205.3
21/09/2025 13:00,1171.8
21/09/2025 14:00,1097.6
21/09/2025 15:00,931.6
21/09/2025 16:00,976.9
21/09/2025 17:00,2720.4
21/09/2025 18:00,2770.3
21/09/2025 19:00,2466.0
21/09/2025 20:00,2573.9
21/09/2025 21:00,2393.4
21/09/2025 22:00,2996.7
21/09/2025 23:00,3204.7
22/09/2025 00:00,3307.1
22/09/2025 01:00,3304.3
22/09/2025 02:00,3094.2
22/09/2025 03:00,3076.5
22/09/2025 04:00,2945.4
22/09/2025 05:00,3335.0
22/09/2025 06:00,3263.9
22/09/2025 07:00,3148.7
22/09/2025 08:00,3236.2
22/09/2025 09:00,3219.6
22/09/2025 10:00,3121.7
22/09/2025 11:00,2808.4
22/09/2025 12:00,3149.3
22/09/2025 13:00,3147.9
22/09/2025 14:00,2792.3
22/09/2025 15:00,3036.2
22/09/2025 16:00,3005.5
22/09/2025 17:00,2749.1
22/09/2025 18:00,2328.5
22/09/2025 19:00,2467.6
22/09/2025 20:00,2826.0
22/09/2025 21:00,2703.6
22/09/2025 22:00,2068.2
22/09/2025 23:00,2208.3
23/09/2025 00:00,1787.4
23/09/2025 01:00,1289.1
23/09/2025 02:00,1057.9
23/09/2025 03:00,1021.6
23/09/2025 04:00,951.3
23/09/2025 05:00,837.7
23/09/2025 06:00,1189.0
23/09/2025 07:00,1014.3
23/09/2025 08:00,988.2
23/09/2025 09:00,935.8
23/09/2025 10:00,933.4
23/09/2025 11:00,1008.3
23/09/2025 12:00,1563.6
23/09/2025 13:00,1262.9
23/09/2025 14:00,1258.8
23/09/2025 15:00,1446.1
23/09/2025 16:00,1667.7
23/09/2025 17:00,1980.9
23/09/2025 18:00,2441.0
23/09/2025 19:00,2805.9
23/09/2025 20:00,3329.5
23/09/2025 21:00,3481.5
23/09/2025 22:00,3330.3
23/09/2025 23:00,3074.0
24/09/2025 00:00,2932.0
24/09/2025 01:00,2578.9
24/09/2025 02:00,2667.1
24/09/2025 03:00,2640.5
24/09/2025 04:00,2788.5
24/09/2025 05:00,2562.4
24/09/2025 06:00,2498.2
24/09/2025 07:00,2732.1
24/09/2025 08:00,2925.4
24/09/2025 09:00,2914.9
24/09/2025 10:00,2873.8
24/09/2025 11:00,2931.5
24/09/2025 12:00,2545.1
24/09/2025 13:00,1929.2
24/09/2025 14:00,2529.9
24/09/2025 15:00,3130.1
24/09/2025 16:00,3716.1
24/09/2025 17:00,3854.3
24/09/2025 18:00,3662.0
24/09/2025 19:00,3408.0
24/09/2025 20:00,1146.7
24/09/2025 21:00,1230.7
24/09/2025 22:00,1368.3
24/09/2025 23:00,2954.6
25/09/2025 00:00,3743.8
25/09/2025 01:00,3756.4
25/09/2025 02:00,3741.8
25/09/2025 03:00,3573.4
25/09/2025 04:00,3475.1
25/09/2025 05:00,3349.7
25/09/2025 06:00,3538.7
25/09/2025 07:00,3799.4
25/09/2025 08:00,3965.2
25/09/2025 09:00,4093.6
25/09/2025 10:00,4118.0
25/09/2025 11:00,4071.7
25/09/2025 12:00,3914.5
25/09/2025 13:00,3971.3
25/09/2025 14:00,3888.3
25/09/2025 15:00,3931.9
25/09/2025 16:00,3732.5
25/09/2025 17:00,3283.8
25/09/2025 18:00,2944.0
25/09/2025 19:00,3503.5
25/09/2025 20:00,802.3
25/09/2025 21:00,762.4
25/09/2025 22:00,729.7
25/09/2025 23:00,3112.0
26/09/2025 00:00,3099.0
26/09/2025 01:00,2731.1
26/09/2025 02:00,2934.8
26/09/2025 03:00,2894.0
26/09/2025 04:00,2783.8
26/09/2025 05:00,2360.2
26/09/2025 06:00,2098.5
26/09/2025 07:00,2130.7
26/09/2025 08:00,1913.4
26/09/2025 09:00,1574.3
26/09/2025 10:00,1320.5
26/09/2025 11:00,991.2
26/09/2025 12:00,812.7
26/09/2025 13:00,814.3
26/09/2025 14:00,855.3
26/09/2025 15:00,728.8
26/09/2025 16:00,614.9
26/09/2025 17:00,519.7
26/09/2025 18:00,522.9
26/09/2025 19:00,691.9
26/09/2025 20:00,650.5
26/09/2025 21:00,605.1
26/09/2025 22:00,553.8
26/09/2025 23:00,544.7
27/09/2025 00:00,389.3
27/09/2025 01:00,475.3
27/09/2025 02:00,369.7
27/09/2025 03:00,245.4
27/09/2025 04:00,292.9
27/09/2025 05:00,271.4
27/09/2025 06:00,240.0
27/09/2025 07:00,188.2
27/09/2025 08:00,162.1
27/09/2025 09:00,194.3
27/09/2025 10:00,222.5
27/09/2025 11:00,237.0
27/09/2025 12:00,270.7
27/09/2025 13:00,246.1
27/09/2025 14:00,168.5
27/09/2025 15:00,110.0
27/09/2025 16:00,90.9
27/09/2025 17:00,57.0
27/09/2025 18:00,49.8
27/09/2025 19:00,66.1
27/09/2025 20:00,62.4
27/09/2025 21:00,123.9
27/09/2025 22:00,231.6
27/09/2025 23:00,276.1
28/09/2025 00:00,462.1
28/09/2025 01:00,459.3
28/09/2025 02:00,297.9
28/09/2025 03:00,137.9
28/09/2025 04:00,190.6
28/09/2025 05:00,200.0
28/09/2025 06:00,209.7
28/09/2025 07:00,219.0
28/09/2025 08:00,194.6
28/09/2025 09:00,217.8
28/09/2025 10:00,241.3
28/09/2025 11:00,138.3
28/09/2025 12:00,49.2
28/09/2025 13:00,19.5
28/09/2025 14:00,7.4
28/09/2025 15:00,11.7
28/09/2025 16:00,8.9
28/09/2025 17:00,6.0
28/09/2025 18:00,5.3
28/09/2025 19:00,1.1
28/09/2025 20:00,0.0
28/09/2025 21:00,0.0
28/09/2025 22:00,0.0
28/09/2025 23:00,0.0
29/09/2025 00:00,0.0
29/09/2025 01:00,0.0
29/09/2025 02:00,0.0
29/09/2025 03:00,0.0
29/09/2025 04:00,0.0
29/09/2025 05:00,0.1
29/09/2025 06:00,11.5
29/09/2025 07:00,47.8
29/09/2025 08:00,58.5
29/09/2025 09:00,85.6
29/09/2025 10:00,130.8
29/09/2025 11:00,232.4
29/09/2025 12:00,296.9
29/09/2025 13:00,303.4
29/09/2025 14:00,320.9
29/09/2025 15:00,541.1
29/09/2025 16:00,575.1
29/09/2025 17:00,630.5
29/09/2025 18:00,704.4
29/09/2025 19:00,735.0
29/09/2025 20:00,843.3
29/09/2025 21:00,679.7
29/09/2025 22:00,591.2
29/09/2025 23:00,705.6
30/09/2025 00:00,630.6
30/09/2025 01:00,560.1
30/09/2025 02:00,505.5
30/09/2025 03:00,466.5
30/09/2025 04:00,511.9
30/09/2025 05:00,359.4
30/09/2025 06:00,355.0
30/09/2025 07:00,400.0
30/09/2025 08:00,348.2
30/09/2025 09:00,301.5
30/09/2025 10:00,284.3
30/09/2025 11:00,185.3
30/09/2025 12:00,188.3
30/09/2025 13:00,179.0
30/09/2025 14:00,167.2
30/09/2025 15:00,209.6
30/09/2025 16:00,222.9
30/09/2025 17:00,190.6
30/09/2025 18:00,140.9
30/09/2025 19:00,89.9
30/09/2025 20:00,66.6
30/09/2025 21:00,66.8
30/09/2025 22:00,66.2
30/09/2025 23:00,77.5
01/10/2025 00:00,119.2
01/10/2025 01:00,84.6
01/10/2025 02:00,74.0
01/10/2025 03:00,68.6
01/10/2025 04:00,82.7
01/10/2025 05:00,76.9
01/10/2025 06:00,138.7
01/10/2025 07:00,172.4
01/10/2025 08:00,192.1
01/10/2025 09:00,137.6
01/10/2025 10:00,198.5
01/10/2025 11:00,240.1
01/10/2025 12:00,268.6
01/10/2025 13:00,380.5
01/10/2025 14:00,408.0
01/10/2025 15:00,355.5
01/10/2025 16:00,239.9
01/10/2025 17:00,199.4
01/10/2025 18:00,215.2
01/10/2025 19:00,261.1
01/10/2025 20:00,480.6
01/10/2025 21:00,868.6
01/10/2025 22:00,1073.2
01/10/2025 23:00,1225.2
02/10/2025 00:00,1213.6
02/10/2025 01:00,1346.7
02/10/2025 02:00,1228.3
02/10/2025 03:00,920.9
02/10/2025 04:00,580.0
02/10/2025 05:00,626.8
02/10/2025 06:00,636.8
02/10/2025 07:00,550.7
02/10/2025 08:00,562.0
02/10/2025 09:00,677.8
02/10/2025 10:00,671.6
02/10/2025 11:00,631.4
02/10/2025 12:00,735.0
02/10/2025 13:00,686.8
02/10/2025 14:00,1021.4
02/10/2025 15:00,1107.3
02/10/2025 16:00,1279.0
02/10/2025 17:00,1400.3
02/10/2025 18:00,1764.5
02/10/2025 19:00,2319.9
02/10/2025 20:00,2326.4
02/10/2025 21:00,2499.7
02/10/2025 22:00,2599.3
02/10/2025 23:00,3383.0
03/10/2025 00:00,3589.2
03/10/2025 01:00,3704.2
03/10/2025 02:00,3696.9
03/10/2025 03:00,3856.4
03/10/2025 04:00,3689.1
03/10/2025 05:00,3814.4
03/10/2025 06:00,3933.7
03/10/2025 07:00,3726.2
03/10/2025 08:00,3644.1
03/10/2025 09:00,3560.6
03/10/2025 10:00,3486.0
03/10/2025 11:00,3544.1
03/10/2025 12:00,3643.3
03/10/2025 13:00,3664.8
03/10/2025 14:00,3939.6
03/10/2025 15:00,4292.5
03/10/2025 16:00,4294.0
03/10/2025 17:00,4410.3
03/10/2025 18:00,4403.6
03/10/2025 19:00,4425.4
03/10/2025 20:00,4370.7
03/10/2025 21:00,4391.8
03/10/2025 22:00,4216.8
03/10/2025 23:00,4132.8
04/10/2025 00:00,3654.5
04/10/2025 01:00,3886.8
04/10/2025 02:00,3722.4
04/10/2025 03:00,3002.4
04/10/2025 04:00,2823.8
04/10/2025 05:00,2926.1
04/10/2025 06:00,3011.1
04/10/2025 07:00,3876.1
04/10/2025 08:00,4306.0
04/10/2025 09:00,4349.7
04/10/2025 10:00,4356.0
04/10/2025 11:00,4094.6
04/10/2025 12:00,4177.3
04/10/2025 13:00,4042.8
04/10/2025 14:00,3193.8
04/10/2025 15:00,3158.1
04/10/2025 16:00,3278.7
04/10/2025 17:00,3434.5
04/10/2025 18:00,4027.5
04/10/2025 19:00,4113.2
04/10/2025 20:00,4142.0
04/10/2025 21:00,4147.4
04/10/2025 22:00,4127.8
04/10/2025 23:00,4053.8
05/10/2025 00:00,3678.9
05/10/2025 01:00,3195.1
05/10/2025 02:00,2920.2
05/10/2025 03:00,2871.6
05/10/2025 04:00,2777.2
05/10/2025 05:00,2641.1
05/10/2025 06:00,2709.0
05/10/2025 07:00,3397.4
05/10/2025 08:00,4039.9
05/10/2025 09:00,3797.1
05/10/2025 10:00,3416.9
05/10/2025 11:00,3720.8
05/10/2025 12:00,3760.1
05/10/2025 13:00,3516.8
05/10/2025 14:00,3495.1
05/10/2025 15:00,3618.1
05/10/2025 16:00,3820.4
05/10/2025 17:00,4248.6
05/10/2025 18:00,4199.9
05/10/2025 19:00,3971.0
05/10/2025 20:00,3920.4
05/10/2025 21:00,3814.8
05/10/2025 22:00,3933.7
05/10/2025 23:00,3791.6
06/10/2025 00:00,3700.0
06/10/2025 01:00,3748.5
06/10/2025 02:00,3495.8
06/10/2025 03:00,3482.1
06/10/2025 04:00,3383.2
06/10/2025 05:00,3078.8
06/10/2025 06:00,3012.4
06/10/2025 07:00,2793.6
06/10/2025 08:00,2541.9
06/10/2025 09:00,2688.2
06/10/2025 10:00,2649.8
06/10/2025 11:00,2500.6
06/10/2025 12:00,2003.5
06/10/2025 13:00,1626.3
06/10/2025 14:00,1574.8
06/10/2025 15:00,1929.0
06/10/2025 16:00,1911.8
06/10/2025 17:00,1733.2
06/10/2025 18:00,1277.5
06/10/2025 19:00,778.1
06/10/2025 20:00,580.8
06/10/2025 21:00,510.9
06/10/2025 22:00,459.0
06/10/2025 23:00,383.3
07/10/2025 00:00,368.9
07/10/2025 01:00,380.7
07/10/2025 02:00,425.7
07/10/2025 03:00,423.1
07/10/2025 04:00,540.6
07/10/2025 05:00,641.5
07/10/2025 06:00,625.4
07/10/2025 07:00,782.5
07/10/2025 08:00,978.2
07/10/2025 09:00,1298.1
07/10/2025 10:00,1852.3
07/10/2025 11:00,2204.3
07/10/2025 12:00,1885.1
07/10/2025 13:00,1666.0
07/10/2025 14:00,1690.1
07/10/2025 15:00,1605.4
07/10/2025 16:00,1476.8
07/10/2025 17:00,1594.2
07/10/2025 18:00,1722.0
07/10/2025 19:00,1697.6
07/10/2025 20:00,1589.6
07/10/2025 21:00,1329.5
07/10/2025 22:00,1162.2
07/10/2025 23:00,850.3
08/10/2025 00:00,718.1
08/10/2025 01:00,624.5
08/10/2025 02:00,627.2
08/10/2025 03:00,636.4
08/10/2025 04:00,663.8
08/10/2025 05:00,648.0
08/10/2025 06:00,544.7
08/10/2025 07:00,363.2
08/10/2025 08:00,329.1
08/10/2025 09:00,308.8
08/10/2025 10:00,184.7
08/10/2025 11:00,160.0
08/10/2025 12:00,213.5
08/10/2025 13:00,283.3
08/10/2025 14:00,433.8
08/10/2025 15:00,494.9
08/10/2025 16:00,333.6
08/10/2025 17:00,311.0
08/10/2025 18:00,890.1
08/10/2025 19:00,1315.6
08/10/2025 20:00,1606.5
08/10/2025 21:00,1248.5
08/10/2025 22:00,878.7
08/10/2025 23:00,829.2
09/10/2025 00:00,683.9
09/10/2025 01:00,484.4
09/10/2025 02:00,391.7
09/10/2025 03:00,547.3
09/10/2025 04:00,491.5
09/10/2025 05:00,431.2
09/10/2025 06:00,305.6
09/10/2025 07:00,293.2
09/10/2025 08:00,350.5
09/10/2025 09:00,427.1
09/10/2025 10:00,513.9
09/10/2025 11:00,871.6
09/10/2025 12:00,1061.7
09/10/2025 13:00,994.3
09/10/2025 14:00,1045.9
09/10/2025 15:00,811.1
09/10/2025 16:00,998.5
09/10/2025 17:00,1069.6
09/10/2025 18:00,1254.3
09/10/2025 19:00,1243.4
09/10/2025 20:00,1034.1
09/10/2025 21:00,936.2
09/10/2025 22:00,921.4
09/10/2025 23:00,1007.8
10/10/2025 00:00,959.0
10/10/2025 01:00,669.5
10/10/2025 02:00,594.6
10/10/2025 03:00,586.7
10/10/2025 04:00,574.3
10/10/2025 05:00,510.0
10/10/2025 06:00,594.0
10/10/2025 07:00,777.9
10/10/2025 08:00,761.7
10/10/2025 09:00,785.8
10/10/2025 10:00,672.6
10/10/2025 11:00,627.4
10/10/2025 12:00,416.8
10/10/2025 13:00,428.7
10/10/2025 14:00,470.1
10/10/2025 15:00,496.9
10/10/2025 16:00,506.5
10/10/2025 17:00,534.9
10/10/2025 18:00,593.1
10/10/2025 19:00,583.6
10/10/2025 20:00,397.4
10/10/2025 21:00,381.4
10/10/2025 22:00,404.2
10/10/2025 23:00,462.9
11/10/2025 00:00,527.7
11/10/2025 01:00,432.2
11/10/2025 02:00,338.8
11/10/2025 03:00,257.4
11/10/2025 04:00,250.3
11/10/2025 05:00,239.3
11/10/2025 06:00,227.2
11/10/2025 07:00,286.4
11/10/2025 08:00,301.7
11/10/2025 09:00,226.1
11/10/2025 10:00,175.9
11/10/2025 11:00,209.4
11/10/2025 12:00,215.5
11/10/2025 13:00,227.5
11/10/2025 14:00,238.1
11/10/2025 15:00,235.9
11/10/2025 16:00,247.0
11/10/2025 17:00,201.6
11/10/2025 18:00,126.9
11/10/2025 19:00,92.8
11/10/2025 20:00,60.2
11/10/2025 21:00,35.4
11/10/2025 22:00,74.1
11/10/2025 23:00,85.3
12/10/2025 00:00,45.4
12/10/2025 01:00,36.0
12/10/2025 02:00,56.0
12/10/2025 03:00,110.3
12/10/2025 04:00,180.9
12/10/2025 05:00,219.7
12/10/2025 06:00,292.9
12/10/2025 07:00,327.9
12/10/2025 08:00,399.7
12/10/2025 09:00,436.1
12/10/2025 10:00,460.8
12/10/2025 11:00,493.8
12/10/2025 12:00,528.7
12/10/2025 13:00,510.5
12/10/2025 14:00,583.6
12/10/2025 15:00,592.9
12/10/2025 16:00,724.9
12/10/2025 17:00,690.6
12/10/2025 18:00,675.2
12/10/2025 19:00,808.1
12/10/2025 20:00,963.0
12/10/2025 21:00,1052.6
12/10/2025 22:00,1091.9
12/10/2025 23:00,1042.6
13/10/2025 00:00,168.8
13/10/2025 01:00,146.0
13/10/2025 02:00,108.4
13/10/2025 03:00,121.9
13/10/2025 04:00,115.3
13/10/2025 05:00,108.5
13/10/2025 06:00,449.5
13/10/2025 07:00,515.5
13/10/2025 08:00,533.8
13/10/2025 09:00,467.3
13/10/2025 10:00,451.7
13/10/2025 11:00,541.1
13/10/2025 12:00,459.0
13/10/2025 13:00,385.8
13/10/2025 14:00,356.6
13/10/2025 15:00,390.1
13/10/2025 16:00,421.0
13/10/2025 17:00,408.9
13/10/2025 18:00,56.7
13/10/2025 19:00,55.0
13/10/2025 20:00,80.9
13/10/2025 21:00,100.8
13/10/2025 22:00,94.9
13/10/2025 23:00,80.8
14/10/2025 00:00,423.1
14/10/2025 01:00,433.3
14/10/2025 02:00,366.2
14/10/2025 03:00,380.6
14/10/2025 04:00,379.3
14/10/2025 05:00,345.8
14/10/2025 06:00,336.0
14/10/2025 07:00,401.4
14/10/2025 08:00,466.2
14/10/2025 09:00,601.1
14/10/2025 10:00,598.9
14/10/2025 11:00,553.1
14/10/2025 12:00,609.5
14/10/2025 13:00,764.0
14/10/2025 14:00,832.1
14/10/2025 15:00,923.4
14/10/2025 16:00,1019.7
14/10/2025 17:00,857.9
14/10/2025 18:00,259.6
14/10/2025 19:00,342.3
14/10/2025 20:00,400.9
14/10/2025 21:00,369.1
14/10/2025 22:00,437.2
14/10/2025 23:00,436.1
15/10/2025 00:00,845.0
15/10/2025 01:00,718.2
15/10/2025 02:00,585.5
15/10/2025 03:00,678.2
15/10/2025 04:00,643.4
15/10/2025 05:00,630.5
15/10/2025 06:00,692.2
15/10/2025 07:00,652.6
15/10/2025 08:00,669.6
15/10/2025 09:00,703.6
15/10/2025 10:00,628.5
15/10/2025 11:00,552.4
15/10/2025 12:00,501.2
15/10/2025 13:00,688.3
15/10/2025 14:00,708.4
15/10/2025 15:00,759.8
15/10/2025 16:00,923.0
15/10/2025 17:00,1125.6
15/10/2025 18:00,1317.5
15/10/2025 19:00,1139.1
15/10/2025 20:00,1023.1
15/10/2025 21:00,868.3
15/10/2025 22:00,676.1
15/10/2025 23:00,659.9
16/10/2025 00:00,765.5
16/10/2025 01:00,703.7
16/10/2025 02:00,864.9
16/10/2025 03:00,990.2
16/10/2025 04:00,906.4
16/10/2025 05:00,1011.0
16/10/2025 06:00,1342.1
16/10/2025 07:00,1409.7
16/10/2025 08:00,1083.7
16/10/2025 09:00,950.0
16/10/2025 10:00,1178.5
16/10/2025 11:00,1303.3
16/10/2025 12:00,1281.9
16/10/2025 13:00,1149.9
16/10/2025 14:00,1198.5
16/10/2025 15:00,881.8
16/10/2025 16:00,1038.4
16/10/2025 17:00,1166.2
16/10/2025 18:00,1129.7
16/10/2025 19:00,1248.9
16/10/2025 20:00,1114.0
16/10/2025 21:00,1194.3
16/10/2025 22:00,1036.5
16/10/2025 23:00,911.5
17/10/2025 00:00,983.4
17/10/2025 01:00,1164.2
17/10/2025 02:00,855.5
17/10/2025 03:00,688.3
17/10/2025 04:00,603.1
17/10/2025 05:00,857.5
17/10/2025 06:00,896.3
17/10/2025 07:00,904.9
17/10/2025 08:00,961.6
17/10/2025 09:00,881.2
17/10/2025 10:00,689.2
17/10/2025 11:00,565.1
17/10/2025 12:00,496.7
17/10/2025 13:00,546.8
17/10/2025 14:00,577.5
17/10/2025 15:00,622.2
17/10/2025 16:00,548.6
17/10/2025 17:00,569.9
17/10/2025 18:00,736.9
17/10/2025 19:00,700.0
17/10/2025 20:00,669.7
17/10/2025 21:00,432.2
17/10/2025 22:00,261.9
17/10/2025 23:00,361.6
18/10/2025 00:00,370.2
18/10/2025 01:00,291.2
18/10/2025 02:00,235.8
18/10/2025 03:00,172.2
18/10/2025 04:00,218.8
18/10/2025 05:00,247.2
18/10/2025 06:00,333.0
18/10/2025 07:00,381.4
18/10/2025 08:00,534.3
18/10/2025 09:00,606.6
18/10/2025 10:00,648.1
18/10/2025 11:00,829.9
18/10/2025 12:00,789.1
18/10/2025 13:00,667.5
18/10/2025 14:00,627.7
18/10/2025 15:00,645.4
18/10/2025 16:00,884.2
18/10/2025 17:00,1138.5
18/10/2025 18:00,1227.7
18/10/2025 19:00,1434.1
18/10/2025 20:00,1918.1
18/10/2025 21:00,2063.2
18/10/2025 22:00,2333.6
18/10/2025 23:00,2289.7
19/10/2025 00:00,2095.9
19/10/2025 01:00,1757.1
19/10/2025 02:00,1573.9
19/10/2025 03:00,1700.8
19/10/2025 04:00,1818.1
19/10/2025 05:00,2097.9
19/10/2025 06:00,2161.7
19/10/2025 07:00,1849.3
19/10/2025 08:00,1985.1
19/10/2025 09:00,1943.3
19/10/2025 10:00,1883.7
19/10/2025 11:00,1776.9
19/10/2025 12:00,1636.4
19/10/2025 13:00,1496.4
19/10/2025 14:00,1289.4
19/10/2025 15:00,1868.9
19/10/2025 16:00,2817.9
19/10/2025 17:00,3012.9
19/10/2025 18:00,3295.1
19/10/2025 19:00,3653.5
19/10/2025 20:00,4006.4
19/10/2025 21:00,4154.9
19/10/2025 22:00,4376.2
19/10/2025 23:00,4477.5
20/10/2025 00:00,4373.0
20/10/2025 01:00,4395.1
20/10/2025 02:00,4396.3
20/10/2025 03:00,4360.7
20/10/2025 04:00,4102.6
20/10/2025 05:00,3552.5
20/10/2025 06:00,3151.7
20/10/2025 07:00,2860.1
20/10/2025 08:00,2488.5
20/10/2025 09:00,2426.3
20/10/2025 10:00,2952.1
20/10/2025 11:00,3071.8
20/10/2025 12:00,3445.7
20/10/2025 13:00,3787.0
20/10/2025 14:00,3726.9
20/10/2025 15:00,3907.3
20/10/2025 16:00,3839.8
20/10/2025 17:00,3913.0
20/10/2025 18:00,3939.4
20/10/2025 19:00,4023.1
20/10/2025 20:00,4418.9
20/10/2025 21:00,4417.4
20/10/2025 22:00,4402.6
20/10/2025 23:00,4432.5
21/10/2025 00:00,4333.5
21/10/2025 01:00,4277.2
21/10/2025 02:00,4040.8
21/10/2025 03:00,4041.9
21/10/2025 04:00,3936.8
21/10/2025 05:00,3793.7
21/10/2025 06:00,3834.9
21/10/2025 07:00,3867.6
21/10/2025 08:00,3757.8
21/10/2025 09:00,3418.6
21/10/2025 10:00,3563.6
21/10/2025 11:00,3364.8
21/10/2025 12:00,3707.1
21/10/2025 13:00,3387.4
21/10/2025 14:00,3694.1
21/10/2025 15:00,3788.4
21/10/2025 16:00,3953.4
21/10/2025 17:00,3929.5
21/10/2025 18:00,3982.0
21/10/2025 19:00,3966.7
21/10/2025 20:00,3887.5
21/10/2025 21:00,3870.7
21/10/2025 22:00,3846.6
21/10/2025 23:00,3472.0
22/10/2025 00:00,3272.1
22/10/2025 01:00,3136.3
22/10/2025 02:00,2888.6
22/10/2025 03:00,2556.7
22/10/2025 04:00,2551.0
22/10/2025 05:00,2257.3
22/10/2025 06:00,1927.2
22/10/2025 07:00,1655.9
22/10/2025 08:00,1436.8
22/10/2025 09:00,1184.7
22/10/2025 10:00,1112.0
22/10/2025 11:00,977.3
22/10/2025 12:00,840.2
22/10/2025 13:00,891.7
22/10/2025 14:00,675.5
22/10/2025 15:00,515.0
22/10/2025 16:00,449.4
22/10/2025 17:00,290.3
22/10/2025 18:00,232.7
22/10/2025 19:00,332.3
22/10/2025 20:00,415.0
22/10/2025 21:00,662.0
22/10/2025 22:00,1113.8
22/10/2025 23:00,1701.2
23/10/2025 00:00,2373.4
23/10/2025 01:00,3219.0
23/10/2025 02:00,3614.2
23/10/2025 03:00,3857.6
23/10/2025 04:00,4063.8
23/10/2025 05:00,4025.6
23/10/2025 06:00,3986.9
23/10/2025 07:00,3941.8
23/10/2025 08:00,4213.5
23/10/2025 09:00,4228.2
23/10/2025 10:00,4195.0
23/10/2025 11:00,3880.5
23/10/2025 12:00,3108.0
23/10/2025 13:00,2206.4
23/10/2025 14:00,1480.2
23/10/2025 15:00,1379.3
23/10/2025 16:00,2446.7
23/10/2025 17:00,3470.2
23/10/2025 18:00,3469.5
23/10/2025 19:00,3549.1
23/10/2025 20:00,3579.8
23/10/2025 21:00,3533.2
23/10/2025 22:00,2837.3
23/10/2025 23:00,3687.3
24/10/2025 00:00,3522.8
24/10/2025 01:00,3422.6
24/10/2025 02:00,3505.1
24/10/2025 03:00,3648.5
24/10/2025 04:00,3889.1
24/10/2025 05:00,3942.4
24/10/2025 06:00,3803.9
24/10/2025 07:00,3873.9
24/10/2025 08:00,3843.8
24/10/2025 09:00,3738.9
24/10/2025 10:00,3906.1
24/10/2025 11:00,3389.7
24/10/2025 12:00,2869.6
24/10/2025 13:00,2442.8
24/10/2025 14:00,2397.1
24/10/2025 15:00,2265.3
24/10/2025 16:00,3874.4
24/10/2025 17:00,4131.7
24/10/2025 18:00,4154.4
24/10/2025 19:00,4165.3
24/10/2025 20:00,4148.4
24/10/2025 21:00,4169.7
24/10/2025 22:00,4157.8
24/10/2025 23:00,4057.7
25/10/2025 00:00,4063.5
25/10/2025 01:00,3946.8
25/10/2025 02:00,3586.2
25/10/2025 03:00,3563.0
25/10/2025 04:00,3539.9
25/10/2025 05:00,3547.9
25/10/2025 06:00,3908.8
25/10/2025 07:00,4089.2
25/10/2025 08:00,3967.5
25/10/2025 09:00,3809.1
25/10/2025 10:00,3859.6
25/10/2025 11:00,3856.8
25/10/2025 12:00,4166.5
25/10/2025 13:00,4116.4
25/10/2025 14:00,3848.7
25/10/2025 15:00,3982.8
25/10/2025 16:00,3971.9
25/10/2025 17:00,4020.3
25/10/2025 18:00,4054.6
25/10/2025 19:00,4063.9
25/10/2025 20:00,3839.4
25/10/2025 21:00,3942.1
25/10/2025 22:00,3978.5
25/10/2025 23:00,3909.6
26/10/2025 00:00,3865.0
26/10/2025 01:00,3793.7
26/10/2025 02:00,3844.9
26/10/2025 03:00,3720.7
26/10/2025 04:00,3737.1
26/10/2025 05:00,3804.8
26/10/2025 06:00,3900.3
26/10/2025 07:00,3895.5
26/10/2025 08:00,3950.4
26/10/2025 09:00,3906.3
26/10/2025 10:00,3547.6
26/10/2025 11:00,3747.1
26/10/2025 12:00,3544.9
26/10/2025 13:00,3865.6
26/10/2025 14:00,3675.8
26/10/2025 15:00,3961.8
26/10/2025 16:00,4028.5
26/10/2025 17:00,4051.9
26/10/2025 18:00,3943.0
26/10/2025 19:00,3934.3
26/10/2025 20:00,3958.0
26/10/2025 21:00,3967.3
26/10/2025 22:00,3892.0
26/10/2025 23:00,3788.2
27/10/2025 00:00,3066.5
27/10/2025 01:00,2984.2
27/10/2025 02:00,2555.5
27/10/2025 03:00,2375.5
27/10/2025 04:00,2570.3
27/10/2025 05:00,3330.6
27/10/2025 06:00,3945.9
27/10/2025 07:00,3870.1
27/10/2025 08:00,3747.7
27/10/2025 09:00,3858.2
27/10/2025 10:00,4028.6
27/10/2025 11:00,4061.0
27/10/2025 12:00,4082.2
27/10/2025 13:00,4082.9
27/10/2025 14:00,3799.1
27/10/2025 15:00,4127.8
27/10/2025 16:00,4085.8
27/10/2025 17:00,3974.8
27/10/2025 18:00,3779.3
27/10/2025 19:00,3835.7
27/10/2025 20:00,3878.2
27/10/2025 21:00,3775.9
27/10/2025 22:00,3512.8
27/10/2025 23:00,2960.0
28/10/2025 00:00,3185.4
28/10/2025 01:00,3653.7
28/10/2025 02:00,3739.4
28/10/2025 03:00,3950.2
28/10/2025 04:00,3940.6
28/10/2025 05:00,3917.9
28/10/2025 06:00,3864.4
28/10/2025 07:00,4078.1
28/10/2025 08:00,4036.4
28/10/2025 09:00,4043.2
28/10/2025 10:00,4055.2
28/10/2025 11:00,4027.2
28/10/2025 12:00,4002.7
28/10/2025 13:00,4022.5
28/10/2025 14:00,4015.9
28/10/2025 15:00,4034.0
28/10/2025 16:00,3996.4
28/10/2025 17:00,3993.3
28/10/2025 18:00,3947.4
28/10/2025 19:00,3910.6
28/10/2025 20:00,3962.2
28/10/2025 21:00,4008.2
28/10/2025 22:00,3931.2
28/10/2025 23:00,3664.4
29/10/2025 00:00,3609.3
29/10/2025 01:00,3513.2
29/10/2025 02:00,3173.0
29/10/2025 03:00,3311.0
29/10/2025 04:00,3366.3
29/10/2025 05:00,3537.3
29/10/2025 06:00,3590.8
29/10/2025 07:00,3817.0
29/10/2025 08:00,3882.5
29/10/2025 09:00,3882.1
29/10/2025 10:00,3822.3
29/10/2025 11:00,3895.1
29/10/2025 12:00,3731.8
29/10/2025 13:00,3320.2
29/10/2025 14:00,3012.7
29/10/2025 15:00,2729.5
29/10/2025 16:00,2584.1
29/10/2025 17:00,2589.3
29/10/2025 18:00,2333.1
29/10/2025 19:00,1929.5
29/10/2025 20:00,1848.5
29/10/2025 21:00,2165.9
29/10/2025 22:00,2551.2
29/10/2025 23:00,3089.3
30/10/2025 00:00,3327.8
30/10/2025 01:00,3550.6
30/10/2025 02:00,4128.6
30/10/2025 03:00,4108.3
30/10/2025 04:00,4099.7
30/10/2025 05:00,4139.4
30/10/2025 06:00,3981.2
30/10/2025 07:00,3828.3
30/10/2025 08:00,3525.7
30/10/2025 09:00,3226.0
30/10/2025 10:00,2836.6
30/10/2025 11:00,2181.5
30/10/2025 12:00,1766.8
30/10/2025 13:00,1673.1
30/10/2025 14:00,1439.4
30/10/2025 15:00,1413.3
30/10/2025 16:00,1116.4
30/10/2025 17:00,1154.1
30/10/2025 18:00,1384.1
30/10/2025 19:00,1743.3
30/10/2025 20:00,2241.3
30/10/2025 21:00,2433.8
30/10/2025 22:00,2538.5
30/10/2025 23:00,2893.1
31/10/2025 00:00,3512.8
31/10/2025 01:00,3863.7
31/10/2025 02:00,3991.6
31/10/2025 03:00,3982.4
31/10/2025 04:00,4181.6
31/10/2025 05:00,4136.7
31/10/2025 06:00,3950.8
31/10/2025 07:00,3706.9
31/10/2025 08:00,3459.5
31/10/2025 09:00,3191.1
31/10/2025 10:00,3050.9
31/10/2025 11:00,3135.1
31/10/2025 12:00,3112.1
31/10/2025 13:00,3147.9
31/10/2025 14:00,3242.3
31/10/2025 15:00,3277.3
31/10/2025 16:00,3716.2
31/10/2025 17:00,3953.1
31/10/2025 18:00,4250.5
31/10/2025 19:00,4362.7
31/10/2025 20:00,4441.5
31/10/2025 21:00,4420.2
31/10/2025 22:00,4423.6
31/10/2025 23:00,4431.2
01/11/2025 00:00,4428.6
01/11/2025 01:00,4409.8
01/11/2025 02:00,4384.6
01/11/2025 03:00,4378.3
01/11/2025 04:00,4292.2
01/11/2025 05:00,4118.7
01/11/2025 06:00,3895.4
01/11/2025 07:00,4013.9
01/11/2025 08:00,4044.1
01/11/2025 09:00,3763.2
01/11/2025 10:00,3690.4
01/11/2025 11:00,3814.3
01/11/2025 12:00,4093.6
01/11/2025 13:00,4056.3
01/11/2025 14:00,3975.1
01/11/2025 15:00,3993.4
01/11/2025 16:00,4087.1
01/11/2025 17:00,4131.2
01/11/2025 18:00,4152.6
01/11/2025 19:00,4009.9
01/11/2025 20:00,4041.1
01/11/2025 21:00,4132.8
01/11/2025 22:00,4010.0
01/11/2025 23:00,4031.2
02/11/2025 00:00,4034.2
02/11/2025 01:00,3828.2
02/11/2025 02:00,3490.3
02/11/2025 03:00,3071.5
02/11/2025 04:00,2791.0
02/11/2025 05:00,2492.1
02/11/2025 06:00,2422.8
02/11/2025 07:00,2418.4
02/11/2025 08:00,2395.9
02/11/2025 09:00,2566.7
02/11/2025 10:00,2811.7
02/11/2025 11:00,3238.0
02/11/2025 12:00,3120.6
02/11/2025 13:00,3206.7
02/11/2025 14:00,2426.3
02/11/2025 15:00,2525.4
02/11/2025 16:00,2680.1
02/11/2025 17:00,3078.5
02/11/2025 18:00,3222.6
02/11/2025 19:00,3195.6
02/11/2025 20:00,2796.6
02/11/2025 21:00,2116.9
02/11/2025 22:00,1792.4
02/11/2025 23:00,2371.3
03/11/2025 00:00,2167.8
03/11/2025 01:00,1897.1
03/11/2025 02:00,2294.6
03/11/2025 03:00,2933.1
03/11/2025 04:00,3328.2
03/11/2025 05:00,3628.6
03/11/2025 06:00,3558.5
03/11/2025 07:00,3957.0
03/11/2025 08:00,4236.6
03/11/2025 09:00,4332.1
03/11/2025 10:00,4382.7
03/11/2025 11:00,4360.3
03/11/2025 12:00,4400.1
03/11/2025 13:00,4401.5
03/11/2025 14:00,4382.4
03/11/2025 15:00,4381.9
03/11/2025 16:00,4383.8
03/11/2025 17:00,4363.8
03/11/2025 18:00,4296.5
03/11/2025 19:00,4329.3
03/11/2025 20:00,4316.6
03/11/2025 21:00,4315.4
03/11/2025 22:00,4425.3
03/11/2025 23:00,4409.8
04/11/2025 00:00,4400.6
04/11/2025 01:00,4368.6
04/11/2025 02:00,4294.8
04/11/2025 03:00,4275.5
04/11/2025 04:00,4160.2
04/11/2025 05:00,4131.2
04/11/2025 06:00,4196.5
04/11/2025 07:00,4202.3
04/11/2025 08:00,4156.2
04/11/2025 09:00,4150.2
04/11/2025 10:00,3834.2
04/11/2025 11:00,3359.8
04/11/2025 12:00,3318.4
04/11/2025 13:00,3577.1
04/11/2025 14:00,4214.5
04/11/2025 15:00,4074.1
04/11/2025 16:00,4174.9
04/11/2025 17:00,4267.9
04/11/2025 18:00,4231.1
04/11/2025 19:00,4272.2
04/11/2025 20:00,4288.7
04/11/2025 21:00,4222.3
04/11/2025 22:00,4222.5
04/11/2025 23:00,4166.9
05/11/2025 00:00,4106.7
05/11/2025 01:00,4163.2
05/11/2025 02:00,4115.2
05/11/2025 03:00,3877.7
05/11/2025 04:00,3755.0
05/11/2025 05:00,3456.1
05/11/2025 06:00,2961.5
05/11/2025 07:00,2910.8
05/11/2025 08:00,3016.1
05/11/2025 09:00,2902.5
05/11/2025 10:00,2866.5
05/11/2025 11:00,2606.5
05/11/2025 12:00,2678.3
05/11/2025 13:00,2368.0
05/11/2025 14:00,2669.8
05/11/2025 15:00,3350.9
05/11/2025 16:00,3800.5
05/11/2025 17:00,4060.7
05/11/2025 18:00,4220.5
05/11/2025 19:00,4215.7
05/11/2025 20:00,4056.4
05/11/2025 21:00,3761.9
05/11/2025 22:00,3257.2
05/11/2025 23:00,2675.5
06/11/2025 00:00,2199.4
06/11/2025 01:00,1986.7
06/11/2025 02:00,1574.4
06/11/2025 03:00,1552.7
06/11/2025 04:00,1533.5
06/11/2025 05:00,1132.5
06/11/2025 06:00,973.9
06/11/2025 07:00,914.7
06/11/2025 08:00,728.1
06/11/2025 09:00,477.8
06/11/2025 10:00,188.8
06/11/2025 11:00,272.5
06/11/2025 12:00,117.8
06/11/2025 13:00,130.7
06/11/2025 14:00,188.4
06/11/2025 15:00,334.3
06/11/2025 16:00,557.0
06/11/2025 17:00,655.5
06/11/2025 18:00,591.4
06/11/2025 19:00,545.9
06/11/2025 20:00,519.2
06/11/2025 21:00,633.3
06/11/2025 22:00,736.9
06/11/2025 23:00,829.7
07/11/2025 00:00,659.5
07/11/2025 01:00,603.6
07/11/2025 02:00,588.4
07/11/2025 03:00,373.1
07/11/2025 04:00,352.7
07/11/2025 05:00,368.9
07/11/2025 06:00,311.0
07/11/2025 07:00,195.9
07/11/2025 08:00,164.7
07/11/2025 09:00,188.0
07/11/2025 10:00,204.1
07/11/2025 11:00,124.5
07/11/2025 12:00,97.3
07/11/2025 13:00,212.2
07/11/2025 14:00,379.1
07/11/2025 15:00,534.7
07/11/2025 16:00,858.6
07/11/2025 17:00,1162.0
07/11/2025 18:00,1069.0
07/11/2025 19:00,1142.2
07/11/2025 20:00,782.6
07/11/2025 21:00,623.5
07/11/2025 22:00,582.8
07/11/2025 23:00,405.7
08/11/2025 00:00,346.6
08/11/2025 01:00,340.3
08/11/2025 02:00,320.9
08/11/2025 03:00,272.3
08/11/2025 04:00,241.8
08/11/2025 05:00,257.3
08/11/2025 06:00,182.1
08/11/2025 07:00,64.2
08/11/2025 08:00,35.5
08/11/2025 09:00,44.7
08/11/2025 10:00,18.9
08/11/2025 11:00,28.0
08/11/2025 12:00,41.6
08/11/2025 13:00,25.0
08/11/2025 14:00,18.7
08/11/2025 15:00,1.0
08/11/2025 16:00,38.7
08/11/2025 17:00,122.6
08/11/2025 18:00,0.6
08/11/2025 19:00,11.1
08/11/2025 20:00,24.5
08/11/2025 21:00,18.4
08/11/2025 22:00,5.4
08/11/2025 23:00,13.0
09/11/2025 00:00,185.6
09/11/2025 01:00,238.1
09/11/2025 02:00,291.5
09/11/2025 03:00,232.2
09/11/2025 04:00,200.8
09/11/2025 05:00,190.2
09/11/2025 06:00,328.6
09/11/2025 07:00,339.7
09/11/2025 08:00,185.4
09/11/2025 09:00,242.7
09/11/2025 10:00,329.1
09/11/2025 11:00,366.0
09/11/2025 12:00,428.1
09/11/2025 13:00,455.9
09/11/2025 14:00,542.3
09/11/2025 15:00,567.2
09/11/2025 16:00,745.6
09/11/2025 17:00,806.4
09/11/2025 18:00,800.6
09/11/2025 19:00,953.6
09/11/2025 20:00,1262.2
09/11/2025 21:00,1493.8
09/11/2025 22:00,1693.1
09/11/2025 23:00,2011.4
10/11/2025 00:00,1973.1
10/11/2025 01:00,2114.2
10/11/2025 02:00,2468.3
10/11/2025 03:00,2618.2
10/11/2025 04:00,2908.5
10/11/2025 05:00,2964.5
10/11/2025 06:00,3124.8
10/11/2025 07:00,3284.7
10/11/2025 08:00,3329.0
10/11/2025 09:00,3296.4
10/11/2025 10:00,3262.6
10/11/2025 11:00,3187.9
10/11/2025 12:00,3488.7
10/11/2025 13:00,3571.2
10/11/2025 14:00,3594.4
10/11/2025 15:00,3778.1
10/11/2025 16:00,3873.8
10/11/2025 17:00,4071.6
10/11/2025 18:00,4171.1
10/11/2025 19:00,4293.7
10/11/2025 20:00,4414.3
10/11/2025 21:00,4420.1
10/11/2025 22:00,4392.7
10/11/2025 23:00,4166.4
11/11/2025 00:00,3941.5
11/11/2025 01:00,3970.9
11/11/2025 02:00,4044.0
11/11/2025 03:00,3843.4
11/11/2025 04:00,3616.1
11/11/2025 05:00,3294.0
11/11/2025 06:00,3128.2
11/11/2025 07:00,3077.6
11/11/2025 08:00,2821.7
11/11/2025 09:00,2892.3
11/11/2025 10:00,3089.1
11/11/2025 11:00,2996.3
11/11/2025 12:00,3286.5
11/11/2025 13:00,3798.7
11/11/2025 14:00,4013.8
11/11/2025 15:00,3983.2
11/11/2025 16:00,4090.1
11/11/2025 17:00,4331.2
11/11/2025 18:00,4383.0
11/11/2025 19:00,4432.7
11/11/2025 20:00,4432.7
11/11/2025 21:00,4474.7
11/11/2025 22:00,4512.2
11/11/2025 23:00,4508.0
12/11/2025 00:00,4465.2
12/11/2025 01:00,4445.3
12/11/2025 02:00,4350.9
12/11/2025 03:00,4358.1
12/11/2025 04:00,4264.4
12/11/2025 05:00,4095.3
12/11/2025 06:00,4016.1
12/11/2025 07:00,4037.9
12/11/2025 08:00,3878.2
12/11/2025 09:00,3937.1
12/11/2025 10:00,3618.8
12/11/2025 11:00,3534.7
12/11/2025 12:00,3416.9
12/11/2025 13:00,3588.0
12/11/2025 14:00,3862.4
12/11/2025 15:00,3713.5
12/11/2025 16:00,3815.8
12/11/2025 17:00,3923.5
12/11/2025 18:00,3908.7
12/11/2025 19:00,3918.3
12/11/2025 20:00,3971.2
12/11/2025 21:00,4068.5
12/11/2025 22:00,3817.6
12/11/2025 23:00,3809.5
13/11/2025 00:00,3918.9
13/11/2025 01:00,3748.3
13/11/2025 02:00,3838.1
13/11/2025 03:00,4171.5
13/11/2025 04:00,4220.1
13/11/2025 05:00,4290.5
13/11/2025 06:00,4364.2
13/11/2025 07:00,4389.3
13/11/2025 08:00,4262.2
13/11/2025 09:00,3936.9
13/11/2025 10:00,3798.9
13/11/2025 11:00,3556.5
13/11/2025 12:00,3298.3
13/11/2025 13:00,2858.2
13/11/2025 14:00,2575.0
13/11/2025 15:00,2116.6
13/11/2025 16:00,1780.5
13/11/2025 17:00,1227.2
13/11/2025 18:00,671.1
13/11/2025 19:00,258.6
13/11/2025 20:00,64.7
13/11/2025 21:00,98.1
13/11/2025 22:00,62.3
13/11/2025 23:00,43.7
14/11/2025 00:00,193.8
14/11/2025 01:00,588.4
14/11/2025 02:00,1065.6
14/11/2025 03:00,1163.9
14/11/2025 04:00,1232.1
14/11/2025 05:00,1431.5
14/11/2025 06:00,1852.8
14/11/2025 07:00,2027.3
14/11/2025 08:00,2025.2
14/11/2025 09:00,2176.6
14/11/2025 10:00,2406.1
14/11/2025 11:00,2503.0
14/11/2025 12:00,2571.9
14/11/2025 13:00,2536.7
14/11/2025 14:00,2529.2
14/11/2025 15:00,2627.2
14/11/2025 16:00,2716.1
14/11/2025 17:00,3142.3
14/11/2025 18:00,3339.3
14/11/2025 19:00,3228.7
14/11/2025 20:00,3223.8
14/11/2025 21:00,3222.6
14/11/2025 22:00,3343.0
14/11/2025 23:00,3346.8
15/11/2025 00:00,3265.8
15/11/2025 01:00,3106.6
15/11/2025 02:00,2901.1
15/11/2025 03:00,2709.1
15/11/2025 04:00,2665.1
15/11/2025 05:00,2543.7
15/11/2025 06:00,2646.6
15/11/2025 07:00,2556.7
15/11/2025 08:00,2497.7
15/11/2025 09:00,2400.7
15/11/2025 10:00,2027.8
15/11/2025 11:00,1927.1
15/11/2025 12:00,1973.7
15/11/2025 13:00,1911.0
15/11/2025 14:00,1791.2
15/11/2025 15:00,1696.7
15/11/2025 16:00,1499.4
15/11/2025 17:00,1150.1
15/11/2025 18:00,1141.3
15/11/2025 19:00,1446.8
15/11/2025 20:00,1530.7
15/11/2025 21:00,1465.1
15/11/2025 22:00,1514.4
15/11/2025 23:00,1466.6
16/11/2025 00:00,1280.4
16/11/2025 01:00,1346.1
16/11/2025 02:00,1613.1
16/11/2025 03:00,1885.9
16/11/2025 04:00,2077.7
16/11/2025 05:00,2241.9
16/11/2025 06:00,2555.0
16/11/2025 07:00,2791.9
16/11/2025 08:00,2770.6
16/11/2025 09:00,2303.7
16/11/2025 10:00,2231.4
16/11/2025 11:00,1978.1
16/11/2025 12:00,1821.8
16/11/2025 13:00,1694.1
16/11/2025 14:00,1797.0
16/11/2025 15:00,2433.0
16/11/2025 16:00,2292.7
16/11/2025 17:00,2088.8
16/11/2025 18:00,1861.6
16/11/2025 19:00,1885.9
16/11/2025 20:00,1767.5
16/11/2025 21:00,1865.9
16/11/2025 22:00,2021.5
16/11/2025 23:00,2209.1
17/11/2025 00:00,2760.2
17/11/2025 01:00,3219.8
17/11/2025 02:00,3575.3
17/11/2025 03:00,4185.5
17/11/2025 04:00,4401.0
17/11/2025 05:00,4403.1
17/11/2025 06:00,4433.5
17/11/2025 07:00,4439.0
17/11/2025 08:00,4442.1
17/11/2025 09:00,4421.0
17/11/2025 10:00,4495.7
17/11/2025 11:00,4378.6
17/11/2025 12:00,4094.6
17/11/2025 13:00,4010.4
17/11/2025 14:00,4081.0
17/11/2025 15:00,3909.2
17/11/2025 16:00,3845.7
17/11/2025 17:00,3290.0
17/11/2025 18:00,2481.5
17/11/2025 19:00,1875.2
17/11/2025 20:00,1768.3
17/11/2025 21:00,1609.0
17/11/2025 22:00,1502.2
17/11/2025 23:00,1695.4
18/11/2025 00:00,1514.6
18/11/2025 01:00,2191.4
18/11/2025 02:00,2688.0
18/11/2025 03:00,2675.4
18/11/2025 04:00,2394.8
18/11/2025 05:00,3029.3
18/11/2025 06:00,3313.0
18/11/2025 07:00,3457.6
18/11/2025 08:00,3605.5
18/11/2025 09:00,3168.4
18/11/2025 10:00,2871.4
18/11/2025 11:00,2607.0
18/11/2025 12:00,2777.3
18/11/2025 13:00,3191.5
18/11/2025 14:00,3218.8
18/11/2025 15:00,3051.3
18/11/2025 16:00,3120.0
18/11/2025 17:00,2250.5
18/11/2025 18:00,2225.8
18/11/2025 19:00,2137.3
18/11/2025 20:00,2299.6
18/11/2025 21:00,2476.1
18/11/2025 22:00,2541.4
18/11/2025 23:00,2420.2
19/11/2025 00:00,2630.3
19/11/2025 01:00,2518.3
19/11/2025 02:00,2750.7
19/11/2025 03:00,2450.1
19/11/2025 04:00,2114.4
19/11/2025 05:00,1626.6
19/11/2025 06:00,847.8
19/11/2025 07:00,769.9
19/11/2025 08:00,752.2
19/11/2025 09:00,690.2
19/11/2025 10:00,1045.6
19/11/2025 11:00,1659.5
19/11/2025 12:00,2782.5
19/11/2025 13:00,4088.0
19/11/2025 14:00,4354.6
19/11/2025 15:00,4377.7
19/11/2025 16:00,4431.7
19/11/2025 17:00,4429.4
19/11/2025 18:00,4435.2
19/11/2025 19:00,4323.2
19/11/2025 20:00,4174.2
19/11/2025 21:00,3436.6
19/11/2025 22:00,2985.3
19/11/2025 23:00,3046.4
20/11/2025 00:00,2203.1
20/11/2025 01:00,2586.1
20/11/2025 02:00,1734.0
20/11/2025 03:00,1213.5
20/11/2025 04:00,782.7
20/11/2025 05:00,839.8
20/11/2025 06:00,1544.7
20/11/2025 07:00,1456.4
20/11/2025 08:00,1311.8
20/11/2025 09:00,1475.4
20/11/2025 10:00,1246.7
20/11/2025 11:00,1285.7
20/11/2025 12:00,1136.4
20/11/2025 13:00,1276.0
20/11/2025 14:00,1393.2
20/11/2025 15:00,961.7
20/11/2025 16:00,1344.9
20/11/2025 17:00,1463.3
20/11/2025 18:00,1118.3
20/11/2025 19:00,1216.4
20/11/2025 20:00,1093.3
20/11/2025 21:00,1451.1
20/11/2025 22:00,1002.2
20/11/2025 23:00,611.8
21/11/2025 00:00,1169.0
21/11/2025 01:00,1100.4
21/11/2025 02:00,1151.9
21/11/2025 03:00,1286.9
21/11/2025 04:00,1799.9
21/11/2025 05:00,1595.0
21/11/2025 06:00,1079.1
21/11/2025 07:00,884.5
21/11/2025 08:00,906.5
21/11/2025 09:00,881.1
21/11/2025 10:00,465.6
21/11/2025 11:00,230.1
21/11/2025 12:00,68.2
21/11/2025 13:00,40.7
21/11/2025 14:00,38.3
21/11/2025 15:00,143.1
21/11/2025 16:00,229.8
21/11/2025 17:00,353.1
21/11/2025 18:00,340.2
21/11/2025 19:00,540.0
21/11/2025 20:00,759.3
21/11/2025 21:00,897.7
21/11/2025 22:00,485.8
21/11/2025 23:00,1105.4
22/11/2025 00:00,1702.7
22/11/2025 01:00,1770.5
22/11/2025 02:00,2521.1
22/11/2025 03:00,2958.0
22/11/2025 04:00,3409.5
22/11/2025 05:00,3683.9
22/11/2025 06:00,4019.5
22/11/2025 07:00,3912.3
22/11/2025 08:00,3851.0
22/11/2025 09:00,4211.8
22/11/2025 10:00,4220.0
22/11/2025 11:00,4172.6
22/11/2025 12:00,4350.6
22/11/2025 13:00,4392.7
22/11/2025 14:00,4408.2
22/11/2025 15:00,4414.1
22/11/2025 16:00,4455.2
22/11/2025 17:00,4462.4
22/11/2025 18:00,4460.6
22/11/2025 19:00,4445.4
22/11/2025 20:00,4467.7
22/11/2025 21:00,4480.8
22/11/2025 22:00,4479.0
22/11/2025 23:00,4478.1
23/11/2025 00:00,4474.1
23/11/2025 01:00,4471.7
23/11/2025 02:00,4481.0
23/11/2025 03:00,4467.4
23/11/2025 04:00,4459.7
23/11/2025 05:00,4451.8
23/11/2025 06:00,4454.5
23/11/2025 07:00,4470.9
23/11/2025 08:00,4470.5
23/11/2025 09:00,4482.3
23/11/2025 10:00,4483.7
23/11/2025 11:00,4337.0
23/11/2025 12:00,4406.3
23/11/2025 13:00,4456.5
23/11/2025 14:00,4445.7
23/11/2025 15:00,4436.6
23/11/2025 16:00,4295.2
23/11/2025 17:00,4389.3
23/11/2025 18:00,4376.9
23/11/2025 19:00,4358.4
23/11/2025 20:00,4347.2
23/11/2025 21:00,4352.6
23/11/2025 22:00,4251.3
23/11/2025 23:00,3854.0
24/11/2025 00:00,3703.8
24/11/2025 01:00,3411.8
24/11/2025 02:00,3425.0
24/11/2025 03:00,3264.4
24/11/2025 04:00,2599.2
24/11/2025 05:00,2497.0
24/11/2025 06:00,2072.5
24/11/2025 07:00,2219.9
24/11/2025 08:00,2773.6
24/11/2025 09:00,2931.1
24/11/2025 10:00,2838.6
24/11/2025 11:00,2349.7
24/11/2025 12:00,2158.7
24/11/2025 13:00,1917.4
24/11/2025 14:00,1186.0
24/11/2025 15:00,710.6
24/11/2025 16:00,406.3
24/11/2025 17:00,246.3
24/11/2025 18:00,143.8
24/11/2025 19:00,219.3
24/11/2025 20:00,305.9
24/11/2025 21:00,466.2
24/11/2025 22:00,717.5
24/11/2025 23:00,660.3
25/11/2025 00:00,580.7
25/11/2025 01:00,845.0
25/11/2025 02:00,814.9
25/11/2025 03:00,1181.8
25/11/2025 04:00,2716.6
25/11/2025 05:00,3749.6
25/11/2025 06:00,4138.9
25/11/2025 07:00,4174.0
25/11/2025 08:00,4347.1
25/11/2025 09:00,4339.0
25/11/2025 10:00,4302.0
25/11/2025 11:00,4196.6
25/11/2025 12:00,4157.6
25/11/2025 13:00,4269.3
25/11/2025 14:00,4192.7
25/11/2025 15:00,4191.2
25/11/2025 16:00,4036.6
25/11/2025 17:00,3797.0
25/11/2025 18:00,3730.7
25/11/2025 19:00,3721.8
25/11/2025 20:00,3565.7
25/11/2025 21:00,3574.2
25/11/2025 22:00,3663.5
25/11/2025 23:00,3422.7
26/11/2025 00:00,2975.6
26/11/2025 01:00,2398.4
26/11/2025 02:00,2024.1
26/11/2025 03:00,1752.2
26/11/2025 04:00,1589.3
26/11/2025 05:00,1419.2
26/11/2025 06:00,1134.4
26/11/2025 07:00,733.2
26/11/2025 08:00,494.7
26/11/2025 09:00,361.7
26/11/2025 10:00,295.1
26/11/2025 11:00,201.5
26/11/2025 12:00,41.8
26/11/2025 13:00,39.5
26/11/2025 14:00,65.7
26/11/2025 15:00,118.8
26/11/2025 16:00,132.1
26/11/2025 17:00,210.0
26/11/2025 18:00,305.8
26/11/2025 19:00,604.6
26/11/2025 20:00,1086.7
26/11/2025 21:00,1538.5
26/11/2025 22:00,2307.3
26/11/2025 23:00,2817.9
27/11/2025 00:00,3381.6
27/11/2025 01:00,4032.3
27/11/2025 02:00,4416.9
27/11/2025 03:00,4493.4
27/11/2025 04:00,4495.1
27/11/2025 05:00,4491.9
27/11/2025 06:00,4506.4
27/11/2025 07:00,4516.5
27/11/2025 08:00,4520.9
27/11/2025 09:00,4517.3
27/11/2025 10:00,4487.2
27/11/2025 11:00,4380.7
27/11/2025 12:00,4307.3
27/11/2025 13:00,4254.7
27/11/2025 14:00,4370.5
27/11/2025 15:00,4467.1
27/11/2025 16:00,4504.1
27/11/2025 17:00,4518.6
27/11/2025 18:00,4516.9
27/11/2025 19:00,4522.8
27/11/2025 20:00,4517.4
27/11/2025 21:00,4512.7
27/11/2025 22:00,4510.3
27/11/2025 23:00,4483.9
28/11/2025 00:00,4406.6
28/11/2025 01:00,4361.3
28/11/2025 02:00,4267.8
28/11/2025 03:00,4211.8
28/11/2025 04:00,4194.3
28/11/2025 05:00,4259.3
28/11/2025 06:00,3697.0
28/11/2025 07:00,2493.8
28/11/2025 08:00,2070.5
28/11/2025 09:00,2037.0
28/11/2025 10:00,2583.3
28/11/2025 11:00,2995.4
28/11/2025 12:00,3141.6
28/11/2025 13:00,3259.9
28/11/2025 14:00,3558.7
28/11/2025 15:00,3879.4
28/11/2025 16:00,4104.2
28/11/2025 17:00,4348.6
28/11/2025 18:00,4340.5
28/11/2025 19:00,4305.0
28/11/2025 20:00,4300.1
28/11/2025 21:00,4276.8
28/11/2025 22:00,4317.1
28/11/2025 23:00,3918.8
29/11/2025 00:00,3280.5
29/11/2025 01:00,2566.1
29/11/2025 02:00,2178.5
29/11/2025 03:00,2314.7
29/11/2025 04:00,2881.5
29/11/2025 05:00,3144.9
29/11/2025 06:00,3299.0
29/11/2025 07:00,3640.2
29/11/2025 08:00,4110.1
29/11/2025 09:00,4235.4
29/11/2025 10:00,4311.4
29/11/2025 11:00,4402.6
29/11/2025 12:00,4438.1
29/11/2025 13:00,4424.6
29/11/2025 14:00,4436.4
29/11/2025 15:00,4429.3
29/11/2025 16:00,4432.7
29/11/2025 17:00,4447.8
29/11/2025 18:00,4362.5
29/11/2025 19:00,4217.0
29/11/2025 20:00,4210.2
29/11/2025 21:00,3717.4
29/11/2025 22:00,3509.4
29/11/2025 23:00,3777.5
30/11/2025 00:00,4128.9
30/11/2025 01:00,4334.5
30/11/2025 02:00,4311.9
30/11/2025 03:00,3947.9
30/11/2025 04:00,3929.8
30/11/2025 05:00,3691.0
30/11/2025 06:00,3859.0
30/11/2025 07:00,3824.6
30/11/2025 08:00,3673.8
30/11/2025 09:00,3779.0
30/11/2025 10:00,3831.5
30/11/2025 11:00,4033.1
30/11/2025 12:00,3989.6
30/11/2025 13:00,3686.9
30/11/2025 14:00,3561.1
30/11/2025 15:00,3343.5
30/11/2025 16:00,3091.9
30/11/2025 17:00,2744.2
30/11/2025 18:00,2679.2
30/11/2025 19:00,2824.1
30/11/2025 20:00,2387.7
30/11/2025 21:00,2265.0
30/11/2025 22:00,2140.0
30/11/2025 23:00,2399.2
01/12/2025 00:00,2555.4
01/12/2025 01:00,3017.2
01/12/2025 02:00,3675.2
01/12/2025 03:00,4194.2
01/12/2025 04:00,4384.2
01/12/2025 05:00,4464.2
01/12/2025 06:00,4477.9
01/12/2025 07:00,4494.8
01/12/2025 08:00,4496.2
01/12/2025 09:00,4493.8
01/12/2025 10:00,4505.0
01/12/2025 11:00,4504.0
01/12/2025 12:00,4501.3
01/12/2025 13:00,4500.3
01/12/2025 14:00,4500.1
01/12/2025 15:00,4498.2
01/12/2025 16:00,4483.3
01/12/2025 17:00,4469.4
01/12/2025 18:00,4462.1
01/12/2025 19:00,4451.5
01/12/2025 20:00,4454.4
01/12/2025 21:00,4449.5
01/12/2025 22:00,4446.7
01/12/2025 23:00,4447.8
02/12/2025 00:00,4435.9
02/12/2025 01:00,4446.5
02/12/2025 02:00,4446.9
02/12/2025 03:00,4442.9
02/12/2025 04:00,4444.3
02/12/2025 05:00,4448.5
02/12/2025 06:00,4450.3
02/12/2025 07:00,4417.3
02/12/2025 08:00,4302.6
02/12/2025 09:00,4111.8
02/12/2025 10:00,4014.0
02/12/2025 11:00,3791.0
02/12/2025 12:00,3427.8
02/12/2025 13:00,2857.1
02/12/2025 14:00,2386.9
02/12/2025 15:00,2262.2
02/12/2025 16:00,2108.6
02/12/2025 17:00,2163.3
02/12/2025 18:00,1887.1
02/12/2025 19:00,1704.5
02/12/2025 20:00,1595.2
02/12/2025 21:00,1430.6
02/12/2025 22:00,1405.3
02/12/2025 23:00,1293.0
03/12/2025 00:00,898.0
03/12/2025 01:00,869.6
03/12/2025 02:00,967.3
03/12/2025 03:00,838.5
03/12/2025 04:00,837.4
03/12/2025 05:00,907.6
03/12/2025 06:00,722.6
03/12/2025 07:00,776.6
03/12/2025 08:00,842.2
03/12/2025 09:00,924.5
03/12/2025 10:00,1022.9
03/12/2025 11:00,942.5
03/12/2025 12:00,953.4
03/12/2025 13:00,963.4
03/12/2025 14:00,1026.0
03/12/2025 15:00,1150.1
03/12/2025 16:00,1199.0
03/12/2025 17:00,1071.2
03/12/2025 18:00,1205.4
03/12/2025 19:00,1268.2
03/12/2025 20:00,1371.3
03/12/2025 21:00,1404.3
03/12/2025 22:00,1414.5
03/12/2025 23:00,1436.5
04/12/2025 00:00,1424.4
04/12/2025 01:00,1442.1
04/12/2025 02:00,1528.8
04/12/2025 03:00,1613.0
04/12/2025 04:00,1714.5
04/12/2025 05:00,2090.1
04/12/2025 06:00,2432.6
04/12/2025 07:00,2735.7
04/12/2025 08:00,2890.9
04/12/2025 09:00,3213.3
04/12/2025 10:00,3496.4
04/12/2025 11:00,3473.4
04/12/2025 12:00,3526.1
04/12/2025 13:00,3668.6
04/12/2025 14:00,3845.6
04/12/2025 15:00,4054.5
04/12/2025 16:00,4156.6
04/12/2025 17:00,4304.1
04/12/2025 18:00,4182.7
04/12/2025 19:00,3841.9
04/12/2025 20:00,3462.5
04/12/2025 21:00,2863.8
04/12/2025 22:00,2293.7
04/12/2025 23:00,1732.3
05/12/2025 00:00,1281.8
05/12/2025 01:00,1005.0
05/12/2025 02:00,587.9
05/12/2025 03:00,537.9
05/12/2025 04:00,429.0
05/12/2025 05:00,463.0
05/12/2025 06:00,423.9
05/12/2025 07:00,347.5
05/12/2025 08:00,343.7
05/12/2025 09:00,356.9
05/12/2025 10:00,382.5
05/12/2025 11:00,517.8
05/12/2025 12:00,617.1
05/12/2025 13:00,709.4
05/12/2025 14:00,1101.7
05/12/2025 15:00,1575.0
05/12/2025 16:00,2235.6
05/12/2025 17:00,3032.5
05/12/2025 18:00,3452.5
05/12/2025 19:00,3708.8
05/12/2025 20:00,3872.8
05/12/2025 21:00,3932.6
05/12/2025 22:00,3930.2
05/12/2025 23:00,3935.9
06/12/2025 00:00,3926.3
06/12/2025 01:00,3933.5
06/12/2025 02:00,3926.7
06/12/2025 03:00,3932.0
06/12/2025 04:00,3931.6
06/12/2025 05:00,3927.1
06/12/2025 06:00,3930.4
06/12/2025 07:00,3921.6
06/12/2025 08:00,3916.6
06/12/2025 09:00,3904.7
06/12/2025 10:00,3899.7
06/12/2025 11:00,4063.0
06/12/2025 12:00,4383.1
06/12/2025 13:00,4429.7
06/12/2025 14:00,4377.0
06/12/2025 15:00,4368.4
06/12/2025 16:00,4360.2
06/12/2025 17:00,4401.6
06/12/2025 18:00,4419.5
06/12/2025 19:00,4446.0
06/12/2025 20:00,4412.1
06/12/2025 21:00,4388.8
06/12/2025 22:00,4357.3
06/12/2025 23:00,4269.8
07/12/2025 00:00,4097.9
07/12/2025 01:00,3980.3
07/12/2025 02:00,3909.3
07/12/2025 03:00,3625.4
07/12/2025 04:00,3251.5
07/12/2025 05:00,2593.5
07/12/2025 06:00,2096.1
07/12/2025 07:00,1989.2
07/12/2025 08:00,2263.2
07/12/2025 09:00,2266.8
07/12/2025 10:00,1996.1
07/12/2025 11:00,2133.5
07/12/2025 12:00,2323.2
07/12/2025 13:00,2666.7
07/12/2025 14:00,3120.9
07/12/2025 15:00,3480.6
07/12/2025 16:00,3926.8
07/12/2025 17:00,4171.2
07/12/2025 18:00,4404.9
07/12/2025 19:00,4455.4
07/12/2025 20:00,4475.1
07/12/2025 21:00,4471.3
07/12/2025 22:00,4459.7
07/12/2025 23:00,4428.7
08/12/2025 00:00,4297.0
08/12/2025 01:00,4381.5
08/12/2025 02:00,4277.7
08/12/2025 03:00,4004.8
08/12/2025 04:00,4223.5
08/12/2025 05:00,4183.9
08/12/2025 06:00,4137.1
08/12/2025 07:00,3809.5
08/12/2025 08:00,3868.0
08/12/2025 09:00,4074.9
08/12/2025 10:00,4223.8
08/12/2025 11:00,4346.1
08/12/2025 12:00,4379.3
08/12/2025 13:00,4383.6
08/12/2025 14:00,4392.2
08/12/2025 15:00,4375.5
08/12/2025 16:00,4364.3
08/12/2025 17:00,4353.3
08/12/2025 18:00,4342.5
08/12/2025 19:00,4314.1
08/12/2025 20:00,4311.8
08/12/2025 21:00,4289.9
08/12/2025 22:00,3806.1
08/12/2025 23:00,3293.2
09/12/2025 00:00,3067.3
09/12/2025 01:00,3040.1
09/12/2025 02:00,2979.3
09/12/2025 03:00,3077.5
09/12/2025 04:00,3481.2
09/12/2025 05:00,3645.5
09/12/2025 06:00,3843.7
09/12/2025 07:00,4001.8
09/12/2025 08:00,4156.8
09/12/2025 09:00,4153.5
09/12/2025 10:00,3722.6
09/12/2025 11:00,3957.2
09/12/2025 12:00,4154.7
09/12/2025 13:00,4279.8
09/12/2025 14:00,4332.4
09/12/2025 15:00,4386.5
09/12/2025 16:00,4408.8
09/12/2025 17:00,4427.4
09/12/2025 18:00,4424.8
09/12/2025 19:00,4403.3
09/12/2025 20:00,4398.9
09/12/2025 21:00,4382.0
09/12/2025 22:00,4382.1
09/12/2025 23:00,4367.1
10/12/2025 00:00,4353.0
10/12/2025 01:00,4311.0
10/12/2025 02:00,4243.2
10/12/2025 03:00,4110.2
10/12/2025 04:00,3947.8
10/12/2025 05:00,4057.2
10/12/2025 06:00,4203.5
10/12/2025 07:00,4167.0
10/12/2025 08:00,4019.4
10/12/2025 09:00,4070.7
10/12/2025 10:00,4157.1
10/12/2025 11:00,4192.0
10/12/2025 12:00,4251.6
10/12/2025 13:00,4279.4
10/12/2025 14:00,4261.2
10/12/2025 15:00,4311.9
10/12/2025 16:00,4369.2
10/12/2025 17:00,4385.0
10/12/2025 18:00,4290.4
10/12/2025 19:00,3812.0
10/12/2025 20:00,3593.8
10/12/2025 21:00,3723.3
10/12/2025 22:00,3734.7
10/12/2025 23:00,3615.4
11/12/2025 00:00,3598.7
11/12/2025 01:00,3516.9
11/12/2025 02:00,3418.0
11/12/2025 03:00,3173.2
11/12/2025 04:00,3041.8
11/12/2025 05:00,2771.8
11/12/2025 06:00,2658.6
11/12/2025 07:00,2733.5
11/12/2025 08:00,2864.0
11/12/2025 09:00,3059.0
11/12/2025 10:00,2907.8
11/12/2025 11:00,2868.6
11/12/2025 12:00,2724.3
11/12/2025 13:00,2140.3
11/12/2025 14:00,1856.1
11/12/2025 15:00,2031.4
11/12/2025 16:00,2167.3
11/12/2025 17:00,2645.4
11/12/2025 18:00,3068.3
11/12/2025 19:00,3197.3
11/12/2025 20:00,2901.5
11/12/2025 21:00,2347.1
11/12/2025 22:00,1839.6
11/12/2025 23:00,1472.7
12/12/2025 00:00,966.7
12/12/2025 01:00,781.2
12/12/2025 02:00,759.1
12/12/2025 03:00,1169.8
12/12/2025 04:00,1744.5
12/12/2025 05:00,1889.7
12/12/2025 06:00,1723.8
12/12/2025 07:00,1656.5
12/12/2025 08:00,1680.5
12/12/2025 09:00,1331.3
12/12/2025 10:00,1115.6
12/12/2025 11:00,929.3
12/12/2025 12:00,1321.2
12/12/2025 13:00,1284.0
12/12/2025 14:00,1210.1
12/12/2025 15:00,1349.8
12/12/2025 16:00,1417.2
12/12/2025 17:00,1716.5
12/12/2025 18:00,1959.5
12/12/2025 19:00,2405.9
12/12/2025 20:00,2954.6
12/12/2025 21:00,3313.4
12/12/2025 22:00,3355.5
12/12/2025 23:00,3236.6
13/12/2025 00:00,3051.8
13/12/2025 01:00,2619.0
13/12/2025 02:00,1683.5
13/12/2025 03:00,1748.9
13/12/2025 04:00,1137.8
13/12/2025 05:00,938.3
13/12/2025 06:00,747.0
13/12/2025 07:00,473.4
13/12/2025 08:00,305.1
13/12/2025 09:00,376.1
13/12/2025 10:00,563.2
13/12/2025 11:00,596.6
13/12/2025 12:00,563.8
13/12/2025 13:00,575.6
13/12/2025 14:00,579.6
13/12/2025 15:00,522.0
13/12/2025 16:00,520.8
13/12/2025 17:00,747.2
13/12/2025 18:00,971.9
13/12/2025 19:00,1209.9
13/12/2025 20:00,1465.0
13/12/2025 21:00,1781.7
13/12/2025 22:00,2042.8
13/12/2025 23:00,2121.5
14/12/2025 00:00,2302.5
14/12/2025 01:00,2311.2
14/12/2025 02:00,2291.0
14/12/2025 03:00,2398.8
14/12/2025 04:00,2450.3
14/12/2025 05:00,2563.8
14/12/2025 06:00,2892.1
14/12/2025 07:00,3240.4
14/12/2025 08:00,3454.3
14/12/2025 09:00,3527.8
14/12/2025 10:00,3569.8
14/12/2025 11:00,3825.3
14/12/2025 12:00,3873.6
14/12/2025 13:00,3812.9
14/12/2025 14:00,4027.5
14/12/2025 15:00,3962.4
14/12/2025 16:00,3863.9
14/12/2025 17:00,4006.4
14/12/2025 18:00,4054.8
14/12/2025 19:00,4135.4
14/12/2025 20:00,4243.2
14/12/2025 21:00,4225.9
14/12/2025 22:00,4293.3
14/12/2025 23:00,4317.6
15/12/2025 00:00,4276.0
15/12/2025 01:00,4281.7
15/12/2025 02:00,4190.9
15/12/2025 03:00,4116.4
15/12/2025 04:00,4155.1
15/12/2025 05:00,4243.7
15/12/2025 06:00,4259.2
15/12/2025 07:00,4287.9
15/12/2025 08:00,4249.0
15/12/2025 09:00,4316.8
15/12/2025 10:00,4327.3
15/12/2025 11:00,4242.8
15/12/2025 12:00,4222.3
15/12/2025 13:00,4172.4
15/12/2025 14:00,4026.4
15/12/2025 15:00,3913.3
15/12/2025 16:00,3449.5
15/12/2025 17:00,2414.4
15/12/2025 18:00,2548.8
15/12/2025 19:00,2933.4
15/12/2025 20:00,3250.9
15/12/2025 21:00,3140.3
15/12/2025 22:00,3159.8
15/12/2025 23:00,2822.9
16/12/2025 00:00,2473.1
16/12/2025 01:00,2208.7
16/12/2025 02:00,1886.4
16/12/2025 03:00,1801.3
16/12/2025 04:00,1720.0
16/12/2025 05:00,1704.0
16/12/2025 06:00,2020.1
16/12/2025 07:00,2058.1
16/12/2025 08:00,1616.9
16/12/2025 09:00,1729.3
16/12/2025 10:00,1996.1
16/12/2025 11:00,2037.2
16/12/2025 12:00,1689.3
16/12/2025 13:00,1462.9
16/12/2025 14:00,1316.7
16/12/2025 15:00,1061.1
16/12/2025 16:00,857.5
16/12/2025 17:00,791.3
16/12/2025 18:00,685.3
16/12/2025 19:00,503.1
16/12/2025 20:00,523.6
16/12/2025 21:00,454.2
16/12/2025 22:00,295.1
16/12/2025 23:00,304.4
17/12/2025 00:00,351.0
17/12/2025 01:00,372.0
17/12/2025 02:00,245.7
17/12/2025 03:00,177.6
17/12/2025 04:00,203.3
17/12/2025 05:00,304.4
17/12/2025 06:00,289.5
17/12/2025 07:00,170.9
17/12/2025 08:00,38.1
17/12/2025 09:00,66.4
17/12/2025 10:00,215.1
17/12/2025 11:00,237.7
17/12/2025 12:00,450.3
17/12/2025 13:00,730.5
17/12/2025 14:00,1437.3
17/12/2025 15:00,1935.5
17/12/2025 16:00,2422.5
17/12/2025 17:00,3112.7
17/12/2025 18:00,3583.4
17/12/2025 19:00,4000.8
17/12/2025 20:00,4221.0
17/12/2025 21:00,4339.0
17/12/2025 22:00,4415.1
17/12/2025 23:00,4480.5
18/12/2025 00:00,4454.7
18/12/2025 01:00,4480.4
18/12/2025 02:00,4481.7
18/12/2025 03:00,4454.4
18/12/2025 04:00,4448.7
18/12/2025 05:00,4434.0
18/12/2025 06:00,4465.5
18/12/2025 07:00,4478.9
18/12/2025 08:00,4470.7
18/12/2025 09:00,4481.0
18/12/2025 10:00,4462.4
18/12/2025 11:00,4422.6
18/12/2025 12:00,4371.8
18/12/2025 13:00,4324.3
18/12/2025 14:00,4367.7
18/12/2025 15:00,4434.2
18/12/2025 16:00,4426.5
18/12/2025 17:00,4443.4
18/12/2025 18:00,4471.8
18/12/2025 19:00,4451.2
18/12/2025 20:00,4452.3
18/12/2025 21:00,4430.2
18/12/2025 22:00,4446.2
18/12/2025 23:00,4394.2
19/12/2025 00:00,4388.2
19/12/2025 01:00,4346.7
19/12/2025 02:00,4104.9
19/12/2025 03:00,4009.3
19/12/2025 04:00,3692.2
19/12/2025 05:00,3228.9
19/12/2025 06:00,2367.4
19/12/2025 07:00,1992.5
19/12/2025 08:00,1897.3
19/12/2025 09:00,1747.4
19/12/2025 10:00,1800.7
19/12/2025 11:00,2130.5
19/12/2025 12:00,2672.8
19/12/2025 13:00,3077.0
19/12/2025 14:00,3144.4
19/12/2025 15:00,3124.3
19/12/2025 16:00,3088.7
19/12/2025 17:00,3030.4
19/12/2025 18:00,2784.2
19/12/2025 19:00,2630.1
19/12/2025 20:00,2433.1
19/12/2025 21:00,2142.9
19/12/2025 22:00,1898.7
19/12/2025 23:00,1586.5
20/12/2025 00:00,1237.8
20/12/2025 01:00,1004.5
20/12/2025 02:00,887.6
20/12/2025 03:00,746.4
20/12/2025 04:00,572.4
20/12/2025 05:00,552.7
20/12/2025 06:00,401.5
20/12/2025 07:00,360.7
20/12/2025 08:00,316.5
20/12/2025 09:00,305.3
20/12/2025 10:00,243.3
20/12/2025 11:00,238.4
20/12/2025 12:00,270.4
20/12/2025 13:00,326.0
20/12/2025 14:00,403.5
20/12/2025 15:00,531.6
20/12/2025 16:00,843.0
20/12/2025 17:00,1095.3
20/12/2025 18:00,1391.5
20/12/2025 19:00,1798.7
20/12/2025 20:00,1967.1
20/12/2025 21:00,1912.0
20/12/2025 22:00,1797.1
20/12/2025 23:00,1726.0
21/12/2025 00:00,1469.2
21/12/2025 01:00,1199.6
21/12/2025 02:00,1151.7
21/12/2025 03:00,1202.3
21/12/2025 04:00,906.0
21/12/2025 05:00,857.1
21/12/2025 06:00,828.4
21/12/2025 07:00,935.8
21/12/2025 08:00,979.4
21/12/2025 09:00,936.4
21/12/2025 10:00,968.1
21/12/2025 11:00,914.1
21/12/2025 12:00,830.9
21/12/2025 13:00,871.2
21/12/2025 14:00,890.8
21/12/2025 15:00,1087.2
21/12/2025 16:00,1595.6
21/12/2025 17:00,2080.1
21/12/2025 18:00,2624.6
21/12/2025 19:00,2981.6
21/12/2025 20:00,3206.9
21/12/2025 21:00,3507.2
21/12/2025 22:00,3477.7
21/12/2025 23:00,3504.8
22/12/2025 00:00,3400.8
22/12/2025 01:00,3281.0
22/12/2025 02:00,2963.1
22/12/2025 03:00,2932.0
22/12/2025 04:00,2900.9
22/12/2025 05:00,2865.5
22/12/2025 06:00,2859.2
22/12/2025 07:00,2921.3
22/12/2025 08:00,2680.8
22/12/2025 09:00,2510.2
22/12/2025 10:00,2400.7
22/12/2025 11:00,2084.9
22/12/2025 12:00,1934.3
22/12/2025 13:00,1824.3
22/12/2025 14:00,1698.4
22/12/2025 15:00,1741.7
22/12/2025 16:00,2157.9
22/12/2025 17:00,2458.8
22/12/2025 18:00,2516.7
22/12/2025 19:00,2461.1
22/12/2025 20:00,2437.1
22/12/2025 21:00,2762.1
22/12/2025 22:00,2713.5
22/12/2025 23:00,2639.4
23/12/2025 00:00,2613.6
23/12/2025 01:00,2449.9
23/12/2025 02:00,2653.6
23/12/2025 03:00,3213.7
23/12/2025 04:00,3284.5
23/12/2025 05:00,3302.7
23/12/2025 06:00,3395.6
23/12/2025 07:00,3437.3
23/12/2025 08:00,3510.0
23/12/2025 09:00,3575.5
23/12/2025 10:00,3705.6
23/12/2025 11:00,3990.0
23/12/2025 12:00,4088.7
23/12/2025 13:00,4182.6
23/12/2025 14:00,4282.3
23/12/2025 15:00,4364.3
23/12/2025 16:00,4461.1
23/12/2025 17:00,4498.4
23/12/2025 18:00,4517.7
23/12/2025 19:00,4502.6
23/12/2025 20:00,4516.5
23/12/2025 21:00,4445.9
23/12/2025 22:00,4519.4
23/12/2025 23:00,4427.3
24/12/2025 00:00,4435.6
24/12/2025 01:00,4370.3
24/12/2025 02:00,4312.2
24/12/2025 03:00,4183.4
24/12/2025 04:00,4261.5
24/12/2025 05:00,4244.2
24/12/2025 06:00,4250.9
24/12/2025 07:00,4313.1
24/12/2025 08:00,4373.3
24/12/2025 09:00,4422.7
24/12/2025 10:00,4366.1
24/12/2025 11:00,4301.4
24/12/2025 12:00,4253.4
24/12/2025 13:00,4267.8
24/12/2025 14:00,4344.2
24/12/2025 15:00,4417.5
24/12/2025 16:00,4462.9
24/12/2025 17:00,4445.8
24/12/2025 18:00,4389.1
24/12/2025 19:00,4374.2
24/12/2025 20:00,4373.9
24/12/2025 21:00,4365.8
24/12/2025 22:00,4358.2
24/12/2025 23:00,4328.5
25/12/2025 00:00,4338.3
25/12/2025 01:00,4371.6
25/12/2025 02:00,4332.9
25/12/2025 03:00,4350.0
25/12/2025 04:00,4360.9
25/12/2025 05:00,4330.3
25/12/2025 06:00,4383.7
25/12/2025 07:00,4378.3
25/12/2025 08:00,4349.4
25/12/2025 09:00,4288.5
25/12/2025 10:00,4214.4
25/12/2025 11:00,4210.2
25/12/2025 12:00,4149.0
25/12/2025 13:00,4076.8
25/12/2025 14:00,3980.7
25/12/2025 15:00,4033.0
25/12/2025 16:00,4057.6
25/12/2025 17:00,4050.7
25/12/2025 18:00,3992.2
25/12/2025 19:00,3940.6
25/12/2025 20:00,3866.1
25/12/2025 21:00,3754.2
25/12/2025 22:00,3445.7
25/12/2025 23:00,2985.4
26/12/2025 00:00,2892.5
26/12/2025 01:00,2740.4
26/12/2025 02:00,2672.6
26/12/2025 03:00,2455.5
26/12/2025 04:00,2568.5
26/12/2025 05:00,2688.9
26/12/2025 06:00,2453.8
26/12/2025 07:00,2450.9
26/12/2025 08:00,2433.9
26/12/2025 09:00,2092.0
26/12/2025 10:00,2123.0
26/12/2025 11:00,2410.2
26/12/2025 12:00,2153.0
26/12/2025 13:00,1811.6
26/12/2025 14:00,2085.4
26/12/2025 15:00,2196.3
26/12/2025 16:00,2522.0
26/12/2025 17:00,2914.2
26/12/2025 18:00,2733.0
26/12/2025 19:00,2535.3
26/12/2025 20:00,1973.9
26/12/2025 21:00,1908.0
26/12/2025 22:00,2138.2
26/12/2025 23:00,2088.9
27/12/2025 00:00,2141.2
27/12/2025 01:00,2366.1
27/12/2025 02:00,2414.8
27/12/2025 03:00,2070.2
27/12/2025 04:00,2047.6
27/12/2025 05:00,2094.7
27/12/2025 06:00,2482.8
27/12/2025 07:00,2722.8
27/12/2025 08:00,3316.4
27/12/2025 09:00,3060.4
27/12/2025 10:00,2946.2
27/12/2025 11:00,2921.7
27/12/2025 12:00,3024.4
27/12/2025 13:00,3001.0
27/12/2025 14:00,3097.5
27/12/2025 15:00,3065.9
27/12/2025 16:00,3203.9
27/12/2025 17:00,3369.4
27/12/2025 18:00,3243.9
27/12/2025 19:00,2932.8
27/12/2025 20:00,2744.3
27/12/2025 21:00,2865.6
27/12/2025 22:00,2632.3
27/12/2025 23:00,2067.6
28/12/2025 00:00,1793.3
28/12/2025 01:00,1821.3
28/12/2025 02:00,2050.3
28/12/2025 03:00,1931.1
28/12/2025 04:00,1556.6
28/12/2025 05:00,970.4
28/12/2025 06:00,759.4
28/12/2025 07:00,623.5
28/12/2025 08:00,451.9
28/12/2025 09:00,395.1
28/12/2025 10:00,397.1
28/12/2025 11:00,423.4
28/12/2025 12:00,477.3
28/12/2025 13:00,648.6
28/12/2025 14:00,889.0
28/12/2025 15:00,1076.8
28/12/2025 16:00,806.4
28/12/2025 17:00,522.3
28/12/2025 18:00,442.0
28/12/2025 19:00,445.0
28/12/2025 20:00,356.2
28/12/2025 21:00,431.8
28/12/2025 22:00,556.8
28/12/2025 23:00,817.7
29/12/2025 00:00,932.7
29/12/2025 01:00,1143.8
29/12/2025 02:00,1278.3
29/12/2025 03:00,1413.5
29/12/2025 04:00,1636.9
29/12/2025 05:00,1675.6
29/12/2025 06:00,1680.2
29/12/2025 07:00,1594.4
29/12/2025 08:00,1399.2
29/12/2025 09:00,1271.3
29/12/2025 10:00,1139.7
29/12/2025 11:00,1033.7
29/12/2025 12:00,1075.2
29/12/2025 13:00,1235.2
29/12/2025 14:00,1750.4
29/12/2025 15:00,1861.4
29/12/2025 16:00,2067.1
29/12/2025 17:00,2272.8
29/12/2025 18:00,2542.5
29/12/2025 19:00,2649.9
29/12/2025 20:00,3116.9
29/12/2025 21:00,3464.6
29/12/2025 22:00,3181.2
29/12/2025 23:00,3292.3
30/12/2025 00:00,3259.1
30/12/2025 01:00,3199.7
30/12/2025 02:00,3124.7
30/12/2025 03:00,3417.3
30/12/2025 04:00,3346.7
30/12/2025 05:00,3211.8
30/12/2025 06:00,3148.4
30/12/2025 07:00,3008.5
30/12/2025 08:00,2818.3
30/12/2025 09:00,2381.0
30/12/2025 10:00,2420.7
30/12/2025 11:00,1910.1
30/12/2025 12:00,2005.4
30/12/2025 13:00,1817.7
30/12/2025 14:00,1455.3
30/12/2025 15:00,1638.0
30/12/2025 16:00,1385.2
30/12/2025 17:00,1369.5
30/12/2025 18:00,1398.5
30/12/2025 19:00,1424.1
30/12/2025 20:00,1386.5
30/12/2025 21:00,1222.6
30/12/2025 22:00,1303.7
30/12/2025 23:00,1344.7
31/12/2025 00:00,1409.6
31/12/2025 01:00,1371.3
31/12/2025 02:00,1386.1
31/12/2025 03:00,1624.9
31/12/2025 04:00,1873.3
31/12/2025 05:00,2172.3
31/12/2025 06:00,2296.0
31/12/2025 07:00,2534.8
31/12/2025 08:00,3057.7
31/12/2025 09:00,3204.2
31/12/2025 10:00,3317.8
31/12/2025 11:00,2856.3
31/12/2025 12:00,3248.2
31/12/2025 13:00,3078.2
31/12/2025 14:00,3349.7
31/12/2025 15:00,3463.9
31/12/2025 16:00,3234.2
31/12/2025 17:00,3050.1
31/12/2025 18:00,3313.7
31/12/2025 19:00,3656.2
31/12/2025 20:00,3534.2
31/12/2025 21:00,3493.1
31/12/2025 22:00,3834.5
31/12/2025 23:00,4141.1
00/01/1900 00:00,#DIV/0!
